MemberId,Name,Signature,StartLine,EndLine,CallerIds,CallerSignatures,CallerCount
Method|CreateHostKeyVerifierWithStorage()|L97,CreateHostKeyVerifierWithStorage,CreateHostKeyVerifierWithStorage(),97,108,"Method|SyncToServerMenuItem_OnClick(object,RoutedEventArgs)|L7948;Method|TestServerConnectionAsync(ServerTarget,string?,Func<string, HostKeyVerificationResult, Task<bool>>)|L8007","SyncToServerMenuItem_OnClick(object,RoutedEventArgs);TestServerConnectionAsync(ServerTarget,string?,Func<string, HostKeyVerificationResult, Task<bool>>)",2
"Method|ReportStatus(string,bool)|L502",ReportStatus,"ReportStatus(string,bool)",502,505,"Method|ApplyExclusivePresetAsync(ModPreset)|L13110;Method|ChangeBackupLocationMenuItem_OnClick(object?,RoutedEventArgs)|L8414;Method|CreateModUpdateProgressReporter(string,IProgress<ModUpdateProgress>?)|L8827;Method|DeleteAllCloudModlistsAndAuthorizationAsync(FirebaseModlistStore,bool)|L11751;Method|DeleteCloudModlistAsync(FirebaseModlistStore,CloudModlistManagementEntry)|L11719;Method|DeleteCloudModlistMenuItem_OnClick(object,RoutedEventArgs)|L10812;Method|DeleteDataFolderBackupsMenuItem_OnClick(object?,RoutedEventArgs)|L8458;Method|DeleteLocalModlistsButton_OnClick(object,RoutedEventArgs)|L10499;Method|DeleteMultipleModsAsync(IReadOnlyList<ModListItemViewModel>)|L5222;Method|DeleteSingleModAsync(ModListItemViewModel)|L5181;Method|EditConfigButton_OnClick(object,RoutedEventArgs)|L5057;Method|FixModButton_OnClick(object,RoutedEventArgs)|L5335;Method|ImportPresetConfigsAsync(ModPreset)|L12618;Method|InstallModButton_OnClick(object,RoutedEventArgs)|L5455;Method|InstallModFromBrowserAsync(DownloadableMod)|L2736;Method|InstallOrUpdateDependencyAsync(ModDependencyInfo,ModListItemViewModel?)|L5559;Method|LoadModlistFromCloudMenuItem_OnClick(object,RoutedEventArgs)|L10740;Method|LoadModlistFromFileAsync(string)|L11017;Method|LoadPresetFromFileAsync(string)|L10964;Method|MigrateLegacyRebuiltModlistsIfNeeded()|L623;Method|ModifyLocalModlistButton_OnClick(object,RoutedEventArgs)|L10567;Method|RenameCloudModlistAsync(FirebaseModlistStore,CloudModlistManagementEntry,string)|L11648;Method|ReportStatus(string,bool)|L502;Method|RestoreDataBackupAsync(DataFolderBackupSummary)|L8653;Method|SaveModlistToCloudAsync()|L10085;Method|SavePresetMenuItem_OnClick(object,RoutedEventArgs)|L9417;Method|SelectedModCopyForServerButton_OnClick(object,RoutedEventArgs)|L5030;Method|TrySaveModlist(Func<string?>?,out string?)|L9442","ApplyExclusivePresetAsync(ModPreset);ChangeBackupLocationMenuItem_OnClick(object?,RoutedEventArgs);CreateModUpdateProgressReporter(string,IProgress<ModUpdateProgress>?);DeleteAllCloudModlistsAndAuthorizationAsync(FirebaseModlistStore,bool);DeleteCloudModlistAsync(FirebaseModlistStore,CloudModlistManagementEntry);DeleteCloudModlistMenuItem_OnClick(object,RoutedEventArgs);DeleteDataFolderBackupsMenuItem_OnClick(object?,RoutedEventArgs);DeleteLocalModlistsButton_OnClick(object,RoutedEventArgs);DeleteMultipleModsAsync(IReadOnlyList<ModListItemViewModel>);DeleteSingleModAsync(ModListItemViewModel);EditConfigButton_OnClick(object,RoutedEventArgs);FixModButton_OnClick(object,RoutedEventArgs);ImportPresetConfigsAsync(ModPreset);InstallModButton_OnClick(object,RoutedEventArgs);InstallModFromBrowserAsync(DownloadableMod);InstallOrUpdateDependencyAsync(ModDependencyInfo,ModListItemViewModel?);LoadModlistFromCloudMenuItem_OnClick(object,RoutedEventArgs);LoadModlistFromFileAsync(string);LoadPresetFromFileAsync(string);MigrateLegacyRebuiltModlistsIfNeeded();ModifyLocalModlistButton_OnClick(object,RoutedEventArgs);RenameCloudModlistAsync(FirebaseModlistStore,CloudModlistManagementEntry,string);ReportStatus(string,bool);RestoreDataBackupAsync(DataFolderBackupSummary);SaveModlistToCloudAsync();SavePresetMenuItem_OnClick(object,RoutedEventArgs);SelectedModCopyForServerButton_OnClick(object,RoutedEventArgs);TrySaveModlist(Func<string?>?,out string?)",28
Method|InitializeColumnVisibilityMenu()|L511,InitializeColumnVisibilityMenu,InitializeColumnVisibilityMenu(),511,523,,,0
"Method|RegisterColumnMenuItem(MenuItem?,InstalledModsColumn)|L525",RegisterColumnMenuItem,"RegisterColumnMenuItem(MenuItem?,InstalledModsColumn)",525,537,Method|InitializeColumnVisibilityMenu()|L511,InitializeColumnVisibilityMenu(),1
"Method|InstalledModsColumnMenuItem_OnChecked(object,RoutedEventArgs)|L539",InstalledModsColumnMenuItem_OnChecked,"InstalledModsColumnMenuItem_OnChecked(object,RoutedEventArgs)",539,547,,,0
"Method|ApplyInstalledColumnVisibility(InstalledModsColumn,bool)|L549",ApplyInstalledColumnVisibility,"ApplyInstalledColumnVisibility(InstalledModsColumn,bool)",549,569,"Method|InstalledModsColumnMenuItem_OnChecked(object,RoutedEventArgs)|L539;Method|RegisterColumnMenuItem(MenuItem?,InstalledModsColumn)|L525","InstalledModsColumnMenuItem_OnChecked(object,RoutedEventArgs);RegisterColumnMenuItem(MenuItem?,InstalledModsColumn)",2
"Method|NotifyViewModelOfInstalledColumnVisibility(InstalledModsColumn,bool)|L571",NotifyViewModelOfInstalledColumnVisibility,"NotifyViewModelOfInstalledColumnVisibility(InstalledModsColumn,bool)",571,574,"Method|ApplyColumnVisibilityPreferencesToViewModel()|L576;Method|InstalledModsColumnMenuItem_OnChecked(object,RoutedEventArgs)|L539;Method|RegisterColumnMenuItem(MenuItem?,InstalledModsColumn)|L525","ApplyColumnVisibilityPreferencesToViewModel();InstalledModsColumnMenuItem_OnChecked(object,RoutedEventArgs);RegisterColumnMenuItem(MenuItem?,InstalledModsColumn)",3
Method|ApplyColumnVisibilityPreferencesToViewModel()|L576,ApplyColumnVisibilityPreferencesToViewModel,ApplyColumnVisibilityPreferencesToViewModel(),576,582,Method|InitializeViewModel()|L2568;Method|ReloadViewModelAsync()|L4358,InitializeViewModel();ReloadViewModelAsync(),2
"Method|MainWindow_Loaded(object,RoutedEventArgs)|L590",MainWindow_Loaded,"MainWindow_Loaded(object,RoutedEventArgs)",590,621,,,0
Method|MigrateLegacyRebuiltModlistsIfNeeded()|L623,MigrateLegacyRebuiltModlistsIfNeeded,MigrateLegacyRebuiltModlistsIfNeeded(),623,669,"Method|MainWindow_Loaded(object,RoutedEventArgs)|L590","MainWindow_Loaded(object,RoutedEventArgs)",1
Method|PromptCacheRefreshIfNeededAsync()|L671,PromptCacheRefreshIfNeededAsync,PromptCacheRefreshIfNeededAsync(),671,691,"Method|MainWindow_Loaded(object,RoutedEventArgs)|L590","MainWindow_Loaded(object,RoutedEventArgs)",1
Method|ClearManagerCachesForVersionUpdateAsync()|L693,ClearManagerCachesForVersionUpdateAsync,ClearManagerCachesForVersionUpdateAsync(),693,717,Method|PromptCacheRefreshIfNeededAsync()|L671,PromptCacheRefreshIfNeededAsync(),1
Method|CheckAndPromptMigrationAsync()|L719,CheckAndPromptMigrationAsync,CheckAndPromptMigrationAsync(),719,751,"Method|MainWindow_Loaded(object,RoutedEventArgs)|L590","MainWindow_Loaded(object,RoutedEventArgs)",1
Method|PerformMigrationAsync()|L753,PerformMigrationAsync,PerformMigrationAsync(),753,816,Method|CheckAndPromptMigrationAsync()|L719,CheckAndPromptMigrationAsync(),1
Method|TryShowModUsagePromptAsync()|L818,TryShowModUsagePromptAsync,TryShowModUsagePromptAsync(),818,863,Method|InitializeViewModelAsync(MainViewModel)|L3638;Method|ShowModUsagePromptDialogAsync()|L962,InitializeViewModelAsync(MainViewModel);ShowModUsagePromptDialogAsync(),2
Method|PrepareModUsagePromptData()|L865,PrepareModUsagePromptData,PrepareModUsagePromptData(),865,953,Method|ShowModUsagePromptDialogAsync()|L962;Method|TryShowModUsagePromptAsync()|L818,ShowModUsagePromptDialogAsync();TryShowModUsagePromptAsync(),2
Method|UpdateModUsagePromptIndicator(bool)|L955,UpdateModUsagePromptIndicator,UpdateModUsagePromptIndicator(bool),955,960,Method|ShowModUsagePromptDialogAsync()|L962;Method|TryShowModUsagePromptAsync()|L818,ShowModUsagePromptDialogAsync();TryShowModUsagePromptAsync(),2
Method|ShowModUsagePromptDialogAsync()|L962,ShowModUsagePromptDialogAsync,ShowModUsagePromptDialogAsync(),962,1086,"Method|ModUsagePromptLink_OnClick(object,RoutedEventArgs)|L6782","ModUsagePromptLink_OnClick(object,RoutedEventArgs)",1
"Method|EnsureInstalledModsCachedAsync(MainViewModel,bool)|L1088",EnsureInstalledModsCachedAsync,"EnsureInstalledModsCachedAsync(MainViewModel,bool)",1088,1105,"Method|MainWindow_Loaded(object,RoutedEventArgs)|L590","MainWindow_Loaded(object,RoutedEventArgs)",1
"Method|MainWindow_OnClosing(object?,CancelEventArgs)|L1107",MainWindow_OnClosing,"MainWindow_OnClosing(object?,CancelEventArgs)",1107,1150,,,0
"Method|RootGrid_OnSizeChanged(object,SizeChangedEventArgs)|L1152",RootGrid_OnSizeChanged,"RootGrid_OnSizeChanged(object,SizeChangedEventArgs)",1152,1157,,,0
"Method|ModInfoBorder_OnMouseLeftButtonDown(object,MouseButtonEventArgs)|L1163",ModInfoBorder_OnMouseLeftButtonDown,"ModInfoBorder_OnMouseLeftButtonDown(object,MouseButtonEventArgs)",1163,1173,,,0
"Method|ModInfoBorder_OnMouseMove(object,MouseEventArgs)|L1175",ModInfoBorder_OnMouseMove,"ModInfoBorder_OnMouseMove(object,MouseEventArgs)",1175,1185,,,0
"Method|ModInfoBorder_OnMouseLeftButtonUp(object,MouseButtonEventArgs)|L1187",ModInfoBorder_OnMouseLeftButtonUp,"ModInfoBorder_OnMouseLeftButtonUp(object,MouseButtonEventArgs)",1187,1195,,,0
"Method|ModInfoBorder_OnLostMouseCapture(object,MouseEventArgs)|L1197",ModInfoBorder_OnLostMouseCapture,"ModInfoBorder_OnLostMouseCapture(object,MouseEventArgs)",1197,1203,,,0
Method|ApplyStoredModInfoPanelPosition()|L1205,ApplyStoredModInfoPanelPosition,ApplyStoredModInfoPanelPosition(),1205,1215,"Method|MainWindow_Loaded(object,RoutedEventArgs)|L590","MainWindow_Loaded(object,RoutedEventArgs)",1
Method|EnsureModInfoPanelWithinBounds(bool)|L1217,EnsureModInfoPanelWithinBounds,EnsureModInfoPanelWithinBounds(bool),1217,1229,"Method|ModInfoBorder_OnLostMouseCapture(object,MouseEventArgs)|L1197;Method|ModInfoBorder_OnMouseLeftButtonUp(object,MouseButtonEventArgs)|L1187;Method|RootGrid_OnSizeChanged(object,SizeChangedEventArgs)|L1152","ModInfoBorder_OnLostMouseCapture(object,MouseEventArgs);ModInfoBorder_OnMouseLeftButtonUp(object,MouseButtonEventArgs);RootGrid_OnSizeChanged(object,SizeChangedEventArgs)",3
"Method|SetModInfoPanelPosition(double,double,bool)|L1231",SetModInfoPanelPosition,"SetModInfoPanelPosition(double,double,bool)",1231,1260,"Method|ApplyStoredModInfoPanelPosition()|L1205;Method|EnsureModInfoPanelWithinBounds(bool)|L1217;Method|ModInfoBorder_OnMouseMove(object,MouseEventArgs)|L1175;Method|SetModInfoPanelPosition(double,double,bool)|L1231","ApplyStoredModInfoPanelPosition();EnsureModInfoPanelWithinBounds(bool);ModInfoBorder_OnMouseMove(object,MouseEventArgs);SetModInfoPanelPosition(double,double,bool)",4
Method|ComputeDefaultModInfoPanelLeft()|L1262,ComputeDefaultModInfoPanelLeft,ComputeDefaultModInfoPanelLeft(),1262,1284,Method|ApplyStoredModInfoPanelPosition()|L1205;Method|EnsureModInfoPanelWithinBounds(bool)|L1217,ApplyStoredModInfoPanelPosition();EnsureModInfoPanelWithinBounds(bool),2
Method|GetModInfoPanelWidth()|L1286,GetModInfoPanelWidth,GetModInfoPanelWidth(),1286,1294,"Method|ComputeDefaultModInfoPanelLeft()|L1262;Method|SetModInfoPanelPosition(double,double,bool)|L1231","ComputeDefaultModInfoPanelLeft();SetModInfoPanelPosition(double,double,bool)",2
Method|GetModInfoPanelHeight()|L1296,GetModInfoPanelHeight,GetModInfoPanelHeight(),1296,1304,"Method|SetModInfoPanelPosition(double,double,bool)|L1231","SetModInfoPanelPosition(double,double,bool)",1
Method|IsModInfoDragInitiationBlocked(DependencyObject?)|L1306,IsModInfoDragInitiationBlocked,IsModInfoDragInitiationBlocked(DependencyObject?),1306,1319,"Method|ModInfoBorder_OnMouseLeftButtonDown(object,MouseButtonEventArgs)|L1163","ModInfoBorder_OnMouseLeftButtonDown(object,MouseButtonEventArgs)",1
"Method|DisableAutoRefreshMenuItem_OnClick(object,RoutedEventArgs)|L1325",DisableAutoRefreshMenuItem_OnClick,"DisableAutoRefreshMenuItem_OnClick(object,RoutedEventArgs)",1325,1355,,,0
"Method|AutomaticDataBackupsMenuItem_OnClick(object,RoutedEventArgs)|L1357",AutomaticDataBackupsMenuItem_OnClick,"AutomaticDataBackupsMenuItem_OnClick(object,RoutedEventArgs)",1357,1390,,,0
"Method|DisableInternetAccessMenuItem_OnClick(object,RoutedEventArgs)|L1392",DisableInternetAccessMenuItem_OnClick,"DisableInternetAccessMenuItem_OnClick(object,RoutedEventArgs)",1392,1401,,,0
"Method|ThemeMenuItem_OnClick(object,RoutedEventArgs)|L1403",ThemeMenuItem_OnClick,"ThemeMenuItem_OnClick(object,RoutedEventArgs)",1403,1435,,,0
"Method|EditThemeMenuItem_OnClick(object,RoutedEventArgs)|L1437",EditThemeMenuItem_OnClick,"EditThemeMenuItem_OnClick(object,RoutedEventArgs)",1437,1440,,,0
"Method|UpdateThemeMenuSelection(ColorTheme,string?)|L1442",UpdateThemeMenuSelection,"UpdateThemeMenuSelection(ColorTheme,string?)",1442,1459,"Method|ShowCustomThemeEditor()|L1538;Method|ThemeMenuItem_OnClick(object,RoutedEventArgs)|L1403","ShowCustomThemeEditor();ThemeMenuItem_OnClick(object,RoutedEventArgs)",2
Method|GenerateSurprisePalette()|L1461,GenerateSurprisePalette,GenerateSurprisePalette(),1461,1469,"Method|ThemeMenuItem_OnClick(object,RoutedEventArgs)|L1403","ThemeMenuItem_OnClick(object,RoutedEventArgs)",1
Method|GenerateRandomColor(string)|L1471,GenerateRandomColor,GenerateRandomColor(string),1471,1486,Method|GenerateSurprisePalette()|L1461,GenerateSurprisePalette(),1
Method|RefreshCustomThemeMenuItems()|L1488,RefreshCustomThemeMenuItems,RefreshCustomThemeMenuItems(),1488,1536,Method|ShowCustomThemeEditor()|L1538,ShowCustomThemeEditor(),1
Method|ShowCustomThemeEditor()|L1538,ShowCustomThemeEditor,ShowCustomThemeEditor(),1538,1560,"Method|EditThemeMenuItem_OnClick(object,RoutedEventArgs)|L1437","EditThemeMenuItem_OnClick(object,RoutedEventArgs)",1
"Method|AlwaysClearModlistsMenuItem_OnClick(object,RoutedEventArgs)|L1562",AlwaysClearModlistsMenuItem_OnClick,"AlwaysClearModlistsMenuItem_OnClick(object,RoutedEventArgs)",1562,1568,,,0
"Method|AlwaysAddModlistsMenuItem_OnClick(object,RoutedEventArgs)|L1570",AlwaysAddModlistsMenuItem_OnClick,"AlwaysAddModlistsMenuItem_OnClick(object,RoutedEventArgs)",1570,1576,,,0
"Method|HandleModlistAutoLoadMenuClick(object,ModlistAutoLoadBehavior,ModlistAutoLoadBehavior)|L1578",HandleModlistAutoLoadMenuClick,"HandleModlistAutoLoadMenuClick(object,ModlistAutoLoadBehavior,ModlistAutoLoadBehavior)",1578,1585,"Method|AlwaysAddModlistsMenuItem_OnClick(object,RoutedEventArgs)|L1570;Method|AlwaysClearModlistsMenuItem_OnClick(object,RoutedEventArgs)|L1562","AlwaysAddModlistsMenuItem_OnClick(object,RoutedEventArgs);AlwaysClearModlistsMenuItem_OnClick(object,RoutedEventArgs)",2
Method|SetModlistAutoLoadBehavior(ModlistAutoLoadBehavior)|L1587,SetModlistAutoLoadBehavior,SetModlistAutoLoadBehavior(ModlistAutoLoadBehavior),1587,1591,"Method|HandleModlistAutoLoadMenuClick(object,ModlistAutoLoadBehavior,ModlistAutoLoadBehavior)|L1578","HandleModlistAutoLoadMenuClick(object,ModlistAutoLoadBehavior,ModlistAutoLoadBehavior)",1
Method|UpdateModlistAutoLoadMenu(ModlistAutoLoadBehavior)|L1593,UpdateModlistAutoLoadMenu,UpdateModlistAutoLoadMenu(ModlistAutoLoadBehavior),1593,1600,Method|SetModlistAutoLoadBehavior(ModlistAutoLoadBehavior)|L1587,SetModlistAutoLoadBehavior(ModlistAutoLoadBehavior),1
Method|UpdateGameVersionMenuItem(string?)|L1602,UpdateGameVersionMenuItem,UpdateGameVersionMenuItem(string?),1602,1614,"Method|InitializeViewModel()|L2568;Method|OnActiveGameProfileChangedAsync()|L7572;Method|ReloadViewModelAsync()|L4358;Method|SelectGameFolderMenuItem_OnClick(object,RoutedEventArgs)|L7735","InitializeViewModel();OnActiveGameProfileChangedAsync();ReloadViewModelAsync();SelectGameFolderMenuItem_OnClick(object,RoutedEventArgs)",4
Method|ApplyStoredWindowDimensions()|L1616,ApplyStoredWindowDimensions,ApplyStoredWindowDimensions(),1616,1637,,,0
"Method|IsWindowPositionOnScreen(double,double)|L1639",IsWindowPositionOnScreen,"IsWindowPositionOnScreen(double,double)",1639,1652,Method|ApplyStoredWindowDimensions()|L1616,ApplyStoredWindowDimensions(),1
Method|SaveWindowDimensions()|L1654,SaveWindowDimensions,SaveWindowDimensions(),1654,1664,"Method|MainWindow_OnClosing(object?,CancelEventArgs)|L1107","MainWindow_OnClosing(object?,CancelEventArgs)",1
Method|SetUsernameDisplay(string?)|L1666,SetUsernameDisplay,SetUsernameDisplay(string?),1666,1671,Method|ApplyPlayerIdentityToUiAndCloudStore()|L1701;Method|DetermineUploaderName(FirebaseModlistStore)|L10067;Method|SaveUploaderName()|L1715,ApplyPlayerIdentityToUiAndCloudStore();DetermineUploaderName(FirebaseModlistStore);SaveUploaderName(),3
Method|ResolveUploaderName(string?)|L1673,ResolveUploaderName,ResolveUploaderName(string?),1673,1699,Method|ApplyPlayerIdentityToUiAndCloudStore()|L1701;Method|DetermineUploaderName(FirebaseModlistStore)|L10067;Method|GetUploaderNameForPdf()|L10053;Method|SaveUploaderName()|L1715,ApplyPlayerIdentityToUiAndCloudStore();DetermineUploaderName(FirebaseModlistStore);GetUploaderNameForPdf();SaveUploaderName(),4
Method|ApplyPlayerIdentityToUiAndCloudStore()|L1701,ApplyPlayerIdentityToUiAndCloudStore,ApplyPlayerIdentityToUiAndCloudStore(),1701,1706,Method|InitializeViewModel()|L2568;Method|ReloadViewModelAsync()|L4358,InitializeViewModel();ReloadViewModelAsync(),2
Method|ApplyPlayerIdentityToCloudStore(FirebaseModlistStore?)|L1708,ApplyPlayerIdentityToCloudStore,ApplyPlayerIdentityToCloudStore(FirebaseModlistStore?),1708,1713,Method|ApplyPlayerIdentityToUiAndCloudStore()|L1701;Method|EnsureCloudStoreInitializedAsync()|L11557,ApplyPlayerIdentityToUiAndCloudStore();EnsureCloudStoreInitializedAsync(),2
Method|SaveUploaderName()|L1715,SaveUploaderName,SaveUploaderName(),1715,1721,"Method|MainWindow_OnClosing(object?,CancelEventArgs)|L1107","MainWindow_OnClosing(object?,CancelEventArgs)",1
"Method|EnableServerOptionsMenuItem_OnClick(object,RoutedEventArgs)|L1723",EnableServerOptionsMenuItem_OnClick,"EnableServerOptionsMenuItem_OnClick(object,RoutedEventArgs)",1723,1730,,,0
"Method|UseFasterThumbnailsMenuItem_OnClick(object,RoutedEventArgs)|L1732",UseFasterThumbnailsMenuItem_OnClick,"UseFasterThumbnailsMenuItem_OnClick(object,RoutedEventArgs)",1732,1738,,,0
"Method|DisableHoverEffectsMenuItem_OnClick(object,RoutedEventArgs)|L1740",DisableHoverEffectsMenuItem_OnClick,"DisableHoverEffectsMenuItem_OnClick(object,RoutedEventArgs)",1740,1751,,,0
"Method|LogModUpdateMenuItem_OnClick(object,RoutedEventArgs)|L1753",LogModUpdateMenuItem_OnClick,"LogModUpdateMenuItem_OnClick(object,RoutedEventArgs)",1753,1759,,,0
"Method|LogModInstallMenuItem_OnClick(object,RoutedEventArgs)|L1761",LogModInstallMenuItem_OnClick,"LogModInstallMenuItem_OnClick(object,RoutedEventArgs)",1761,1767,,,0
"Method|LogModDeletionMenuItem_OnClick(object,RoutedEventArgs)|L1769",LogModDeletionMenuItem_OnClick,"LogModDeletionMenuItem_OnClick(object,RoutedEventArgs)",1769,1775,,,0
"Method|LogAppLifecycleMenuItem_OnClick(object,RoutedEventArgs)|L1777",LogAppLifecycleMenuItem_OnClick,"LogAppLifecycleMenuItem_OnClick(object,RoutedEventArgs)",1777,1783,,,0
"Method|LogErrorsAndExceptionsMenuItem_OnClick(object,RoutedEventArgs)|L1785",LogErrorsAndExceptionsMenuItem_OnClick,"LogErrorsAndExceptionsMenuItem_OnClick(object,RoutedEventArgs)",1785,1792,,,0
Method|InitializeTraceListener()|L1794,InitializeTraceListener,InitializeTraceListener(),1794,1811,"Method|LogErrorsAndExceptionsMenuItem_OnClick(object,RoutedEventArgs)|L1785","LogErrorsAndExceptionsMenuItem_OnClick(object,RoutedEventArgs)",1
Method|UpdateLoggingMenuState()|L1813,UpdateLoggingMenuState,UpdateLoggingMenuState(),1813,1825,,,0
"Method|GenerateServerInstallMacroMenuItem_OnClick(object,RoutedEventArgs)|L1827",GenerateServerInstallMacroMenuItem_OnClick,"GenerateServerInstallMacroMenuItem_OnClick(object,RoutedEventArgs)",1827,1976,,,0
"Method|CacheAllVersionsMenuItem_OnClick(object,RoutedEventArgs)|L1978",CacheAllVersionsMenuItem_OnClick,"CacheAllVersionsMenuItem_OnClick(object,RoutedEventArgs)",1978,1984,,,0
"Method|RequireExactVsVersionMenuItem_OnClick(object,RoutedEventArgs)|L1986",RequireExactVsVersionMenuItem_OnClick,"RequireExactVsVersionMenuItem_OnClick(object,RoutedEventArgs)",1986,1992,,,0
"Method|ExperimentalModDebuggingMenuItem_OnClick(object,RoutedEventArgs)|L1994",ExperimentalModDebuggingMenuItem_OnClick,"ExperimentalModDebuggingMenuItem_OnClick(object,RoutedEventArgs)",1994,2060,,,0
"Method|ExperimentalAllModsDebuggingMenuItem_OnClick(object,RoutedEventArgs)|L2062",ExperimentalAllModsDebuggingMenuItem_OnClick,"ExperimentalAllModsDebuggingMenuItem_OnClick(object,RoutedEventArgs)",2062,2155,,,0
"Method|CollectExperimentalModDebugLines(string,string)|L2157",CollectExperimentalModDebugLines,"CollectExperimentalModDebugLines(string,string)",2157,2165,"Method|ExperimentalModDebuggingMenuItem_OnClick(object,RoutedEventArgs)|L1994","ExperimentalModDebuggingMenuItem_OnClick(object,RoutedEventArgs)",1
"Method|CollectInstalledModDebugLines(string,IReadOnlyList<InstalledModLogIdentifier>)|L2167",CollectInstalledModDebugLines,"CollectInstalledModDebugLines(string,IReadOnlyList<InstalledModLogIdentifier>)",2167,2178,"Method|ExperimentalAllModsDebuggingMenuItem_OnClick(object,RoutedEventArgs)|L2062","ExperimentalAllModsDebuggingMenuItem_OnClick(object,RoutedEventArgs)",1
Method|GetExperimentalModDebugFilePaths(string)|L2180,GetExperimentalModDebugFilePaths,GetExperimentalModDebugFilePaths(string),2180,2211,"Method|CollectExperimentalModDebugLines(string,string)|L2157;Method|CollectInstalledModDebugLines(string,IReadOnlyList<InstalledModLogIdentifier>)|L2167","CollectExperimentalModDebugLines(string,string);CollectInstalledModDebugLines(string,IReadOnlyList<InstalledModLogIdentifier>)",2
"Method|AppendExperimentalModDebugLines(List<ExperimentalModDebugLogLine>,string,string)|L2213",AppendExperimentalModDebugLines,"AppendExperimentalModDebugLines(List<ExperimentalModDebugLogLine>,string,string)",2213,2239,"Method|CollectExperimentalModDebugLines(string,string)|L2157","CollectExperimentalModDebugLines(string,string)",1
"Method|AppendInstalledModDebugLines(List<ExperimentalModDebugLogLine>,string,IReadOnlyList<InstalledModLogIdentifier>)|L2241",AppendInstalledModDebugLines,"AppendInstalledModDebugLines(List<ExperimentalModDebugLogLine>,string,IReadOnlyList<InstalledModLogIdentifier>)",2241,2272,"Method|CollectInstalledModDebugLines(string,IReadOnlyList<InstalledModLogIdentifier>)|L2167","CollectInstalledModDebugLines(string,IReadOnlyList<InstalledModLogIdentifier>)",1
"Method|AppendExperimentalModDebugFileSection(List<ExperimentalModDebugLogLine>,string,List<string>)|L2274",AppendExperimentalModDebugFileSection,"AppendExperimentalModDebugFileSection(List<ExperimentalModDebugLogLine>,string,List<string>)",2274,2286,,,0
"Method|AppendExperimentalModDebugFileSectionWithModId(List<ExperimentalModDebugLogLine>,string,string,List<(string Line, int LineNumber)>,string)|L2288",AppendExperimentalModDebugFileSectionWithModId,"AppendExperimentalModDebugFileSectionWithModId(List<ExperimentalModDebugLogLine>,string,string,List<(string Line, int LineNumber)>,string)",2288,2304,"Method|AppendExperimentalModDebugLines(List<ExperimentalModDebugLogLine>,string,string)|L2213","AppendExperimentalModDebugLines(List<ExperimentalModDebugLogLine>,string,string)",1
"Method|AppendExperimentalModDebugFileSectionWithMods(List<ExperimentalModDebugLogLine>,string,string,List<(string Line, string ModName, int LineNumber)>)|L2306",AppendExperimentalModDebugFileSectionWithMods,"AppendExperimentalModDebugFileSectionWithMods(List<ExperimentalModDebugLogLine>,string,string,List<(string Line, string ModName, int LineNumber)>)",2306,2321,"Method|AppendInstalledModDebugLines(List<ExperimentalModDebugLogLine>,string,IReadOnlyList<InstalledModLogIdentifier>)|L2241","AppendInstalledModDebugLines(List<ExperimentalModDebugLogLine>,string,IReadOnlyList<InstalledModLogIdentifier>)",1
Method|ShouldIgnoreExperimentalModDebugLine(string)|L2323,ShouldIgnoreExperimentalModDebugLine,ShouldIgnoreExperimentalModDebugLine(string),2323,2330,"Method|AppendExperimentalModDebugLines(List<ExperimentalModDebugLogLine>,string,string)|L2213;Method|AppendInstalledModDebugLines(List<ExperimentalModDebugLogLine>,string,IReadOnlyList<InstalledModLogIdentifier>)|L2241","AppendExperimentalModDebugLines(List<ExperimentalModDebugLogLine>,string,string);AppendInstalledModDebugLines(List<ExperimentalModDebugLogLine>,string,IReadOnlyList<InstalledModLogIdentifier>)",2
Method|SummarizePatchMissingLines(List<string>)|L2332,SummarizePatchMissingLines,SummarizePatchMissingLines(List<string>),2332,2386,"Method|AppendExperimentalModDebugFileSection(List<ExperimentalModDebugLogLine>,string,List<string>)|L2274","AppendExperimentalModDebugFileSection(List<ExperimentalModDebugLogLine>,string,List<string>)",1
"Method|SummarizePatchMissingLinesWithLineNumbers(List<(string Line, int LineNumber)>)|L2388",SummarizePatchMissingLinesWithLineNumbers,"SummarizePatchMissingLinesWithLineNumbers(List<(string Line, int LineNumber)>)",2388,2446,"Method|AppendExperimentalModDebugFileSectionWithModId(List<ExperimentalModDebugLogLine>,string,string,List<(string Line, int LineNumber)>,string)|L2288","AppendExperimentalModDebugFileSectionWithModId(List<ExperimentalModDebugLogLine>,string,string,List<(string Line, int LineNumber)>,string)",1
"Method|AddOrIncrementSummary(List<string>,Dictionary<string, (int Index, int HiddenCount)>,string,string)|L2448",AddOrIncrementSummary,"AddOrIncrementSummary(List<string>,Dictionary<string, (int Index, int HiddenCount)>,string,string)",2448,2463,Method|SummarizePatchMissingLines(List<string>)|L2332,SummarizePatchMissingLines(List<string>),1
"Method|AddOrIncrementSummaryWithLineNumber(List<(string Line, int LineNumber)>,Dictionary<string, (int Index, int HiddenCount)>,string,int,string)|L2465",AddOrIncrementSummaryWithLineNumber,"AddOrIncrementSummaryWithLineNumber(List<(string Line, int LineNumber)>,Dictionary<string, (int Index, int HiddenCount)>,string,int,string)",2465,2481,"Method|SummarizePatchMissingLinesWithLineNumbers(List<(string Line, int LineNumber)>)|L2388","SummarizePatchMissingLinesWithLineNumbers(List<(string Line, int LineNumber)>)",1
"Method|SummarizePatchMissingLinesWithModAndLineNumbers(List<(string Line, string ModName, int LineNumber)>)|L2483",SummarizePatchMissingLinesWithModAndLineNumbers,"SummarizePatchMissingLinesWithModAndLineNumbers(List<(string Line, string ModName, int LineNumber)>)",2483,2543,"Method|AppendExperimentalModDebugFileSectionWithMods(List<ExperimentalModDebugLogLine>,string,string,List<(string Line, string ModName, int LineNumber)>)|L2306","AppendExperimentalModDebugFileSectionWithMods(List<ExperimentalModDebugLogLine>,string,string,List<(string Line, string ModName, int LineNumber)>)",1
"Method|AddOrIncrementSummaryWithModAndLineNumber(List<(string Line, string ModName, int LineNumber)>,Dictionary<string, (int Index, int HiddenCount)>,string,string,int,string)|L2545",AddOrIncrementSummaryWithModAndLineNumber,"AddOrIncrementSummaryWithModAndLineNumber(List<(string Line, string ModName, int LineNumber)>,Dictionary<string, (int Index, int HiddenCount)>,string,string,int,string)",2545,2562,"Method|SummarizePatchMissingLinesWithModAndLineNumbers(List<(string Line, string ModName, int LineNumber)>)|L2483","SummarizePatchMissingLinesWithModAndLineNumbers(List<(string Line, string ModName, int LineNumber)>)",1
Method|InitializeViewModel()|L2568,InitializeViewModel,InitializeViewModel(),2568,2593,,,0
Method|InitializeModBrowserView()|L2595,InitializeModBrowserView,InitializeModBrowserView(),2595,2620,,,0
Method|InitializeVotesCacheWatcher()|L2622,InitializeVotesCacheWatcher,InitializeVotesCacheWatcher(),2622,2636,Method|InitializeModBrowserView()|L2595,InitializeModBrowserView(),1
"Method|OnVotesCacheChanged(object?,EventArgs)|L2638",OnVotesCacheChanged,"OnVotesCacheChanged(object?,EventArgs)",2638,2657,,,0
Method|SubscribeModBrowserToDirectoryWatcher()|L2659,SubscribeModBrowserToDirectoryWatcher,SubscribeModBrowserToDirectoryWatcher(),2659,2665,Method|InitializeViewModel()|L2568,InitializeViewModel(),1
Method|UnsubscribeModBrowserFromDirectoryWatcher()|L2667,UnsubscribeModBrowserFromDirectoryWatcher,UnsubscribeModBrowserFromDirectoryWatcher(),2667,2673,Method|OnClosed(EventArgs)|L14279,OnClosed(EventArgs),1
"Method|ModsWatcherOnChangesDetected(object?,EventArgs)|L2675",ModsWatcherOnChangesDetected,"ModsWatcherOnChangesDetected(object?,EventArgs)",2675,2691,,,0
Method|SyncInstalledModsToModBrowser()|L2693,SyncInstalledModsToModBrowser,SyncInstalledModsToModBrowser(),2693,2714,"Method|MainWindow_Loaded(object,RoutedEventArgs)|L590;Method|RefreshModsAsync(bool)|L4175","MainWindow_Loaded(object,RoutedEventArgs);RefreshModsAsync(bool)",2
Method|AddModToInstalledAndRemoveFromSearch(int)|L2716,AddModToInstalledAndRemoveFromSearch,AddModToInstalledAndRemoveFromSearch(int),2716,2734,Method|InstallModFromBrowserAsync(DownloadableMod)|L2736,InstallModFromBrowserAsync(DownloadableMod),1
Method|InstallModFromBrowserAsync(DownloadableMod)|L2736,InstallModFromBrowserAsync,InstallModFromBrowserAsync(DownloadableMod),2736,2842,,,0
Method|ConvertToModListItemViewModel(DownloadableMod)|L2848,ConvertToModListItemViewModel,ConvertToModListItemViewModel(DownloadableMod),2848,2914,Method|InstallModFromBrowserAsync(DownloadableMod)|L2736,InstallModFromBrowserAsync(DownloadableMod),1
Method|ConvertToModReleaseInfo(DownloadableModRelease)|L2920,ConvertToModReleaseInfo,ConvertToModReleaseInfo(DownloadableModRelease),2920,2944,,,0
"Method|OnUserReportVoteSubmitted(object?,ModUserReportChangedEventArgs)|L2946",OnUserReportVoteSubmitted,"OnUserReportVoteSubmitted(object?,ModUserReportChangedEventArgs)",2946,2961,,,0
"Method|ViewModelOnPropertyChanged(object?,PropertyChangedEventArgs)|L2963",ViewModelOnPropertyChanged,"ViewModelOnPropertyChanged(object?,PropertyChangedEventArgs)",2963,3044,,,0
Method|UpdateSearchColumnVisibility(bool)|L3046,UpdateSearchColumnVisibility,UpdateSearchColumnVisibility(bool),3046,3049,,,0
Method|HandleModlistsVisibilityChanged(bool)|L3051,HandleModlistsVisibilityChanged,HandleModlistsVisibilityChanged(bool),3051,3073,"Method|ViewModelOnPropertyChanged(object?,PropertyChangedEventArgs)|L2963","ViewModelOnPropertyChanged(object?,PropertyChangedEventArgs)",1
"Method|MiddleTabControl_OnSelectionChanged(object,SelectionChangedEventArgs)|L3075",MiddleTabControl_OnSelectionChanged,"MiddleTabControl_OnSelectionChanged(object,SelectionChangedEventArgs)",3075,3113,,,0
Method|UpdateModBrowserTabVisibilityState(bool)|L3115,UpdateModBrowserTabVisibilityState,UpdateModBrowserTabVisibilityState(bool),3115,3129,"Method|InitializeModBrowserView()|L2595;Method|MiddleTabControl_OnSelectionChanged(object,SelectionChangedEventArgs)|L3075","InitializeModBrowserView();MiddleTabControl_OnSelectionChanged(object,SelectionChangedEventArgs)",2
Method|SyncMiddleTabControlToViewModel()|L3131,SyncMiddleTabControlToViewModel,SyncMiddleTabControlToViewModel(),3131,3157,"Method|ViewModelOnPropertyChanged(object?,PropertyChangedEventArgs)|L2963","ViewModelOnPropertyChanged(object?,PropertyChangedEventArgs)",1
"Method|ModlistsTabControl_OnSelectionChanged(object,SelectionChangedEventArgs)|L3159",ModlistsTabControl_OnSelectionChanged,"ModlistsTabControl_OnSelectionChanged(object,SelectionChangedEventArgs)",3159,3194,,,0
"Method|ModlistsTabControl_OnLoaded(object,RoutedEventArgs)|L3196",ModlistsTabControl_OnLoaded,"ModlistsTabControl_OnLoaded(object,RoutedEventArgs)",3196,3199,,,0
Method|ApplyPreferredModlistsTabSelection()|L3201,ApplyPreferredModlistsTabSelection,ApplyPreferredModlistsTabSelection(),3201,3211,"Method|HandleModlistsVisibilityChanged(bool)|L3051;Method|ModlistsTabControl_OnLoaded(object,RoutedEventArgs)|L3196","HandleModlistsVisibilityChanged(bool);ModlistsTabControl_OnLoaded(object,RoutedEventArgs)",2
"Method|InternetAccessManager_OnInternetAccessChanged(object?,EventArgs)|L3213",InternetAccessManager_OnInternetAccessChanged,"InternetAccessManager_OnInternetAccessChanged(object?,EventArgs)",3213,3225,,,0
Method|EnsureCloudModlistsConsent()|L3227,EnsureCloudModlistsConsent,EnsureCloudModlistsConsent(),3227,3238,"Method|ModlistsTabControl_OnSelectionChanged(object,SelectionChangedEventArgs)|L3159","ModlistsTabControl_OnSelectionChanged(object,SelectionChangedEventArgs)",1
Method|EnsureFirebaseAuthConsent(string)|L3240,EnsureFirebaseAuthConsent,EnsureFirebaseAuthConsent(string),3240,3265,Method|EnsureCloudModlistsConsent()|L3227;Method|EnsureUserReportVotingConsent()|L3273,EnsureCloudModlistsConsent();EnsureUserReportVotingConsent(),2
Method|HasFirebaseAuthStateFile()|L3267,HasFirebaseAuthStateFile,HasFirebaseAuthStateFile(),3267,3271,"Method|ModlistsTabControl_OnSelectionChanged(object,SelectionChangedEventArgs)|L3159","ModlistsTabControl_OnSelectionChanged(object,SelectionChangedEventArgs)",1
Method|EnsureUserReportVotingConsent()|L3273,EnsureUserReportVotingConsent,EnsureUserReportVotingConsent(),3273,3282,"Method|UserReportsButton_OnClick(object,RoutedEventArgs)|L4658","UserReportsButton_OnClick(object,RoutedEventArgs)",1
Method|EnsureFirebaseAuthBackedUpIfAvailable()|L3284,EnsureFirebaseAuthBackedUpIfAvailable,EnsureFirebaseAuthBackedUpIfAvailable(),3284,3316,"Method|EnsureFirebaseAuthConsent(string)|L3240;Method|ExecuteCloudOperationAsync(Func<FirebaseModlistStore, Task>,string)|L11456;Method|ModlistsTabControl_OnSelectionChanged(object,SelectionChangedEventArgs)|L3159","EnsureFirebaseAuthConsent(string);ExecuteCloudOperationAsync(Func<FirebaseModlistStore, Task>,string);ModlistsTabControl_OnSelectionChanged(object,SelectionChangedEventArgs)",3
Method|DeleteFirebaseAuthFiles()|L3318,DeleteFirebaseAuthFiles,DeleteFirebaseAuthFiles(),3318,3329,"Method|DeleteAllCloudModlistsAndAuthorizationAsync(FirebaseModlistStore,bool)|L11751","DeleteAllCloudModlistsAndAuthorizationAsync(FirebaseModlistStore,bool)",1
Method|TryDeleteFirebaseAuthFile(string)|L3331,TryDeleteFirebaseAuthFile,TryDeleteFirebaseAuthFile(string),3331,3344,Method|DeleteFirebaseAuthFiles()|L3318,DeleteFirebaseAuthFiles(),1
Method|UpdateSearchSortingBehavior(bool)|L3346,UpdateSearchSortingBehavior,UpdateSearchSortingBehavior(bool),3346,3351,Method|UpdateSearchColumnVisibility(bool)|L3046,UpdateSearchColumnVisibility(bool),1
Method|ShouldRefreshAfterDependencyResolution(string?)|L3353,ShouldRefreshAfterDependencyResolution,ShouldRefreshAfterDependencyResolution(string?),3353,3357,"Method|ViewModelOnPropertyChanged(object?,PropertyChangedEventArgs)|L2963","ViewModelOnPropertyChanged(object?,PropertyChangedEventArgs)",1
Method|RefreshModsAfterDependencyResolutionAsync()|L3359,RefreshModsAfterDependencyResolutionAsync,RefreshModsAfterDependencyResolutionAsync(),3359,3383,"Method|ViewModelOnPropertyChanged(object?,PropertyChangedEventArgs)|L2963","ViewModelOnPropertyChanged(object?,PropertyChangedEventArgs)",1
Method|ScheduleRefreshAfterModlistLoadIfReady()|L3385,ScheduleRefreshAfterModlistLoadIfReady,ScheduleRefreshAfterModlistLoadIfReady(),3385,3416,"Method|ApplyPresetAsync(ModPreset,bool)|L12576;Method|ViewModelOnPropertyChanged(object?,PropertyChangedEventArgs)|L2963","ApplyPresetAsync(ModPreset,bool);ViewModelOnPropertyChanged(object?,PropertyChangedEventArgs)",2
Method|RestoreSortPreference()|L3418,RestoreSortPreference,RestoreSortPreference(),3418,3429,Method|InitializeViewModel()|L2568,InitializeViewModel(),1
"Method|ApplyModListSort(string,ListSortDirection,bool)|L3431",ApplyModListSort,"ApplyModListSort(string,ListSortDirection,bool)",3431,3448,"Method|ModsDataGrid_OnSorting(object,DataGridSortingEventArgs)|L4614;Method|RestoreSortPreference()|L3418","ModsDataGrid_OnSorting(object,DataGridSortingEventArgs);RestoreSortPreference()",2
"Method|ApplySortOption(SortOption,bool)|L3450",ApplySortOption,"ApplySortOption(SortOption,bool)",3450,3474,"Method|ApplyModListSort(string,ListSortDirection,bool)|L3431","ApplyModListSort(string,ListSortDirection,bool)",1
Method|IsActiveSortMember(string?)|L3476,IsActiveSortMember,IsActiveSortMember(string?),3476,3483,"Method|BuildSortDescriptions(string,ListSortDirection)|L3548;Method|BuildSortDisplayName(string,ListSortDirection)|L3575;Method|NormalizeSortMemberPath(string)|L3485;Method|SortOptionMatches(SortOption,string,ListSortDirection)|L3526","BuildSortDescriptions(string,ListSortDirection);BuildSortDisplayName(string,ListSortDirection);NormalizeSortMemberPath(string);SortOptionMatches(SortOption,string,ListSortDirection)",4
Method|NormalizeSortMemberPath(string)|L3485,NormalizeSortMemberPath,NormalizeSortMemberPath(string),3485,3497,"Method|ApplyModListSort(string,ListSortDirection,bool)|L3431;Method|FindMatchingSortOption(string,ListSortDirection)|L3509;Method|SortMemberMatches(string?,string)|L3499","ApplyModListSort(string,ListSortDirection,bool);FindMatchingSortOption(string,ListSortDirection);SortMemberMatches(string?,string)",3
"Method|SortMemberMatches(string?,string)|L3499",SortMemberMatches,"SortMemberMatches(string?,string)",3499,3507,"Method|UpdateColumnSortVisuals(string,ListSortDirection)|L3620","UpdateColumnSortVisuals(string,ListSortDirection)",1
"Method|FindMatchingSortOption(string,ListSortDirection)|L3509",FindMatchingSortOption,"FindMatchingSortOption(string,ListSortDirection)",3509,3524,"Method|ApplyModListSort(string,ListSortDirection,bool)|L3431","ApplyModListSort(string,ListSortDirection,bool)",1
"Method|SortOptionMatches(SortOption,string,ListSortDirection)|L3526",SortOptionMatches,"SortOptionMatches(SortOption,string,ListSortDirection)",3526,3546,"Method|FindMatchingSortOption(string,ListSortDirection)|L3509","FindMatchingSortOption(string,ListSortDirection)",1
"Method|BuildSortDescriptions(string,ListSortDirection)|L3548",BuildSortDescriptions,"BuildSortDescriptions(string,ListSortDirection)",3548,3573,"Method|ApplyModListSort(string,ListSortDirection,bool)|L3431","ApplyModListSort(string,ListSortDirection,bool)",1
"Method|BuildSortDisplayName(string,ListSortDirection)|L3575",BuildSortDisplayName,"BuildSortDisplayName(string,ListSortDirection)",3575,3594,"Method|ApplyModListSort(string,ListSortDirection,bool)|L3431","ApplyModListSort(string,ListSortDirection,bool)",1
Method|UpdateSortPreferenceFromSelectedOption(bool)|L3596,UpdateSortPreferenceFromSelectedOption,UpdateSortPreferenceFromSelectedOption(bool),3596,3618,"Method|ApplySortOption(SortOption,bool)|L3450;Method|RestoreSortPreference()|L3418;Method|ViewModelOnPropertyChanged(object?,PropertyChangedEventArgs)|L2963","ApplySortOption(SortOption,bool);RestoreSortPreference();ViewModelOnPropertyChanged(object?,PropertyChangedEventArgs)",3
"Method|UpdateColumnSortVisuals(string,ListSortDirection)|L3620",UpdateColumnSortVisuals,"UpdateColumnSortVisuals(string,ListSortDirection)",3620,3629,Method|UpdateSortPreferenceFromSelectedOption(bool)|L3596,UpdateSortPreferenceFromSelectedOption(bool),1
Method|ClearColumnSortIndicators()|L3631,ClearColumnSortIndicators,ClearColumnSortIndicators(),3631,3636,Method|UpdateSortPreferenceFromSelectedOption(bool)|L3596,UpdateSortPreferenceFromSelectedOption(bool),1
Method|InitializeViewModelAsync(MainViewModel)|L3638,InitializeViewModelAsync,InitializeViewModelAsync(MainViewModel),3638,3667,"Method|MainWindow_Loaded(object,RoutedEventArgs)|L590;Method|ReloadViewModelAsync()|L4358","MainWindow_Loaded(object,RoutedEventArgs);ReloadViewModelAsync()",2
Method|DisposeCurrentViewModel()|L3669,DisposeCurrentViewModel,DisposeCurrentViewModel(),3669,3678,"Method|HandleViewModelInitializationFailure(Exception)|L4340;Method|MainWindow_OnClosing(object?,CancelEventArgs)|L1107","HandleViewModelInitializationFailure(Exception);MainWindow_OnClosing(object?,CancelEventArgs)",2
Method|DisposeViewModel(MainViewModel?)|L3680,DisposeViewModel,DisposeViewModel(MainViewModel?),3680,3687,Method|DisposeCurrentViewModel()|L3669;Method|ReloadViewModelAsync()|L4358,DisposeCurrentViewModel();ReloadViewModelAsync(),2
Method|StartModsWatcher()|L3689,StartModsWatcher,StartModsWatcher(),3689,3701,Method|InitializeViewModelAsync(MainViewModel)|L3638;Method|ReloadViewModelAsync()|L4358,InitializeViewModelAsync(MainViewModel);ReloadViewModelAsync(),2
Method|StartGameSessionMonitor()|L3703,StartGameSessionMonitor,StartGameSessionMonitor(),3703,3732,Method|InitializeViewModelAsync(MainViewModel)|L3638,InitializeViewModelAsync(MainViewModel),1
Method|StopGameSessionMonitor()|L3734,StopGameSessionMonitor,StopGameSessionMonitor(),3734,3741,Method|DisposeCurrentViewModel()|L3669;Method|ReloadViewModelAsync()|L4358;Method|ShowModUsagePromptDialogAsync()|L962;Method|StartGameSessionMonitor()|L3703,DisposeCurrentViewModel();ReloadViewModelAsync();ShowModUsagePromptDialogAsync();StartGameSessionMonitor(),4
"Method|GameSessionMonitor_OnPromptRequired(object?,EventArgs)|L3743",GameSessionMonitor_OnPromptRequired,"GameSessionMonitor_OnPromptRequired(object?,EventArgs)",3743,3746,,,0
Method|ScanForModConfigFilesAsync(MainViewModel)|L3748,ScanForModConfigFilesAsync,ScanForModConfigFilesAsync(MainViewModel),3748,3752,"Method|ScanForModConfigsMenuItem_OnClick(object,RoutedEventArgs)|L6644","ScanForModConfigsMenuItem_OnClick(object,RoutedEventArgs)",1
"Method|ScanForModConfigFilesAsync(MainViewModel,IReadOnlyCollection<string>?)|L3754",ScanForModConfigFilesAsync,"ScanForModConfigFilesAsync(MainViewModel,IReadOnlyCollection<string>?)",3754,3788,,,0
"Method|ScanForModConfigFilesAsync(MainViewModel,IReadOnlyList<ModListItemViewModel>)|L3790",ScanForModConfigFilesAsync,"ScanForModConfigFilesAsync(MainViewModel,IReadOnlyList<ModListItemViewModel>)",3790,3866,,,0
"Method|FindConfigMatches(IReadOnlyList<(string ModId, string DisplayName)>,IReadOnlyList<string>)|L3868",FindConfigMatches,"FindConfigMatches(IReadOnlyList<(string ModId, string DisplayName)>,IReadOnlyList<string>)",3868,3943,"Method|ScanForModConfigFilesAsync(MainViewModel,IReadOnlyList<ModListItemViewModel>)|L3790","ScanForModConfigFilesAsync(MainViewModel,IReadOnlyList<ModListItemViewModel>)",1
"Method|TryCalculateMatchScore(IReadOnlyList<string>,IReadOnlyList<string>,out int)|L3945",TryCalculateMatchScore,"TryCalculateMatchScore(IReadOnlyList<string>,IReadOnlyList<string>,out int)",3945,3976,"Method|FindConfigMatches(IReadOnlyList<(string ModId, string DisplayName)>,IReadOnlyList<string>)|L3868","FindConfigMatches(IReadOnlyList<(string ModId, string DisplayName)>,IReadOnlyList<string>)",1
"Method|CalculateBestDistance(string,string,int)|L3978",CalculateBestDistance,"CalculateBestDistance(string,string,int)",3978,3986,"Method|TryCalculateMatchScore(IReadOnlyList<string>,IReadOnlyList<string>,out int)|L3945","TryCalculateMatchScore(IReadOnlyList<string>,IReadOnlyList<string>,out int)",1
"Method|CalculateLevenshteinDistance(ReadOnlySpan<char>,ReadOnlySpan<char>,int)|L3988",CalculateLevenshteinDistance,"CalculateLevenshteinDistance(ReadOnlySpan<char>,ReadOnlySpan<char>,int)",3988,4025,"Method|CalculateBestDistance(string,string,int)|L3978","CalculateBestDistance(string,string,int)",1
"Method|BuildModSearchTokenSets(string?,string?)|L4027",BuildModSearchTokenSets,"BuildModSearchTokenSets(string?,string?)",4027,4062,"Method|FindConfigMatches(IReadOnlyList<(string ModId, string DisplayName)>,IReadOnlyList<string>)|L3868","FindConfigMatches(IReadOnlyList<(string ModId, string DisplayName)>,IReadOnlyList<string>)",1
"Method|AreTokenListsEqual(IReadOnlyList<string>,IReadOnlyList<string>)|L4064",AreTokenListsEqual,"AreTokenListsEqual(IReadOnlyList<string>,IReadOnlyList<string>)",4064,4073,"Method|BuildModSearchTokenSets(string?,string?)|L4027","BuildModSearchTokenSets(string?,string?)",1
"Method|BuildSearchTokens(string,bool)|L4075",BuildSearchTokens,"BuildSearchTokens(string,bool)",4075,4087,"Method|BuildModSearchTokenSets(string?,string?)|L4027;Method|FindConfigMatches(IReadOnlyList<(string ModId, string DisplayName)>,IReadOnlyList<string>)|L3868","BuildModSearchTokenSets(string?,string?);FindConfigMatches(IReadOnlyList<(string ModId, string DisplayName)>,IReadOnlyList<string>)",2
Method|ExtractWords(string)|L4089,ExtractWords,ExtractWords(string),4089,4136,"Method|BuildSearchTokens(string,bool)|L4075","BuildSearchTokens(string,bool)",1
Method|StopModsWatcher()|L4138,StopModsWatcher,StopModsWatcher(),4138,4146,Method|OnClosed(EventArgs)|L14279;Method|ReloadViewModelAsync()|L4358;Method|StartModsWatcher()|L3689,OnClosed(EventArgs);ReloadViewModelAsync();StartModsWatcher(),3
"Method|ModsWatcherTimerOnTick(object?,EventArgs)|L4148",ModsWatcherTimerOnTick,"ModsWatcherTimerOnTick(object?,EventArgs)",4148,4173,,,0
Method|RefreshModsAsync(bool)|L4175,RefreshModsAsync,RefreshModsAsync(bool),4175,4207,"Method|ApplyExclusivePresetAsync(ModPreset)|L13110;Method|DeleteMultipleModsAsync(IReadOnlyList<ModListItemViewModel>)|L5222;Method|DeleteSingleModAsync(ModListItemViewModel)|L5181;Method|InstallModButton_OnClick(object,RoutedEventArgs)|L5455;Method|InstallModFromBrowserAsync(DownloadableMod)|L2736;Method|ModsWatcherTimerOnTick(object?,EventArgs)|L4148;Method|RefreshModsAfterDependencyResolutionAsync()|L3359;Method|RestoreDataBackupAsync(DataFolderBackupSummary)|L8653;Method|ScheduleRefreshAfterModlistLoadIfReady()|L3385;Method|UpdateModsAsync(IReadOnlyList<ModListItemViewModel>,bool,IReadOnlyDictionary<ModListItemViewModel, ModReleaseInfo>?,bool,Func<ModListItemViewModel, ModReleaseInfo, IProgress<ModUpdateProgress>?>?,Action<ModListItemViewModel, ModReleaseInfo, ModUpdateResult>?)|L13891","ApplyExclusivePresetAsync(ModPreset);DeleteMultipleModsAsync(IReadOnlyList<ModListItemViewModel>);DeleteSingleModAsync(ModListItemViewModel);InstallModButton_OnClick(object,RoutedEventArgs);InstallModFromBrowserAsync(DownloadableMod);ModsWatcherTimerOnTick(object?,EventArgs);RefreshModsAfterDependencyResolutionAsync();RestoreDataBackupAsync(DataFolderBackupSummary);ScheduleRefreshAfterModlistLoadIfReady();UpdateModsAsync(IReadOnlyList<ModListItemViewModel>,bool,IReadOnlyDictionary<ModListItemViewModel, ModReleaseInfo>?,bool,Func<ModListItemViewModel, ModReleaseInfo, IProgress<ModUpdateProgress>?>?,Action<ModListItemViewModel, ModReleaseInfo, ModUpdateResult>?)",10
Method|RefreshModDetailsOnly()|L4209,RefreshModDetailsOnly,RefreshModDetailsOnly(),4209,4215,Method|RefreshModsWithErrorHandlingAsync()|L7492,RefreshModsWithErrorHandlingAsync(),1
Method|TryInitializePaths()|L4217,TryInitializePaths,TryInitializePaths(),4217,4232,Method|OnActiveGameProfileChangedAsync()|L7572,OnActiveGameProfileChangedAsync(),1
Method|TryResolveDataDirectory()|L4234,TryResolveDataDirectory,TryResolveDataDirectory(),4234,4271,Method|TryInitializePaths()|L4217,TryInitializePaths(),1
Method|TryResolveGameDirectory()|L4273,TryResolveGameDirectory,TryResolveGameDirectory(),4273,4313,Method|TryInitializePaths()|L4217,TryInitializePaths(),1
Method|TryResolveCustomShortcut()|L4315,TryResolveCustomShortcut,TryResolveCustomShortcut(),4315,4338,Method|TryInitializePaths()|L4217,TryInitializePaths(),1
Method|HandleViewModelInitializationFailure(Exception)|L4340,HandleViewModelInitializationFailure,HandleViewModelInitializationFailure(Exception),4340,4356,,,0
Method|ReloadViewModelAsync()|L4358,ReloadViewModelAsync,ReloadViewModelAsync(),4358,4420,"Method|DeveloperProfileMenuItem_OnClick(object,RoutedEventArgs)|L7882;Method|OnActiveGameProfileChangedAsync()|L7572;Method|SelectDataFolderMenuItem_OnClick(object,RoutedEventArgs)|L7716","DeveloperProfileMenuItem_OnClick(object,RoutedEventArgs);OnActiveGameProfileChangedAsync();SelectDataFolderMenuItem_OnClick(object,RoutedEventArgs)",3
"Method|PromptForDirectory(string,string?,PathValidator,bool)|L4422",PromptForDirectory,"PromptForDirectory(string,string?,PathValidator,bool)",4422,4462,"Method|SelectDataFolderMenuItem_OnClick(object,RoutedEventArgs)|L7716;Method|SelectGameFolderMenuItem_OnClick(object,RoutedEventArgs)|L7735;Method|TryResolveDataDirectory()|L4234;Method|TryResolveGameDirectory()|L4273","SelectDataFolderMenuItem_OnClick(object,RoutedEventArgs);SelectGameFolderMenuItem_OnClick(object,RoutedEventArgs);TryResolveDataDirectory();TryResolveGameDirectory()",4
"Method|PromptForConfigFile(ModListItemViewModel,string?)|L4464",PromptForConfigFile,"PromptForConfigFile(ModListItemViewModel,string?)",4464,4493,"Method|EditConfigButton_OnClick(object,RoutedEventArgs)|L5057","EditConfigButton_OnClick(object,RoutedEventArgs)",1
Method|GetInitialConfigDirectory(string?)|L4495,GetInitialConfigDirectory,GetInitialConfigDirectory(string?),4495,4517,"Method|PromptForConfigFile(ModListItemViewModel,string?)|L4464","PromptForConfigFile(ModListItemViewModel,string?)",1
"Method|TryValidateDataDirectory(string?,out string?,out string?)|L4519",TryValidateDataDirectory,"TryValidateDataDirectory(string?,out string?,out string?)",4519,4557,Method|TryResolveDataDirectory()|L4234,TryResolveDataDirectory(),1
"Method|TryValidateGameDirectory(string?,out string?,out string?)|L4559",TryValidateGameDirectory,"TryValidateGameDirectory(string?,out string?,out string?)",4559,4608,Method|TryResolveGameDirectory()|L4273,TryResolveGameDirectory(),1
"Method|ModsDataGrid_OnSorting(object,DataGridSortingEventArgs)|L4614",ModsDataGrid_OnSorting,"ModsDataGrid_OnSorting(object,DataGridSortingEventArgs)",4614,4632,,,0
"Method|ModsDataGrid_OnSelectionChanged(object,SelectionChangedEventArgs)|L4634",ModsDataGrid_OnSelectionChanged,"ModsDataGrid_OnSelectionChanged(object,SelectionChangedEventArgs)",4634,4646,,,0
"Method|ModsDataGrid_OnPreviewKeyDown(object,KeyEventArgs)|L4648",ModsDataGrid_OnPreviewKeyDown,"ModsDataGrid_OnPreviewKeyDown(object,KeyEventArgs)",4648,4651,,,0
"Method|MainWindow_OnPreviewKeyDown(object,KeyEventArgs)|L4653",MainWindow_OnPreviewKeyDown,"MainWindow_OnPreviewKeyDown(object,KeyEventArgs)",4653,4656,,,0
"Method|UserReportsButton_OnClick(object,RoutedEventArgs)|L4658",UserReportsButton_OnClick,"UserReportsButton_OnClick(object,RoutedEventArgs)",4658,4722,,,0
Method|TryHandleModListKeyDownAsync(KeyEventArgs)|L4724,TryHandleModListKeyDownAsync,TryHandleModListKeyDownAsync(KeyEventArgs),4724,4755,"Method|MainWindow_OnPreviewKeyDown(object,KeyEventArgs)|L4653;Method|ModsDataGrid_OnPreviewKeyDown(object,KeyEventArgs)|L4648","MainWindow_OnPreviewKeyDown(object,KeyEventArgs);ModsDataGrid_OnPreviewKeyDown(object,KeyEventArgs)",2
"Method|ModsDataGrid_OnPreviewMouseLeftButtonDown(object,MouseButtonEventArgs)|L4757",ModsDataGrid_OnPreviewMouseLeftButtonDown,"ModsDataGrid_OnPreviewMouseLeftButtonDown(object,MouseButtonEventArgs)",4757,4779,,,0
"Method|ModsDataGridRow_OnPreviewMouseLeftButtonDown(object,MouseButtonEventArgs)|L4781",ModsDataGridRow_OnPreviewMouseLeftButtonDown,"ModsDataGridRow_OnPreviewMouseLeftButtonDown(object,MouseButtonEventArgs)",4781,4796,,,0
"Method|ModDatabaseCard_OnPreviewMouseLeftButtonDown(object,MouseButtonEventArgs)|L4798",ModDatabaseCard_OnPreviewMouseLeftButtonDown,"ModDatabaseCard_OnPreviewMouseLeftButtonDown(object,MouseButtonEventArgs)",4798,4813,,,0
"Method|ModsDataGridRow_OnLoaded(object,RoutedEventArgs)|L4815",ModsDataGridRow_OnLoaded,"ModsDataGridRow_OnLoaded(object,RoutedEventArgs)",4815,4828,,,0
"Method|ModsDataGridRow_OnDataContextChanged(object,DependencyPropertyChangedEventArgs)|L4830",ModsDataGridRow_OnDataContextChanged,"ModsDataGridRow_OnDataContextChanged(object,DependencyPropertyChangedEventArgs)",4830,4839,,,0
"Method|ModsDataGridRow_OnUnloaded(object,RoutedEventArgs)|L4841",ModsDataGridRow_OnUnloaded,"ModsDataGridRow_OnUnloaded(object,RoutedEventArgs)",4841,4851,,,0
"Method|ModsDataGridRow_OnMouseEnter(object,MouseEventArgs)|L4853",ModsDataGridRow_OnMouseEnter,"ModsDataGridRow_OnMouseEnter(object,MouseEventArgs)",4853,4863,,,0
"Method|ModsDataGridRow_OnMouseLeave(object,MouseEventArgs)|L4865",ModsDataGridRow_OnMouseLeave,"ModsDataGridRow_OnMouseLeave(object,MouseEventArgs)",4865,4875,,,0
Method|ResetRowOverlays(DataGridRow)|L4877,ResetRowOverlays,ResetRowOverlays(DataGridRow),4877,4913,"Method|ModsDataGridRow_OnDataContextChanged(object,DependencyPropertyChangedEventArgs)|L4830;Method|ModsDataGridRow_OnLoaded(object,RoutedEventArgs)|L4815;Method|ModsDataGridRow_OnMouseEnter(object,MouseEventArgs)|L4853;Method|ModsDataGridRow_OnMouseLeave(object,MouseEventArgs)|L4865;Method|RefreshRowHoverOverlays(DataGrid?)|L4948;Method|UpdateRowModSubscription(DataGridRow,ModListItemViewModel?)|L4958","ModsDataGridRow_OnDataContextChanged(object,DependencyPropertyChangedEventArgs);ModsDataGridRow_OnLoaded(object,RoutedEventArgs);ModsDataGridRow_OnMouseEnter(object,MouseEventArgs);ModsDataGridRow_OnMouseLeave(object,MouseEventArgs);RefreshRowHoverOverlays(DataGrid?);UpdateRowModSubscription(DataGridRow,ModListItemViewModel?)",6
Method|AreHoverOverlaysSuppressed()|L4915,AreHoverOverlaysSuppressed,AreHoverOverlaysSuppressed(),4915,4918,"Method|ModsDataGridRow_OnDataContextChanged(object,DependencyPropertyChangedEventArgs)|L4830;Method|ModsDataGridRow_OnLoaded(object,RoutedEventArgs)|L4815;Method|ModsDataGridRow_OnMouseEnter(object,MouseEventArgs)|L4853;Method|ModsDataGridRow_OnMouseLeave(object,MouseEventArgs)|L4865;Method|ModsDataGridRow_OnUnloaded(object,RoutedEventArgs)|L4841","ModsDataGridRow_OnDataContextChanged(object,DependencyPropertyChangedEventArgs);ModsDataGridRow_OnLoaded(object,RoutedEventArgs);ModsDataGridRow_OnMouseEnter(object,MouseEventArgs);ModsDataGridRow_OnMouseLeave(object,MouseEventArgs);ModsDataGridRow_OnUnloaded(object,RoutedEventArgs)",5
Method|AreHoverOverlaysSuppressed(DataGridRow)|L4920,AreHoverOverlaysSuppressed,AreHoverOverlaysSuppressed(DataGridRow),4920,4923,"Method|ResetRowOverlays(DataGridRow)|L4877;Method|UpdateRowModSubscription(DataGridRow,ModListItemViewModel?)|L4958","ResetRowOverlays(DataGridRow);UpdateRowModSubscription(DataGridRow,ModListItemViewModel?)",2
Method|AreHoverEffectsDisabled(DependencyObject)|L4925,AreHoverEffectsDisabled,AreHoverEffectsDisabled(DependencyObject),4925,4928,Method|ResetRowOverlays(DataGridRow)|L4877,ResetRowOverlays(DataGridRow),1
Method|ClearRowOverlayValues(DataGridRow)|L4930,ClearRowOverlayValues,ClearRowOverlayValues(DataGridRow),4930,4940,"Method|ModsDataGridRow_OnUnloaded(object,RoutedEventArgs)|L4841","ModsDataGridRow_OnUnloaded(object,RoutedEventArgs)",1
Method|RefreshHoverOverlayState()|L4942,RefreshHoverOverlayState,RefreshHoverOverlayState(),4942,4946,"Method|DisableHoverEffectsMenuItem_OnClick(object,RoutedEventArgs)|L1740;Method|ViewModelOnPropertyChanged(object?,PropertyChangedEventArgs)|L2963","DisableHoverEffectsMenuItem_OnClick(object,RoutedEventArgs);ViewModelOnPropertyChanged(object?,PropertyChangedEventArgs)",2
Method|RefreshRowHoverOverlays(DataGrid?)|L4948,RefreshRowHoverOverlays,RefreshRowHoverOverlays(DataGrid?),4948,4956,Method|RefreshHoverOverlayState()|L4942,RefreshHoverOverlayState(),1
"Method|UpdateRowModSubscription(DataGridRow,ModListItemViewModel?)|L4958",UpdateRowModSubscription,"UpdateRowModSubscription(DataGridRow,ModListItemViewModel?)",4958,4988,"Method|ModsDataGridRow_OnDataContextChanged(object,DependencyPropertyChangedEventArgs)|L4830;Method|ModsDataGridRow_OnLoaded(object,RoutedEventArgs)|L4815;Method|ModsDataGridRow_OnUnloaded(object,RoutedEventArgs)|L4841","ModsDataGridRow_OnDataContextChanged(object,DependencyPropertyChangedEventArgs);ModsDataGridRow_OnLoaded(object,RoutedEventArgs);ModsDataGridRow_OnUnloaded(object,RoutedEventArgs)",3
"Method|SetBoundMod(DataGridRow,ModListItemViewModel?)|L4990",SetBoundMod,"SetBoundMod(DataGridRow,ModListItemViewModel?)",4990,4993,"Method|UpdateRowModSubscription(DataGridRow,ModListItemViewModel?)|L4958","UpdateRowModSubscription(DataGridRow,ModListItemViewModel?)",1
Method|GetBoundMod(DataGridRow)|L4995,GetBoundMod,GetBoundMod(DataGridRow),4995,4998,"Method|UpdateRowModSubscription(DataGridRow,ModListItemViewModel?)|L4958","UpdateRowModSubscription(DataGridRow,ModListItemViewModel?)",1
"Method|SetBoundModHandler(DataGridRow,PropertyChangedEventHandler?)|L5000",SetBoundModHandler,"SetBoundModHandler(DataGridRow,PropertyChangedEventHandler?)",5000,5003,"Method|UpdateRowModSubscription(DataGridRow,ModListItemViewModel?)|L4958","UpdateRowModSubscription(DataGridRow,ModListItemViewModel?)",1
Method|GetBoundModHandler(DataGridRow)|L5005,GetBoundModHandler,GetBoundModHandler(DataGridRow),5005,5008,"Method|UpdateRowModSubscription(DataGridRow,ModListItemViewModel?)|L4958","UpdateRowModSubscription(DataGridRow,ModListItemViewModel?)",1
"Method|SetRowIsHovered(DataGridRow,bool)|L5010",SetRowIsHovered,"SetRowIsHovered(DataGridRow,bool)",5010,5013,"Method|ModsDataGridRow_OnLoaded(object,RoutedEventArgs)|L4815;Method|ModsDataGridRow_OnMouseEnter(object,MouseEventArgs)|L4853;Method|ModsDataGridRow_OnMouseLeave(object,MouseEventArgs)|L4865;Method|ModsDataGridRow_OnUnloaded(object,RoutedEventArgs)|L4841","ModsDataGridRow_OnLoaded(object,RoutedEventArgs);ModsDataGridRow_OnMouseEnter(object,MouseEventArgs);ModsDataGridRow_OnMouseLeave(object,MouseEventArgs);ModsDataGridRow_OnUnloaded(object,RoutedEventArgs)",4
Method|GetRowIsHovered(DataGridRow)|L5015,GetRowIsHovered,GetRowIsHovered(DataGridRow),5015,5018,Method|ResetRowOverlays(DataGridRow)|L4877,ResetRowOverlays(DataGridRow),1
"Method|ModDatabasePageButton_OnClick(object,RoutedEventArgs)|L5020",ModDatabasePageButton_OnClick,"ModDatabasePageButton_OnClick(object,RoutedEventArgs)",5020,5028,,,0
"Method|SelectedModCopyForServerButton_OnClick(object,RoutedEventArgs)|L5030",SelectedModCopyForServerButton_OnClick,"SelectedModCopyForServerButton_OnClick(object,RoutedEventArgs)",5030,5055,,,0
"Method|EditConfigButton_OnClick(object,RoutedEventArgs)|L5057",EditConfigButton_OnClick,"EditConfigButton_OnClick(object,RoutedEventArgs)",5057,5142,,,0
"Method|DeleteModButton_OnClick(object,RoutedEventArgs)|L5144",DeleteModButton_OnClick,"DeleteModButton_OnClick(object,RoutedEventArgs)",5144,5159,,,0
"Method|CloseModInfoButton_OnClick(object,RoutedEventArgs)|L5161",CloseModInfoButton_OnClick,"CloseModInfoButton_OnClick(object,RoutedEventArgs)",5161,5165,,,0
Method|DeleteSelectedModsAsync()|L5167,DeleteSelectedModsAsync,DeleteSelectedModsAsync(),5167,5179,"Method|DeleteModButton_OnClick(object,RoutedEventArgs)|L5144;Method|TryHandleModListKeyDownAsync(KeyEventArgs)|L4724","DeleteModButton_OnClick(object,RoutedEventArgs);TryHandleModListKeyDownAsync(KeyEventArgs)",2
Method|DeleteSingleModAsync(ModListItemViewModel)|L5181,DeleteSingleModAsync,DeleteSingleModAsync(ModListItemViewModel),5181,5220,"Method|DeleteModButton_OnClick(object,RoutedEventArgs)|L5144;Method|DeleteSelectedModsAsync()|L5167","DeleteModButton_OnClick(object,RoutedEventArgs);DeleteSelectedModsAsync()",2
Method|DeleteMultipleModsAsync(IReadOnlyList<ModListItemViewModel>)|L5222,DeleteMultipleModsAsync,DeleteMultipleModsAsync(IReadOnlyList<ModListItemViewModel>),5222,5293,Method|DeleteSelectedModsAsync()|L5167,DeleteSelectedModsAsync(),1
"Method|TryDeleteModAtPath(ModListItemViewModel,string)|L5295",TryDeleteModAtPath,"TryDeleteModAtPath(ModListItemViewModel,string)",5295,5333,Method|DeleteMultipleModsAsync(IReadOnlyList<ModListItemViewModel>)|L5222;Method|DeleteSingleModAsync(ModListItemViewModel)|L5181,DeleteMultipleModsAsync(IReadOnlyList<ModListItemViewModel>);DeleteSingleModAsync(ModListItemViewModel),2
"Method|FixModButton_OnClick(object,RoutedEventArgs)|L5335",FixModButton_OnClick,"FixModButton_OnClick(object,RoutedEventArgs)",5335,5453,,,0
"Method|InstallModButton_OnClick(object,RoutedEventArgs)|L5455",InstallModButton_OnClick,"InstallModButton_OnClick(object,RoutedEventArgs)",5455,5557,,,0
"Method|InstallOrUpdateDependencyAsync(ModDependencyInfo,ModListItemViewModel?)|L5559",InstallOrUpdateDependencyAsync,"InstallOrUpdateDependencyAsync(ModDependencyInfo,ModListItemViewModel?)",5559,5655,"Method|FixModButton_OnClick(object,RoutedEventArgs)|L5335","FixModButton_OnClick(object,RoutedEventArgs)",1
"Method|SelectReleaseForDependency(ModDependencyInfo,ModDatabaseInfo)|L5657",SelectReleaseForDependency,"SelectReleaseForDependency(ModDependencyInfo,ModDatabaseInfo)",5657,5696,"Method|InstallOrUpdateDependencyAsync(ModDependencyInfo,ModListItemViewModel?)|L5559","InstallOrUpdateDependencyAsync(ModDependencyInfo,ModListItemViewModel?)",1
Method|SelectReleaseForInstall(ModListItemViewModel)|L5698,SelectReleaseForInstall,SelectReleaseForInstall(ModListItemViewModel),5698,5705,"Method|InstallModButton_OnClick(object,RoutedEventArgs)|L5455;Method|InstallModFromBrowserAsync(DownloadableMod)|L2736","InstallModButton_OnClick(object,RoutedEventArgs);InstallModFromBrowserAsync(DownloadableMod)",2
"Method|UpdateModButton_OnClick(object,RoutedEventArgs)|L5707",UpdateModButton_OnClick,"UpdateModButton_OnClick(object,RoutedEventArgs)",5707,5723,,,0
"Method|SelectedModVersionComboBox_OnSelectionChanged(object,SelectionChangedEventArgs)|L5725",SelectedModVersionComboBox_OnSelectionChanged,"SelectedModVersionComboBox_OnSelectionChanged(object,SelectionChangedEventArgs)",5725,5749,,,0
"Method|SelectedModVersionComboBox_OnDropDownOpened(object,EventArgs)|L5751",SelectedModVersionComboBox_OnDropDownOpened,"SelectedModVersionComboBox_OnDropDownOpened(object,EventArgs)",5751,5771,,,0
"Method|UpdateAllModsMenuItem_OnClick(object,RoutedEventArgs)|L5773",UpdateAllModsMenuItem_OnClick,"UpdateAllModsMenuItem_OnClick(object,RoutedEventArgs)",5773,5822,,,0
"Method|CheckModsCompatibilityMenuItem_OnClick(object,RoutedEventArgs)|L5824",CheckModsCompatibilityMenuItem_OnClick,"CheckModsCompatibilityMenuItem_OnClick(object,RoutedEventArgs)",5824,5928,,,0
"Method|EvaluateCompatibility(ModListItemViewModel,string,string,bool)|L5930",EvaluateCompatibility,"EvaluateCompatibility(ModListItemViewModel,string,string,bool)",5930,6005,"Method|CheckModsCompatibilityMenuItem_OnClick(object,RoutedEventArgs)|L5824","CheckModsCompatibilityMenuItem_OnClick(object,RoutedEventArgs)",1
"Method|ReleaseSupportsVersion(ModReleaseInfo,string,bool)|L6007",ReleaseSupportsVersion,"ReleaseSupportsVersion(ModReleaseInfo,string,bool)",6007,6019,"Method|EvaluateCompatibility(ModListItemViewModel,string,string,bool)|L5930","EvaluateCompatibility(ModListItemViewModel,string,string,bool)",1
"Method|ModsMenuItem_OnSubmenuOpened(object,RoutedEventArgs)|L6021",ModsMenuItem_OnSubmenuOpened,"ModsMenuItem_OnSubmenuOpened(object,RoutedEventArgs)",6021,6024,,,0
"Method|DeleteCachedModsMenuItem_OnClick(object,RoutedEventArgs)|L6026",DeleteCachedModsMenuItem_OnClick,"DeleteCachedModsMenuItem_OnClick(object,RoutedEventArgs)",6026,6079,,,0
"Method|SaveInstalledModsPdfMenuItem_OnClick(object,RoutedEventArgs)|L6081",SaveInstalledModsPdfMenuItem_OnClick,"SaveInstalledModsPdfMenuItem_OnClick(object,RoutedEventArgs)",6081,6139,,,0
"Method|TrySaveInstalledModsPdf(string,string?,string?,string,IReadOnlyDictionary<string, IReadOnlyList<ModConfigurationSnapshot>>?,string?,IReadOnlyList<ModListItemViewModel>?)|L6141",TrySaveInstalledModsPdf,"TrySaveInstalledModsPdf(string,string?,string?,string,IReadOnlyDictionary<string, IReadOnlyList<ModConfigurationSnapshot>>?,string?,IReadOnlyList<ModListItemViewModel>?)",6141,6266,"Method|SaveInstalledModsPdfMenuItem_OnClick(object,RoutedEventArgs)|L6081;Method|TrySaveModlist(Func<string?>?,out string?)|L9442","SaveInstalledModsPdfMenuItem_OnClick(object,RoutedEventArgs);TrySaveModlist(Func<string?>?,out string?)",2
"Method|ManagerDataFolderMenuItem_OnClick(object,RoutedEventArgs)|L6268",ManagerDataFolderMenuItem_OnClick,"ManagerDataFolderMenuItem_OnClick(object,RoutedEventArgs)",6268,6296,,,0
"Method|ManagerModDbPageMenuItem_OnClick(object,RoutedEventArgs)|L6298",ManagerModDbPageMenuItem_OnClick,"ManagerModDbPageMenuItem_OnClick(object,RoutedEventArgs)",6298,6301,,,0
"Method|ChangeManagerFolderMenuItem_OnClick(object,RoutedEventArgs)|L6303",ChangeManagerFolderMenuItem_OnClick,"ChangeManagerFolderMenuItem_OnClick(object,RoutedEventArgs)",6303,6424,,,0
"Method|MoveDirectoryContents(string,string)|L6426",MoveDirectoryContents,"MoveDirectoryContents(string,string)",6426,6488,"Method|ChangeManagerFolderMenuItem_OnClick(object,RoutedEventArgs)|L6303;Method|HandleResetManagerFolder(string)|L6490;Method|MoveDirectoryContents(string,string)|L6426","ChangeManagerFolderMenuItem_OnClick(object,RoutedEventArgs);HandleResetManagerFolder(string);MoveDirectoryContents(string,string)",3
Method|HandleResetManagerFolder(string)|L6490,HandleResetManagerFolder,HandleResetManagerFolder(string),6490,6584,"Method|ChangeManagerFolderMenuItem_OnClick(object,RoutedEventArgs)|L6303","ChangeManagerFolderMenuItem_OnClick(object,RoutedEventArgs)",1
Method|RestartApplication()|L6586,RestartApplication,RestartApplication(),6586,6615,"Method|ChangeManagerFolderMenuItem_OnClick(object,RoutedEventArgs)|L6303;Method|HandleResetManagerFolder(string)|L6490","ChangeManagerFolderMenuItem_OnClick(object,RoutedEventArgs);HandleResetManagerFolder(string)",2
"Method|HelpMenuItem_OnClick(object,RoutedEventArgs)|L6617",HelpMenuItem_OnClick,"HelpMenuItem_OnClick(object,RoutedEventArgs)",6617,6628,,,0
"Method|GuideMenuItem_OnClick(object,RoutedEventArgs)|L6630",GuideMenuItem_OnClick,"GuideMenuItem_OnClick(object,RoutedEventArgs)",6630,6642,,,0
"Method|ScanForModConfigsMenuItem_OnClick(object,RoutedEventArgs)|L6644",ScanForModConfigsMenuItem_OnClick,"ScanForModConfigsMenuItem_OnClick(object,RoutedEventArgs)",6644,6739,,,0
"Method|ManagerUpdateLink_OnRequestNavigate(object,RequestNavigateEventArgs)|L6741",ManagerUpdateLink_OnRequestNavigate,"ManagerUpdateLink_OnRequestNavigate(object,RequestNavigateEventArgs)",6741,6745,,,0
"Method|DiscordButton_OnClick(object,RoutedEventArgs)|L6747",DiscordButton_OnClick,"DiscordButton_OnClick(object,RoutedEventArgs)",6747,6780,,,0
"Method|ModUsagePromptLink_OnClick(object,RoutedEventArgs)|L6782",ModUsagePromptLink_OnClick,"ModUsagePromptLink_OnClick(object,RoutedEventArgs)",6782,6787,,,0
Method|OpenManagerModDatabasePage()|L6789,OpenManagerModDatabasePage,OpenManagerModDatabasePage(),6789,6817,"Method|ManagerModDbPageMenuItem_OnClick(object,RoutedEventArgs)|L6298;Method|ManagerUpdateLink_OnRequestNavigate(object,RequestNavigateEventArgs)|L6741","ManagerModDbPageMenuItem_OnClick(object,RoutedEventArgs);ManagerUpdateLink_OnRequestNavigate(object,RequestNavigateEventArgs)",2
"Method|ExperimentalCompReviewMenuItem_OnClick(object,RoutedEventArgs)|L6819",ExperimentalCompReviewMenuItem_OnClick,"ExperimentalCompReviewMenuItem_OnClick(object,RoutedEventArgs)",6819,6879,,,0
Method|BuildExperimentalCompReviewMessage(ModCompatibilityCommentsService.ExperimentalCompReviewResult)|L6881,BuildExperimentalCompReviewMessage,BuildExperimentalCompReviewMessage(ModCompatibilityCommentsService.ExperimentalCompReviewResult),6881,6901,"Method|ExperimentalCompReviewMenuItem_OnClick(object,RoutedEventArgs)|L6819","ExperimentalCompReviewMenuItem_OnClick(object,RoutedEventArgs)",1
Method|FormatExperimentalCompReviewScore(double)|L6903,FormatExperimentalCompReviewScore,FormatExperimentalCompReviewScore(double),6903,6907,Method|BuildExperimentalCompReviewMessage(ModCompatibilityCommentsService.ExperimentalCompReviewResult)|L6881,BuildExperimentalCompReviewMessage(ModCompatibilityCommentsService.ExperimentalCompReviewResult),1
"Method|DeleteCloudAuthMenuItem_OnClick(object,RoutedEventArgs)|L6909",DeleteCloudAuthMenuItem_OnClick,"DeleteCloudAuthMenuItem_OnClick(object,RoutedEventArgs)",6909,6926,,,0
Method|ResolveExperimentalCompReviewIdentifier(ModListItemViewModel)|L6928,ResolveExperimentalCompReviewIdentifier,ResolveExperimentalCompReviewIdentifier(ModListItemViewModel),6928,6936,"Method|ExperimentalCompReviewMenuItem_OnClick(object,RoutedEventArgs)|L6819","ExperimentalCompReviewMenuItem_OnClick(object,RoutedEventArgs)",1
Method|TryExtractModSlug(string?)|L6938,TryExtractModSlug,TryExtractModSlug(string?),6938,6971,Method|ResolveExperimentalCompReviewIdentifier(ModListItemViewModel)|L6928,ResolveExperimentalCompReviewIdentifier(ModListItemViewModel),1
"Method|ClearAllCachesMenuItem_OnClick(object,RoutedEventArgs)|L6973",ClearAllCachesMenuItem_OnClick,"ClearAllCachesMenuItem_OnClick(object,RoutedEventArgs)",6973,7088,,,0
"Method|RestoreFirebaseAuthBackupMenuItem_OnClick(object,RoutedEventArgs)|L7090",RestoreFirebaseAuthBackupMenuItem_OnClick,"RestoreFirebaseAuthBackupMenuItem_OnClick(object,RoutedEventArgs)",7090,7166,,,0
"Method|DeleteAllManagerFilesMenuItem_OnClick(object,RoutedEventArgs)|L7168",DeleteAllManagerFilesMenuItem_OnClick,"DeleteAllManagerFilesMenuItem_OnClick(object,RoutedEventArgs)",7168,7239,,,0
Method|SwitchToInstalledModsTab()|L7241,SwitchToInstalledModsTab,SwitchToInstalledModsTab(),7241,7245,"Method|DeleteAllManagerFilesMenuItem_OnClick(object,RoutedEventArgs)|L7168;Method|PrepareForModlistLoad()|L7247","DeleteAllManagerFilesMenuItem_OnClick(object,RoutedEventArgs);PrepareForModlistLoad()",2
Method|PrepareForModlistLoad()|L7247,PrepareForModlistLoad,PrepareForModlistLoad(),7247,7251,"Method|InstallCloudModlistButton_OnClick(object,RoutedEventArgs)|L10666;Method|LoadModlistFromCloudMenuItem_OnClick(object,RoutedEventArgs)|L10740;Method|LoadModlistFromFileAsync(string)|L11017","InstallCloudModlistButton_OnClick(object,RoutedEventArgs);LoadModlistFromCloudMenuItem_OnClick(object,RoutedEventArgs);LoadModlistFromFileAsync(string)",3
Method|UpdateModlistLoadingUiState()|L7254,UpdateModlistLoadingUiState,UpdateModlistLoadingUiState(),7254,7272,"Method|ApplyPresetAsync(ModPreset,bool)|L12576","ApplyPresetAsync(ModPreset,bool)",1
Method|RefreshDeleteCachedModsMenuHeaderAsync()|L7274,RefreshDeleteCachedModsMenuHeaderAsync,RefreshDeleteCachedModsMenuHeaderAsync(),7274,7292,"Method|ClearManagerCachesForVersionUpdateAsync()|L693;Method|DeleteCachedModsMenuItem_OnClick(object,RoutedEventArgs)|L6026;Method|MainWindow_Loaded(object,RoutedEventArgs)|L590;Method|ModsMenuItem_OnSubmenuOpened(object,RoutedEventArgs)|L6021;Method|ReloadViewModelAsync()|L4358;Method|UpdateModsAsync(IReadOnlyList<ModListItemViewModel>,bool,IReadOnlyDictionary<ModListItemViewModel, ModReleaseInfo>?,bool,Func<ModListItemViewModel, ModReleaseInfo, IProgress<ModUpdateProgress>?>?,Action<ModListItemViewModel, ModReleaseInfo, ModUpdateResult>?)|L13891","ClearManagerCachesForVersionUpdateAsync();DeleteCachedModsMenuItem_OnClick(object,RoutedEventArgs);MainWindow_Loaded(object,RoutedEventArgs);ModsMenuItem_OnSubmenuOpened(object,RoutedEventArgs);ReloadViewModelAsync();UpdateModsAsync(IReadOnlyList<ModListItemViewModel>,bool,IReadOnlyDictionary<ModListItemViewModel, ModReleaseInfo>?,bool,Func<ModListItemViewModel, ModReleaseInfo, IProgress<ModUpdateProgress>?>?,Action<ModListItemViewModel, ModReleaseInfo, ModUpdateResult>?)",6
Method|CalculateDirectorySize(string)|L7294,CalculateDirectorySize,CalculateDirectorySize(string),7294,7353,Method|RefreshDeleteCachedModsMenuHeaderAsync()|L7274,RefreshDeleteCachedModsMenuHeaderAsync(),1
Method|GetCachedModsDirectory()|L7355,GetCachedModsDirectory,GetCachedModsDirectory(),7355,7358,"Method|DeleteCachedModsMenuItem_OnClick(object,RoutedEventArgs)|L6026;Method|RefreshDeleteCachedModsMenuHeaderAsync()|L7274","DeleteCachedModsMenuItem_OnClick(object,RoutedEventArgs);RefreshDeleteCachedModsMenuHeaderAsync()",2
Method|GetManagerDataDirectory()|L7360,GetManagerDataDirectory,GetManagerDataDirectory(),7360,7363,"Method|ManagerDataFolderMenuItem_OnClick(object,RoutedEventArgs)|L6268","ManagerDataFolderMenuItem_OnClick(object,RoutedEventArgs)",1
Method|DeleteAllManagerFiles(string?)|L7365,DeleteAllManagerFiles,DeleteAllManagerFiles(string?),7365,7427,"Method|DeleteAllManagerFilesMenuItem_OnClick(object,RoutedEventArgs)|L7168","DeleteAllManagerFilesMenuItem_OnClick(object,RoutedEventArgs)",1
"Method|AddCandidateDirectory(ISet<string>,string?)|L7429",AddCandidateDirectory,"AddCandidateDirectory(ISet<string>,string?)",7429,7435,Method|DeleteAllManagerFiles(string?)|L7365,DeleteAllManagerFiles(string?),1
"Method|AddCandidateFile(ISet<string>,string?)|L7437",AddCandidateFile,"AddCandidateFile(ISet<string>,string?)",7437,7443,Method|DeleteAllManagerFiles(string?)|L7365,DeleteAllManagerFiles(string?),1
"Method|TryCombineSpecialFolder(Environment.SpecialFolder,string)|L7445",TryCombineSpecialFolder,"TryCombineSpecialFolder(Environment.SpecialFolder,string)",7445,7459,Method|DeleteAllManagerFiles(string?)|L7365,DeleteAllManagerFiles(string?),1
Method|TryGetSpecialFolderPath(Environment.SpecialFolder)|L7461,TryGetSpecialFolderPath,TryGetSpecialFolderPath(Environment.SpecialFolder),7461,7475,"Method|TryCombineSpecialFolder(Environment.SpecialFolder,string)|L7445","TryCombineSpecialFolder(Environment.SpecialFolder,string)",1
Method|TryNormalizePath(string?)|L7477,TryNormalizePath,TryNormalizePath(string?),7477,7490,"Method|AddCandidateDirectory(ISet<string>,string?)|L7429;Method|AddCandidateFile(ISet<string>,string?)|L7437","AddCandidateDirectory(ISet<string>,string?);AddCandidateFile(ISet<string>,string?)",2
Method|RefreshModsWithErrorHandlingAsync()|L7492,RefreshModsWithErrorHandlingAsync,RefreshModsWithErrorHandlingAsync(),7492,7516,,,0
Method|ClearManagerCaches(bool)|L7518,ClearManagerCaches,ClearManagerCaches(bool),7518,7544,Method|ClearManagerCachesForVersionUpdateAsync()|L693,ClearManagerCachesForVersionUpdateAsync(),1
Method|ClearCachedModsDirectory(string)|L7546,ClearCachedModsDirectory,ClearCachedModsDirectory(string),7546,7551,Method|ClearManagerCaches(bool)|L7518,ClearManagerCaches(bool),1
"Method|BuildCacheClearErrorMessage(string,Exception)|L7553",BuildCacheClearErrorMessage,"BuildCacheClearErrorMessage(string,Exception)",7553,7570,Method|ClearManagerCaches(bool)|L7518,ClearManagerCaches(bool),1
Method|OnActiveGameProfileChangedAsync()|L7572,OnActiveGameProfileChangedAsync,OnActiveGameProfileChangedAsync(),7572,7580,"Method|CreateGameProfileMenuItem_OnClick(object,RoutedEventArgs)|L7588;Method|DeleteGameProfileMenuItem_OnClick(object,RoutedEventArgs)|L7672;Method|GameProfileMenuItem_OnClick(object,RoutedEventArgs)|L7700","CreateGameProfileMenuItem_OnClick(object,RoutedEventArgs);DeleteGameProfileMenuItem_OnClick(object,RoutedEventArgs);GameProfileMenuItem_OnClick(object,RoutedEventArgs)",3
"Method|GameProfilesMenuItem_OnSubmenuOpened(object,RoutedEventArgs)|L7582",GameProfilesMenuItem_OnSubmenuOpened,"GameProfilesMenuItem_OnSubmenuOpened(object,RoutedEventArgs)",7582,7586,,,0
"Method|CreateGameProfileMenuItem_OnClick(object,RoutedEventArgs)|L7588",CreateGameProfileMenuItem_OnClick,"CreateGameProfileMenuItem_OnClick(object,RoutedEventArgs)",7588,7638,,,0
"Method|EditGameProfileMenuItem_OnClick(object,RoutedEventArgs)|L7640",EditGameProfileMenuItem_OnClick,"EditGameProfileMenuItem_OnClick(object,RoutedEventArgs)",7640,7670,,,0
"Method|DeleteGameProfileMenuItem_OnClick(object,RoutedEventArgs)|L7672",DeleteGameProfileMenuItem_OnClick,"DeleteGameProfileMenuItem_OnClick(object,RoutedEventArgs)",7672,7698,,,0
"Method|GameProfileMenuItem_OnClick(object,RoutedEventArgs)|L7700",GameProfileMenuItem_OnClick,"GameProfileMenuItem_OnClick(object,RoutedEventArgs)",7700,7714,,,0
"Method|SelectDataFolderMenuItem_OnClick(object,RoutedEventArgs)|L7716",SelectDataFolderMenuItem_OnClick,"SelectDataFolderMenuItem_OnClick(object,RoutedEventArgs)",7716,7733,,,0
"Method|SelectGameFolderMenuItem_OnClick(object,RoutedEventArgs)|L7735",SelectGameFolderMenuItem_OnClick,"SelectGameFolderMenuItem_OnClick(object,RoutedEventArgs)",7735,7750,,,0
Method|RefreshDeveloperProfilesMenuEntries()|L7752,RefreshDeveloperProfilesMenuEntries,RefreshDeveloperProfilesMenuEntries(),7752,7790,"Method|DeveloperProfileManager_OnCurrentProfileChanged(object?,DeveloperProfileChangedEventArgs)|L7914;Method|OnActiveGameProfileChangedAsync()|L7572;Method|SelectDataFolderMenuItem_OnClick(object,RoutedEventArgs)|L7716","DeveloperProfileManager_OnCurrentProfileChanged(object?,DeveloperProfileChangedEventArgs);OnActiveGameProfileChangedAsync();SelectDataFolderMenuItem_OnClick(object,RoutedEventArgs)",3
Method|RefreshGameProfileMenuItems()|L7792,RefreshGameProfileMenuItems,RefreshGameProfileMenuItems(),7792,7832,"Method|CreateGameProfileMenuItem_OnClick(object,RoutedEventArgs)|L7588;Method|DeleteGameProfileMenuItem_OnClick(object,RoutedEventArgs)|L7672;Method|GameProfilesMenuItem_OnSubmenuOpened(object,RoutedEventArgs)|L7582","CreateGameProfileMenuItem_OnClick(object,RoutedEventArgs);DeleteGameProfileMenuItem_OnClick(object,RoutedEventArgs);GameProfilesMenuItem_OnSubmenuOpened(object,RoutedEventArgs)",3
Method|UpdateGameProfileMenuChecks()|L7834,UpdateGameProfileMenuChecks,UpdateGameProfileMenuChecks(),7834,7841,"Method|CreateGameProfileMenuItem_OnClick(object,RoutedEventArgs)|L7588;Method|DeleteGameProfileMenuItem_OnClick(object,RoutedEventArgs)|L7672;Method|GameProfileMenuItem_OnClick(object,RoutedEventArgs)|L7700;Method|GameProfilesMenuItem_OnSubmenuOpened(object,RoutedEventArgs)|L7582","CreateGameProfileMenuItem_OnClick(object,RoutedEventArgs);DeleteGameProfileMenuItem_OnClick(object,RoutedEventArgs);GameProfileMenuItem_OnClick(object,RoutedEventArgs);GameProfilesMenuItem_OnSubmenuOpened(object,RoutedEventArgs)",4
Method|UpdateActiveGameProfileDisplay()|L7843,UpdateActiveGameProfileDisplay,UpdateActiveGameProfileDisplay(),7843,7860,Method|OnActiveGameProfileChangedAsync()|L7572;Method|RefreshGameProfileMenuItems()|L7792,OnActiveGameProfileChangedAsync();RefreshGameProfileMenuItems(),2
Method|UpdateDeveloperProfileMenuChecks()|L7862,UpdateDeveloperProfileMenuChecks,UpdateDeveloperProfileMenuChecks(),7862,7880,"Method|DeveloperProfileManager_OnCurrentProfileChanged(object?,DeveloperProfileChangedEventArgs)|L7914;Method|DeveloperProfileMenuItem_OnClick(object,RoutedEventArgs)|L7882;Method|RefreshDeveloperProfilesMenuEntries()|L7752","DeveloperProfileManager_OnCurrentProfileChanged(object?,DeveloperProfileChangedEventArgs);DeveloperProfileMenuItem_OnClick(object,RoutedEventArgs);RefreshDeveloperProfilesMenuEntries()",3
"Method|DeveloperProfileMenuItem_OnClick(object,RoutedEventArgs)|L7882",DeveloperProfileMenuItem_OnClick,"DeveloperProfileMenuItem_OnClick(object,RoutedEventArgs)",7882,7912,,,0
"Method|DeveloperProfileManager_OnCurrentProfileChanged(object?,DeveloperProfileChangedEventArgs)|L7914",DeveloperProfileManager_OnCurrentProfileChanged,"DeveloperProfileManager_OnCurrentProfileChanged(object?,DeveloperProfileChangedEventArgs)",7914,7928,"Method|DeveloperProfileManager_OnCurrentProfileChanged(object?,DeveloperProfileChangedEventArgs)|L7914","DeveloperProfileManager_OnCurrentProfileChanged(object?,DeveloperProfileChangedEventArgs)",1
"Method|ExitMenuItem_OnClick(object,RoutedEventArgs)|L7930",ExitMenuItem_OnClick,"ExitMenuItem_OnClick(object,RoutedEventArgs)",7930,7933,,,0
"Method|ManageServerTargetsMenuItem_OnClick(object,RoutedEventArgs)|L7935",ManageServerTargetsMenuItem_OnClick,"ManageServerTargetsMenuItem_OnClick(object,RoutedEventArgs)",7935,7946,,,0
"Method|SyncToServerMenuItem_OnClick(object,RoutedEventArgs)|L7948",SyncToServerMenuItem_OnClick,"SyncToServerMenuItem_OnClick(object,RoutedEventArgs)",7948,7997,,,0
"Method|CreateSftpClientWrapper(ServerTarget,string?,Func<string, HostKeyVerificationResult, Task<bool>>)|L7999",CreateSftpClientWrapper,"CreateSftpClientWrapper(ServerTarget,string?,Func<string, HostKeyVerificationResult, Task<bool>>)",7999,8005,,,0
"Method|TestServerConnectionAsync(ServerTarget,string?,Func<string, HostKeyVerificationResult, Task<bool>>)|L8007",TestServerConnectionAsync,"TestServerConnectionAsync(ServerTarget,string?,Func<string, HostKeyVerificationResult, Task<bool>>)",8007,8017,,,0
"Method|ShowHostKeyVerificationAsync(string,HostKeyVerificationResult)|L8019",ShowHostKeyVerificationAsync,"ShowHostKeyVerificationAsync(string,HostKeyVerificationResult)",8019,8032,"Method|ShowHostKeyVerificationAsync(string,HostKeyVerificationResult)|L8019","ShowHostKeyVerificationAsync(string,HostKeyVerificationResult)",1
Method|UpdateSyncToServerMenuState()|L8034,UpdateSyncToServerMenuState,UpdateSyncToServerMenuState(),8034,8039,"Method|EditGameProfileMenuItem_OnClick(object,RoutedEventArgs)|L7640;Method|ManageServerTargetsMenuItem_OnClick(object,RoutedEventArgs)|L7935;Method|OnActiveGameProfileChangedAsync()|L7572","EditGameProfileMenuItem_OnClick(object,RoutedEventArgs);ManageServerTargetsMenuItem_OnClick(object,RoutedEventArgs);OnActiveGameProfileChangedAsync()",3
Method|TryEnsureDataBackupBeforeLaunchAsync()|L8041,TryEnsureDataBackupBeforeLaunchAsync,TryEnsureDataBackupBeforeLaunchAsync(),8041,8080,"Method|LaunchGameButton_OnClick(object,RoutedEventArgs)|L8082","LaunchGameButton_OnClick(object,RoutedEventArgs)",1
"Method|LaunchGameButton_OnClick(object,RoutedEventArgs)|L8082",LaunchGameButton_OnClick,"LaunchGameButton_OnClick(object,RoutedEventArgs)",8082,8162,,,0
"Method|SetCustomShortcutMenuItem_OnClick(object,RoutedEventArgs)|L8164",SetCustomShortcutMenuItem_OnClick,"SetCustomShortcutMenuItem_OnClick(object,RoutedEventArgs)",8164,8238,,,0
"Method|RestoreDataFolderMenuItem_OnSubmenuOpened(object,RoutedEventArgs)|L8240",RestoreDataFolderMenuItem_OnSubmenuOpened,"RestoreDataFolderMenuItem_OnSubmenuOpened(object,RoutedEventArgs)",8240,8347,,,0
"Method|RestoreDataFolderMenuItem_OnBackupClick(object,RoutedEventArgs)|L8349",RestoreDataFolderMenuItem_OnBackupClick,"RestoreDataFolderMenuItem_OnBackupClick(object,RoutedEventArgs)",8349,8372,,,0
"Method|OpenDataBackupDirectoryMenuItem_OnClick(object?,RoutedEventArgs)|L8374",OpenDataBackupDirectoryMenuItem_OnClick,"OpenDataBackupDirectoryMenuItem_OnClick(object?,RoutedEventArgs)",8374,8412,,,0
"Method|ChangeBackupLocationMenuItem_OnClick(object?,RoutedEventArgs)|L8414",ChangeBackupLocationMenuItem_OnClick,"ChangeBackupLocationMenuItem_OnClick(object?,RoutedEventArgs)",8414,8456,,,0
"Method|DeleteDataFolderBackupsMenuItem_OnClick(object?,RoutedEventArgs)|L8458",DeleteDataFolderBackupsMenuItem_OnClick,"DeleteDataFolderBackupsMenuItem_OnClick(object?,RoutedEventArgs)",8458,8526,,,0
"Method|RestoreBackupMenuItem_OnSubmenuOpened(object,RoutedEventArgs)|L8528",RestoreBackupMenuItem_OnSubmenuOpened,"RestoreBackupMenuItem_OnSubmenuOpened(object,RoutedEventArgs)",8528,8600,,,0
"Method|RestoreBackupMenuItem_OnBackupClick(object,RoutedEventArgs)|L8602",RestoreBackupMenuItem_OnBackupClick,"RestoreBackupMenuItem_OnBackupClick(object,RoutedEventArgs)",8602,8615,,,0
"Method|RestoreBackupAsync(string,bool)|L8617",RestoreBackupAsync,"RestoreBackupAsync(string,bool)",8617,8651,"Method|RestoreBackupMenuItem_OnBackupClick(object,RoutedEventArgs)|L8602","RestoreBackupMenuItem_OnBackupClick(object,RoutedEventArgs)",1
Method|RestoreDataBackupAsync(DataFolderBackupSummary)|L8653,RestoreDataBackupAsync,RestoreDataBackupAsync(DataFolderBackupSummary),8653,8711,"Method|RestoreDataFolderMenuItem_OnBackupClick(object,RoutedEventArgs)|L8349","RestoreDataFolderMenuItem_OnBackupClick(object,RoutedEventArgs)",1
Method|CreateDataBackupProgressReporter(string)|L8713,CreateDataBackupProgressReporter,CreateDataBackupProgressReporter(string),8713,8723,Method|RestoreDataBackupAsync(DataFolderBackupSummary)|L8653;Method|TryEnsureDataBackupBeforeLaunchAsync()|L8041,RestoreDataBackupAsync(DataFolderBackupSummary);TryEnsureDataBackupBeforeLaunchAsync(),2
Method|ShowDataBackupOverlay(string)|L8725,ShowDataBackupOverlay,ShowDataBackupOverlay(string),8725,8730,Method|RestoreDataBackupAsync(DataFolderBackupSummary)|L8653;Method|TryEnsureDataBackupBeforeLaunchAsync()|L8041,RestoreDataBackupAsync(DataFolderBackupSummary);TryEnsureDataBackupBeforeLaunchAsync(),2
Method|HideDataBackupOverlay()|L8732,HideDataBackupOverlay,HideDataBackupOverlay(),8732,8737,Method|RestoreDataBackupAsync(DataFolderBackupSummary)|L8653;Method|TryEnsureDataBackupBeforeLaunchAsync()|L8041,RestoreDataBackupAsync(DataFolderBackupSummary);TryEnsureDataBackupBeforeLaunchAsync(),2
"Method|BeginModlistInstallUi(int,string)|L8739",BeginModlistInstallUi,"BeginModlistInstallUi(int,string)",8739,8747,"Method|ApplyPresetModVersionsAsync(ModPreset)|L12806;Method|UpdateModsAsync(IReadOnlyList<ModListItemViewModel>,bool,IReadOnlyDictionary<ModListItemViewModel, ModReleaseInfo>?,bool,Func<ModListItemViewModel, ModReleaseInfo, IProgress<ModUpdateProgress>?>?,Action<ModListItemViewModel, ModReleaseInfo, ModUpdateResult>?)|L13891","ApplyPresetModVersionsAsync(ModPreset);UpdateModsAsync(IReadOnlyList<ModListItemViewModel>,bool,IReadOnlyDictionary<ModListItemViewModel, ModReleaseInfo>?,bool,Func<ModListItemViewModel, ModReleaseInfo, IProgress<ModUpdateProgress>?>?,Action<ModListItemViewModel, ModReleaseInfo, ModUpdateResult>?)",2
"Method|UpdateModlistInstallUi(string,double?,double?)|L8749",UpdateModlistInstallUi,"UpdateModlistInstallUi(string,double?,double?)",8749,8759,Method|CreateModlistInstallProgressReporter(string)|L8815,CreateModlistInstallProgressReporter(string),1
Method|CompleteModlistInstallStep(string)|L8761,CompleteModlistInstallStep,CompleteModlistInstallStep(string),8761,8769,"Method|ApplyPresetModVersionsAsync(ModPreset)|L12806;Method|UpdateModsAsync(IReadOnlyList<ModListItemViewModel>,bool,IReadOnlyDictionary<ModListItemViewModel, ModReleaseInfo>?,bool,Func<ModListItemViewModel, ModReleaseInfo, IProgress<ModUpdateProgress>?>?,Action<ModListItemViewModel, ModReleaseInfo, ModUpdateResult>?)|L13891","ApplyPresetModVersionsAsync(ModPreset);UpdateModsAsync(IReadOnlyList<ModListItemViewModel>,bool,IReadOnlyDictionary<ModListItemViewModel, ModReleaseInfo>?,bool,Func<ModListItemViewModel, ModReleaseInfo, IProgress<ModUpdateProgress>?>?,Action<ModListItemViewModel, ModReleaseInfo, ModUpdateResult>?)",2
Method|EndModlistInstallUi()|L8771,EndModlistInstallUi,EndModlistInstallUi(),8771,8779,"Method|ApplyPresetModVersionsAsync(ModPreset)|L12806;Method|UpdateModsAsync(IReadOnlyList<ModListItemViewModel>,bool,IReadOnlyDictionary<ModListItemViewModel, ModReleaseInfo>?,bool,Func<ModListItemViewModel, ModReleaseInfo, IProgress<ModUpdateProgress>?>?,Action<ModListItemViewModel, ModReleaseInfo, ModUpdateResult>?)|L13891","ApplyPresetModVersionsAsync(ModPreset);UpdateModsAsync(IReadOnlyList<ModListItemViewModel>,bool,IReadOnlyDictionary<ModListItemViewModel, ModReleaseInfo>?,bool,Func<ModListItemViewModel, ModReleaseInfo, IProgress<ModUpdateProgress>?>?,Action<ModListItemViewModel, ModReleaseInfo, ModUpdateResult>?)",2
Method|ClampPercent(double?)|L8781,ClampPercent,ClampPercent(double?),8781,8785,"Method|UpdateModlistInstallUi(string,double?,double?)|L8749","UpdateModlistInstallUi(string,double?,double?)",1
Method|UpdateModlistDownloadSpeed(double?)|L8787,UpdateModlistDownloadSpeed,UpdateModlistDownloadSpeed(double?),8787,8798,"Method|BeginModlistInstallUi(int,string)|L8739;Method|CompleteModlistInstallStep(string)|L8761;Method|EndModlistInstallUi()|L8771;Method|UpdateModlistInstallUi(string,double?,double?)|L8749","BeginModlistInstallUi(int,string);CompleteModlistInstallStep(string);EndModlistInstallUi();UpdateModlistInstallUi(string,double?,double?)",4
Method|FormatDownloadSpeed(double)|L8800,FormatDownloadSpeed,FormatDownloadSpeed(double),8800,8813,Method|UpdateModlistDownloadSpeed(double?)|L8787,UpdateModlistDownloadSpeed(double?),1
Method|CreateModlistInstallProgressReporter(string)|L8815,CreateModlistInstallProgressReporter,CreateModlistInstallProgressReporter(string),8815,8825,"Method|ApplyPresetModVersionsAsync(ModPreset)|L12806;Method|UpdateModsAsync(IReadOnlyList<ModListItemViewModel>,bool,IReadOnlyDictionary<ModListItemViewModel, ModReleaseInfo>?,bool,Func<ModListItemViewModel, ModReleaseInfo, IProgress<ModUpdateProgress>?>?,Action<ModListItemViewModel, ModReleaseInfo, ModUpdateResult>?)|L13891","ApplyPresetModVersionsAsync(ModPreset);UpdateModsAsync(IReadOnlyList<ModListItemViewModel>,bool,IReadOnlyDictionary<ModListItemViewModel, ModReleaseInfo>?,bool,Func<ModListItemViewModel, ModReleaseInfo, IProgress<ModUpdateProgress>?>?,Action<ModListItemViewModel, ModReleaseInfo, ModUpdateResult>?)",2
"Method|CreateModUpdateProgressReporter(string,IProgress<ModUpdateProgress>?)|L8827",CreateModUpdateProgressReporter,"CreateModUpdateProgressReporter(string,IProgress<ModUpdateProgress>?)",8827,8837,"Method|TryInstallPresetModAsync(ModPresetModState,IProgress<ModUpdateProgress>?)|L13041;Method|UpdateModsAsync(IReadOnlyList<ModListItemViewModel>,bool,IReadOnlyDictionary<ModListItemViewModel, ModReleaseInfo>?,bool,Func<ModListItemViewModel, ModReleaseInfo, IProgress<ModUpdateProgress>?>?,Action<ModListItemViewModel, ModReleaseInfo, ModUpdateResult>?)|L13891","TryInstallPresetModAsync(ModPresetModState,IProgress<ModUpdateProgress>?);UpdateModsAsync(IReadOnlyList<ModListItemViewModel>,bool,IReadOnlyDictionary<ModListItemViewModel, ModReleaseInfo>?,bool,Func<ModListItemViewModel, ModReleaseInfo, IProgress<ModUpdateProgress>?>?,Action<ModListItemViewModel, ModReleaseInfo, ModUpdateResult>?)",2
"Method|OpenModFolderButton_OnClick(object,RoutedEventArgs)|L8839",OpenModFolderButton_OnClick,"OpenModFolderButton_OnClick(object,RoutedEventArgs)",8839,8842,,,0
"Method|OpenConfigFolderButton_OnClick(object,RoutedEventArgs)|L8844",OpenConfigFolderButton_OnClick,"OpenConfigFolderButton_OnClick(object,RoutedEventArgs)",8844,8847,,,0
"Method|OpenLogsFolderButton_OnClick(object,RoutedEventArgs)|L8849",OpenLogsFolderButton_OnClick,"OpenLogsFolderButton_OnClick(object,RoutedEventArgs)",8849,8852,,,0
"Method|OpenFolder(string?,string)|L8854",OpenFolder,"OpenFolder(string?,string)",8854,8887,"Method|ManagerDataFolderMenuItem_OnClick(object,RoutedEventArgs)|L6268;Method|OpenConfigFolderButton_OnClick(object,RoutedEventArgs)|L8844;Method|OpenLogsFolderButton_OnClick(object,RoutedEventArgs)|L8849;Method|OpenModFolderButton_OnClick(object,RoutedEventArgs)|L8839;Method|OpenModlistsFolderButton_OnClick(object,RoutedEventArgs)|L10480","ManagerDataFolderMenuItem_OnClick(object,RoutedEventArgs);OpenConfigFolderButton_OnClick(object,RoutedEventArgs);OpenLogsFolderButton_OnClick(object,RoutedEventArgs);OpenModFolderButton_OnClick(object,RoutedEventArgs);OpenModlistsFolderButton_OnClick(object,RoutedEventArgs)",5
Method|OpenFolderWithShell(string)|L8889,OpenFolderWithShell,OpenFolderWithShell(string),8889,8908,"Method|OpenFolder(string?,string)|L8854","OpenFolder(string?,string)",1
"Method|TryGetManagedModPath(ModListItemViewModel,out string,out string?)|L8910",TryGetManagedModPath,"TryGetManagedModPath(ModListItemViewModel,out string,out string?)",8910,8948,"Method|ApplyExclusivePresetAsync(ModPreset)|L13110;Method|DeleteMultipleModsAsync(IReadOnlyList<ModListItemViewModel>)|L5222;Method|DeleteSingleModAsync(ModListItemViewModel)|L5181;Method|InstallOrUpdateDependencyAsync(ModDependencyInfo,ModListItemViewModel?)|L5559;Method|UpdateModsAsync(IReadOnlyList<ModListItemViewModel>,bool,IReadOnlyDictionary<ModListItemViewModel, ModReleaseInfo>?,bool,Func<ModListItemViewModel, ModReleaseInfo, IProgress<ModUpdateProgress>?>?,Action<ModListItemViewModel, ModReleaseInfo, ModUpdateResult>?)|L13891","ApplyExclusivePresetAsync(ModPreset);DeleteMultipleModsAsync(IReadOnlyList<ModListItemViewModel>);DeleteSingleModAsync(ModListItemViewModel);InstallOrUpdateDependencyAsync(ModDependencyInfo,ModListItemViewModel?);UpdateModsAsync(IReadOnlyList<ModListItemViewModel>,bool,IReadOnlyDictionary<ModListItemViewModel, ModReleaseInfo>?,bool,Func<ModListItemViewModel, ModReleaseInfo, IProgress<ModUpdateProgress>?>?,Action<ModListItemViewModel, ModReleaseInfo, ModUpdateResult>?)",5
"Method|TryGetDependencyInstallTargetPath(string,ModReleaseInfo,out string,out string?)|L8950",TryGetDependencyInstallTargetPath,"TryGetDependencyInstallTargetPath(string,ModReleaseInfo,out string,out string?)",8950,8989,"Method|InstallOrUpdateDependencyAsync(ModDependencyInfo,ModListItemViewModel?)|L5559;Method|TryInstallPresetModAsync(ModPresetModState,IProgress<ModUpdateProgress>?)|L13041","InstallOrUpdateDependencyAsync(ModDependencyInfo,ModListItemViewModel?);TryInstallPresetModAsync(ModPresetModState,IProgress<ModUpdateProgress>?)",2
"Method|TryGetInstallTargetPath(ModListItemViewModel,ModReleaseInfo,out string,out string?)|L8991",TryGetInstallTargetPath,"TryGetInstallTargetPath(ModListItemViewModel,ModReleaseInfo,out string,out string?)",8991,9030,"Method|InstallModButton_OnClick(object,RoutedEventArgs)|L5455;Method|InstallModFromBrowserAsync(DownloadableMod)|L2736","InstallModButton_OnClick(object,RoutedEventArgs);InstallModFromBrowserAsync(DownloadableMod)",2
"Method|TryGetUpdateTargetPath(ModListItemViewModel,ModReleaseInfo,string,out string,out string?)|L9032",TryGetUpdateTargetPath,"TryGetUpdateTargetPath(ModListItemViewModel,ModReleaseInfo,string,out string,out string?)",9032,9077,"Method|InstallOrUpdateDependencyAsync(ModDependencyInfo,ModListItemViewModel?)|L5559;Method|UpdateModsAsync(IReadOnlyList<ModListItemViewModel>,bool,IReadOnlyDictionary<ModListItemViewModel, ModReleaseInfo>?,bool,Func<ModListItemViewModel, ModReleaseInfo, IProgress<ModUpdateProgress>?>?,Action<ModListItemViewModel, ModReleaseInfo, ModUpdateResult>?)|L13891","InstallOrUpdateDependencyAsync(ModDependencyInfo,ModListItemViewModel?);UpdateModsAsync(IReadOnlyList<ModListItemViewModel>,bool,IReadOnlyDictionary<ModListItemViewModel, ModReleaseInfo>?,bool,Func<ModListItemViewModel, ModReleaseInfo, IProgress<ModUpdateProgress>?>?,Action<ModListItemViewModel, ModReleaseInfo, ModUpdateResult>?)",2
Method|IsPathWithinManagedMods(string)|L9079,IsPathWithinManagedMods,IsPathWithinManagedMods(string),9079,9086,"Method|TryEnsureManagedModTargetIsSafe(string,out string?)|L9164;Method|TryGetManagedModPath(ModListItemViewModel,out string,out string?)|L8910","TryEnsureManagedModTargetIsSafe(string,out string?);TryGetManagedModPath(ModListItemViewModel,out string,out string?)",2
"Method|IsPathUnderDirectory(string,string?)|L9088",IsPathUnderDirectory,"IsPathUnderDirectory(string,string?)",9088,9112,Method|IsPathWithinManagedMods(string)|L9079,IsPathWithinManagedMods(string),1
"Method|IsSameDirectory(string?,string?)|L9114",IsSameDirectory,"IsSameDirectory(string?,string?)",9114,9129,"Method|RestoreDataBackupAsync(DataFolderBackupSummary)|L8653;Method|RestoreDataFolderMenuItem_OnSubmenuOpened(object,RoutedEventArgs)|L8240","RestoreDataBackupAsync(DataFolderBackupSummary);RestoreDataFolderMenuItem_OnSubmenuOpened(object,RoutedEventArgs)",2
"Method|SanitizeFileName(string?,string)|L9131",SanitizeFileName,"SanitizeFileName(string?,string)",9131,9141,"Method|CreateBackupAsync(string,string,bool,bool)|L9714;Method|GetLocalModBackupEntryDirectory(string,ModListItemViewModel)|L12475;Method|TryGetDependencyInstallTargetPath(string,ModReleaseInfo,out string,out string?)|L8950;Method|TryGetInstallTargetPath(ModListItemViewModel,ModReleaseInfo,out string,out string?)|L8991;Method|TryGetUpdateTargetPath(ModListItemViewModel,ModReleaseInfo,string,out string,out string?)|L9032","CreateBackupAsync(string,string,bool,bool);GetLocalModBackupEntryDirectory(string,ModListItemViewModel);TryGetDependencyInstallTargetPath(string,ModReleaseInfo,out string,out string?);TryGetInstallTargetPath(ModListItemViewModel,ModReleaseInfo,out string,out string?);TryGetUpdateTargetPath(ModListItemViewModel,ModReleaseInfo,string,out string,out string?)",5
Method|EnsureUniqueFilePath(string)|L9143,EnsureUniqueFilePath,EnsureUniqueFilePath(string),9143,9162,"Method|BackupLocalModAtPath(string,string)|L12484;Method|MigrateLegacyRebuiltModlistsIfNeeded()|L623;Method|TryGetDependencyInstallTargetPath(string,ModReleaseInfo,out string,out string?)|L8950;Method|TryGetInstallTargetPath(ModListItemViewModel,ModReleaseInfo,out string,out string?)|L8991","BackupLocalModAtPath(string,string);MigrateLegacyRebuiltModlistsIfNeeded();TryGetDependencyInstallTargetPath(string,ModReleaseInfo,out string,out string?);TryGetInstallTargetPath(ModListItemViewModel,ModReleaseInfo,out string,out string?)",4
"Method|TryEnsureManagedModTargetIsSafe(string,out string?)|L9164",TryEnsureManagedModTargetIsSafe,"TryEnsureManagedModTargetIsSafe(string,out string?)",9164,9207,"Method|TryGetManagedModPath(ModListItemViewModel,out string,out string?)|L8910","TryGetManagedModPath(ModListItemViewModel,out string,out string?)",1
"Method|TrySaveSnapshot(string,string,string,string,string,Func<string?>?,Action<string>?,string,bool,bool,IReadOnlyDictionary<string, IReadOnlyList<ModConfigurationSnapshot>>?,Action<SerializablePreset>?)|L9209",TrySaveSnapshot,"TrySaveSnapshot(string,string,string,string,string,Func<string?>?,Action<string>?,string,bool,bool,IReadOnlyDictionary<string, IReadOnlyList<ModConfigurationSnapshot>>?,Action<SerializablePreset>?)",9209,9288,"Method|SavePresetMenuItem_OnClick(object,RoutedEventArgs)|L9417","SavePresetMenuItem_OnClick(object,RoutedEventArgs)",1
"Method|BuildSerializablePreset(string,bool,bool,IReadOnlyDictionary<string, IReadOnlyList<ModConfigurationSnapshot>>?,string?)|L9290",BuildSerializablePreset,"BuildSerializablePreset(string,bool,bool,IReadOnlyDictionary<string, IReadOnlyList<ModConfigurationSnapshot>>?,string?)",9290,9353,"Method|CreateBackupAsync(string,string,bool,bool)|L9714;Method|TryBuildCurrentModlistJson(string,string?,string?,string,IReadOnlyDictionary<string, IReadOnlyList<ModConfigurationSnapshot>>?,string?,out string)|L9666;Method|TrySaveAutomaticModlist(string,out string,out string)|L9542;Method|TrySaveInstalledModsPdf(string,string?,string?,string,IReadOnlyDictionary<string, IReadOnlyList<ModConfigurationSnapshot>>?,string?,IReadOnlyList<ModListItemViewModel>?)|L6141;Method|TrySaveModlist(Func<string?>?,out string?)|L9442;Method|TrySaveSnapshot(string,string,string,string,string,Func<string?>?,Action<string>?,string,bool,bool,IReadOnlyDictionary<string, IReadOnlyList<ModConfigurationSnapshot>>?,Action<SerializablePreset>?)|L9209","CreateBackupAsync(string,string,bool,bool);TryBuildCurrentModlistJson(string,string?,string?,string,IReadOnlyDictionary<string, IReadOnlyList<ModConfigurationSnapshot>>?,string?,out string);TrySaveAutomaticModlist(string,out string,out string);TrySaveInstalledModsPdf(string,string?,string?,string,IReadOnlyDictionary<string, IReadOnlyList<ModConfigurationSnapshot>>?,string?,IReadOnlyList<ModListItemViewModel>?);TrySaveModlist(Func<string?>?,out string?);TrySaveSnapshot(string,string,string,string,string,Func<string?>?,Action<string>?,string,bool,bool,IReadOnlyDictionary<string, IReadOnlyList<ModConfigurationSnapshot>>?,Action<SerializablePreset>?)",6
Method|ResolveGameVersion(string?)|L9355,ResolveGameVersion,ResolveGameVersion(string?),9355,9361,"Method|CreateBackupAsync(string,string,bool,bool)|L9714;Method|SaveInstalledModsPdfMenuItem_OnClick(object,RoutedEventArgs)|L6081;Method|SaveModlistToCloudAsync()|L10085;Method|TrySaveAutomaticModlist(string,out string,out string)|L9542;Method|TrySaveInstalledModsPdf(string,string?,string?,string,IReadOnlyDictionary<string, IReadOnlyList<ModConfigurationSnapshot>>?,string?,IReadOnlyList<ModListItemViewModel>?)|L6141;Method|TrySaveModlist(Func<string?>?,out string?)|L9442;Method|TrySaveSnapshot(string,string,string,string,string,Func<string?>?,Action<string>?,string,bool,bool,IReadOnlyDictionary<string, IReadOnlyList<ModConfigurationSnapshot>>?,Action<SerializablePreset>?)|L9209","CreateBackupAsync(string,string,bool,bool);SaveInstalledModsPdfMenuItem_OnClick(object,RoutedEventArgs);SaveModlistToCloudAsync();TrySaveAutomaticModlist(string,out string,out string);TrySaveInstalledModsPdf(string,string?,string?,string,IReadOnlyDictionary<string, IReadOnlyList<ModConfigurationSnapshot>>?,string?,IReadOnlyList<ModListItemViewModel>?);TrySaveModlist(Func<string?>?,out string?);TrySaveSnapshot(string,string,string,string,string,Func<string?>?,Action<string>?,string,bool,bool,IReadOnlyDictionary<string, IReadOnlyList<ModConfigurationSnapshot>>?,Action<SerializablePreset>?)",7
"Method|BuildSerializableConfigList(IReadOnlyDictionary<string, IReadOnlyList<ModConfigurationSnapshot>>?)|L9363",BuildSerializableConfigList,"BuildSerializableConfigList(IReadOnlyDictionary<string, IReadOnlyList<ModConfigurationSnapshot>>?)",9363,9411,"Method|BuildSerializablePreset(string,bool,bool,IReadOnlyDictionary<string, IReadOnlyList<ModConfigurationSnapshot>>?,string?)|L9290;Method|TrySaveInstalledModsPdf(string,string?,string?,string,IReadOnlyDictionary<string, IReadOnlyList<ModConfigurationSnapshot>>?,string?,IReadOnlyList<ModListItemViewModel>?)|L6141","BuildSerializablePreset(string,bool,bool,IReadOnlyDictionary<string, IReadOnlyList<ModConfigurationSnapshot>>?,string?);TrySaveInstalledModsPdf(string,string?,string?,string,IReadOnlyDictionary<string, IReadOnlyList<ModConfigurationSnapshot>>?,string?,IReadOnlyList<ModListItemViewModel>?)",2
"Method|SavePresetMenuItem_OnClick(object,RoutedEventArgs)|L9417",SavePresetMenuItem_OnClick,"SavePresetMenuItem_OnClick(object,RoutedEventArgs)",9417,9435,,,0
Method|TrySaveModlist()|L9437,TrySaveModlist,TrySaveModlist(),9437,9440,,,0
"Method|TrySaveModlist(Func<string?>?,out string?)|L9442",TrySaveModlist,"TrySaveModlist(Func<string?>?,out string?)",9442,9540,"Method|EnsureModlistBackupBeforeLoad()|L9625;Method|SaveLocalModlistButton_OnClick(object,RoutedEventArgs)|L10446;Method|SaveModlistMenuItem_OnClick(object,RoutedEventArgs)|L10074;Method|TrySaveModlist()|L9437","EnsureModlistBackupBeforeLoad();SaveLocalModlistButton_OnClick(object,RoutedEventArgs);SaveModlistMenuItem_OnClick(object,RoutedEventArgs);TrySaveModlist()",4
"Method|TrySaveAutomaticModlist(string,out string,out string)|L9542",TrySaveAutomaticModlist,"TrySaveAutomaticModlist(string,out string,out string)",9542,9580,,,0
Method|PromptModlistLoadMode()|L9582,PromptModlistLoadMode,PromptModlistLoadMode(),9582,9616,"Method|InstallCloudModlistButton_OnClick(object,RoutedEventArgs)|L10666;Method|LoadModlistFromCloudMenuItem_OnClick(object,RoutedEventArgs)|L10740;Method|LoadModlistFromFileAsync(string)|L11017","InstallCloudModlistButton_OnClick(object,RoutedEventArgs);LoadModlistFromCloudMenuItem_OnClick(object,RoutedEventArgs);LoadModlistFromFileAsync(string)",3
Method|GetModlistLoadOptions(ModlistLoadMode)|L9618,GetModlistLoadOptions,GetModlistLoadOptions(ModlistLoadMode),9618,9623,"Method|InstallCloudModlistButton_OnClick(object,RoutedEventArgs)|L10666;Method|LoadModlistFromCloudMenuItem_OnClick(object,RoutedEventArgs)|L10740;Method|LoadModlistFromFileAsync(string)|L11017","InstallCloudModlistButton_OnClick(object,RoutedEventArgs);LoadModlistFromCloudMenuItem_OnClick(object,RoutedEventArgs);LoadModlistFromFileAsync(string)",3
Method|EnsureModlistBackupBeforeLoad()|L9625,EnsureModlistBackupBeforeLoad,EnsureModlistBackupBeforeLoad(),9625,9664,"Method|InstallCloudModlistButton_OnClick(object,RoutedEventArgs)|L10666;Method|LoadModlistFromCloudMenuItem_OnClick(object,RoutedEventArgs)|L10740;Method|LoadModlistFromFileAsync(string)|L11017","InstallCloudModlistButton_OnClick(object,RoutedEventArgs);LoadModlistFromCloudMenuItem_OnClick(object,RoutedEventArgs);LoadModlistFromFileAsync(string)",3
"Method|TryBuildCurrentModlistJson(string,string?,string?,string,IReadOnlyDictionary<string, IReadOnlyList<ModConfigurationSnapshot>>?,string?,out string)|L9666",TryBuildCurrentModlistJson,"TryBuildCurrentModlistJson(string,string?,string?,string,IReadOnlyDictionary<string, IReadOnlyList<ModConfigurationSnapshot>>?,string?,out string)",9666,9694,Method|SaveModlistToCloudAsync()|L10085,SaveModlistToCloudAsync(),1
Method|CreateAutomaticBackupAsync(string)|L9696,CreateAutomaticBackupAsync,CreateAutomaticBackupAsync(string),9696,9703,"Method|DeleteMultipleModsAsync(IReadOnlyList<ModListItemViewModel>)|L5222;Method|DeleteSingleModAsync(ModListItemViewModel)|L5181;Method|InstallCloudModlistButton_OnClick(object,RoutedEventArgs)|L10666;Method|InstallModButton_OnClick(object,RoutedEventArgs)|L5455;Method|InstallModFromBrowserAsync(DownloadableMod)|L2736;Method|LoadModlistFromCloudMenuItem_OnClick(object,RoutedEventArgs)|L10740;Method|LoadModlistFromFileAsync(string)|L11017;Method|UpdateAllModsMenuItem_OnClick(object,RoutedEventArgs)|L5773","DeleteMultipleModsAsync(IReadOnlyList<ModListItemViewModel>);DeleteSingleModAsync(ModListItemViewModel);InstallCloudModlistButton_OnClick(object,RoutedEventArgs);InstallModButton_OnClick(object,RoutedEventArgs);InstallModFromBrowserAsync(DownloadableMod);LoadModlistFromCloudMenuItem_OnClick(object,RoutedEventArgs);LoadModlistFromFileAsync(string);UpdateAllModsMenuItem_OnClick(object,RoutedEventArgs)",8
Method|CreateAppStartedBackupAsync()|L9705,CreateAppStartedBackupAsync,CreateAppStartedBackupAsync(),9705,9712,"Method|MainWindow_Loaded(object,RoutedEventArgs)|L590","MainWindow_Loaded(object,RoutedEventArgs)",1
"Method|CreateBackupAsync(string,string,bool,bool)|L9714",CreateBackupAsync,"CreateBackupAsync(string,string,bool,bool)",9714,9789,Method|CreateAppStartedBackupAsync()|L9705;Method|CreateAutomaticBackupAsync(string)|L9696,CreateAppStartedBackupAsync();CreateAutomaticBackupAsync(string),2
Method|CaptureConfigurationsForBackup(IReadOnlyList<ModListItemViewModel>)|L9791,CaptureConfigurationsForBackup,CaptureConfigurationsForBackup(IReadOnlyList<ModListItemViewModel>),9791,9845,"Method|CreateBackupAsync(string,string,bool,bool)|L9714","CreateBackupAsync(string,string,bool,bool)",1
Method|IsAppStartedBackup(string?)|L9847,IsAppStartedBackup,IsAppStartedBackup(string?),9847,9854,"Method|PruneAutomaticBackups(string)|L9856;Method|RestoreBackupMenuItem_OnSubmenuOpened(object,RoutedEventArgs)|L8528","PruneAutomaticBackups(string);RestoreBackupMenuItem_OnSubmenuOpened(object,RoutedEventArgs)",2
Method|PruneAutomaticBackups(string)|L9856,PruneAutomaticBackups,PruneAutomaticBackups(string),9856,9885,"Method|CreateBackupAsync(string,string,bool,bool)|L9714","CreateBackupAsync(string,string,bool,bool)",1
Method|PruneAppStartedBackups(string)|L9887,PruneAppStartedBackups,PruneAppStartedBackups(string),9887,9916,"Method|CreateBackupAsync(string,string,bool,bool)|L9714","CreateBackupAsync(string,string,bool,bool)",1
Method|BuildCloudModlistName()|L9918,BuildCloudModlistName,BuildCloudModlistName(),9918,9921,"Method|SaveInstalledModsPdfMenuItem_OnClick(object,RoutedEventArgs)|L6081;Method|SaveModlistToCloudAsync()|L10085","SaveInstalledModsPdfMenuItem_OnClick(object,RoutedEventArgs);SaveModlistToCloudAsync()",2
Method|EnsureQuestPdfLicense()|L9923,EnsureQuestPdfLicense,EnsureQuestPdfLicense(),9923,9929,"Method|GenerateInstalledModsPdf(string,string,string?,string?,string,string?,IReadOnlyList<ModListItemViewModel>,SerializablePreset,SerializableConfigList?)|L9939","GenerateInstalledModsPdf(string,string,string?,string?,string,string?,IReadOnlyList<ModListItemViewModel>,SerializablePreset,SerializableConfigList?)",1
Method|GetLines(string)|L9931,GetLines,GetLines(string),9931,9937,"Method|GenerateInstalledModsPdf(string,string,string?,string?,string,string?,IReadOnlyList<ModListItemViewModel>,SerializablePreset,SerializableConfigList?)|L9939","GenerateInstalledModsPdf(string,string,string?,string?,string,string?,IReadOnlyList<ModListItemViewModel>,SerializablePreset,SerializableConfigList?)",1
"Method|GenerateInstalledModsPdf(string,string,string?,string?,string,string?,IReadOnlyList<ModListItemViewModel>,SerializablePreset,SerializableConfigList?)|L9939",GenerateInstalledModsPdf,"GenerateInstalledModsPdf(string,string,string?,string?,string,string?,IReadOnlyList<ModListItemViewModel>,SerializablePreset,SerializableConfigList?)",9939,10051,"Method|TrySaveInstalledModsPdf(string,string?,string?,string,IReadOnlyDictionary<string, IReadOnlyList<ModConfigurationSnapshot>>?,string?,IReadOnlyList<ModListItemViewModel>?)|L6141","TrySaveInstalledModsPdf(string,string?,string?,string,IReadOnlyDictionary<string, IReadOnlyList<ModConfigurationSnapshot>>?,string?,IReadOnlyList<ModListItemViewModel>?)",1
Method|GetUploaderNameForPdf()|L10053,GetUploaderNameForPdf,GetUploaderNameForPdf(),10053,10065,"Method|SaveInstalledModsPdfMenuItem_OnClick(object,RoutedEventArgs)|L6081;Method|TrySaveInstalledModsPdf(string,string?,string?,string,IReadOnlyDictionary<string, IReadOnlyList<ModConfigurationSnapshot>>?,string?,IReadOnlyList<ModListItemViewModel>?)|L6141;Method|TrySaveModlist(Func<string?>?,out string?)|L9442","SaveInstalledModsPdfMenuItem_OnClick(object,RoutedEventArgs);TrySaveInstalledModsPdf(string,string?,string?,string,IReadOnlyDictionary<string, IReadOnlyList<ModConfigurationSnapshot>>?,string?,IReadOnlyList<ModListItemViewModel>?);TrySaveModlist(Func<string?>?,out string?)",3
Method|DetermineUploaderName(FirebaseModlistStore)|L10067,DetermineUploaderName,DetermineUploaderName(FirebaseModlistStore),10067,10072,Method|SaveModlistToCloudAsync()|L10085,SaveModlistToCloudAsync(),1
"Method|SaveModlistMenuItem_OnClick(object,RoutedEventArgs)|L10074",SaveModlistMenuItem_OnClick,"SaveModlistMenuItem_OnClick(object,RoutedEventArgs)",10074,10083,,,0
Method|SaveModlistToCloudAsync()|L10085,SaveModlistToCloudAsync,SaveModlistToCloudAsync(),10085,10175,"Method|SaveCloudModlistButton_OnClick(object,RoutedEventArgs)|L10396;Method|SaveModlistToCloudMenuItem_OnClick(object,RoutedEventArgs)|L10387","SaveCloudModlistButton_OnClick(object,RoutedEventArgs);SaveModlistToCloudMenuItem_OnClick(object,RoutedEventArgs)",2
Method|NormalizeCloudVersion(string?)|L10177,NormalizeCloudVersion,NormalizeCloudVersion(string?),10177,10180,,,0
Method|BuildModConfigOptions(bool)|L10182,BuildModConfigOptions,BuildModConfigOptions(bool),10182,10209,"Method|SaveInstalledModsPdfMenuItem_OnClick(object,RoutedEventArgs)|L6081;Method|SaveModlistToCloudAsync()|L10085;Method|TrySaveModlist(Func<string?>?,out string?)|L9442","SaveInstalledModsPdfMenuItem_OnClick(object,RoutedEventArgs);SaveModlistToCloudAsync();TrySaveModlist(Func<string?>?,out string?)",3
Method|TryReadModConfigurations(IReadOnlyList<ModConfigOption>)|L10211,TryReadModConfigurations,TryReadModConfigurations(IReadOnlyList<ModConfigOption>),10211,10259,"Method|SaveInstalledModsPdfMenuItem_OnClick(object,RoutedEventArgs)|L6081;Method|SaveModlistToCloudAsync()|L10085;Method|TrySaveModlist(Func<string?>?,out string?)|L9442","SaveInstalledModsPdfMenuItem_OnClick(object,RoutedEventArgs);SaveModlistToCloudAsync();TrySaveModlist(Func<string?>?,out string?)",3
"Method|TryGetRelativeConfigPath(string,string)|L10261",TryGetRelativeConfigPath,"TryGetRelativeConfigPath(string,string)",10261,10277,Method|CaptureConfigurationsForBackup(IReadOnlyList<ModListItemViewModel>)|L9791;Method|TryReadModConfigurations(IReadOnlyList<ModConfigOption>)|L10211,CaptureConfigurationsForBackup(IReadOnlyList<ModListItemViewModel>);TryReadModConfigurations(IReadOnlyList<ModConfigOption>),2
"Method|NormalizeRelativeConfigPath(string?,string)|L10279",NormalizeRelativeConfigPath,"NormalizeRelativeConfigPath(string?,string)",10279,10296,"Method|ImportPresetConfigsAsync(ModPreset)|L12618;Method|TryBuildPresetFromSerializable(SerializablePreset,string,PresetLoadOptions,out ModPreset?,out string?,string?)|L11301;Method|TryGetRelativeConfigPath(string,string)|L10261","ImportPresetConfigsAsync(ModPreset);TryBuildPresetFromSerializable(SerializablePreset,string,PresetLoadOptions,out ModPreset?,out string?,string?);TryGetRelativeConfigPath(string,string)",3
"Method|EnsureUniqueRelativePath(string,HashSet<string>)|L10298",EnsureUniqueRelativePath,"EnsureUniqueRelativePath(string,HashSet<string>)",10298,10315,Method|ImportPresetConfigsAsync(ModPreset)|L12618,ImportPresetConfigsAsync(ModPreset),1
Method|GetSupportedConfigFiles(string)|L10317,GetSupportedConfigFiles,GetSupportedConfigFiles(string),10317,10323,"Method|ScanForModConfigFilesAsync(MainViewModel,IReadOnlyList<ModListItemViewModel>)|L3790","ScanForModConfigFilesAsync(MainViewModel,IReadOnlyList<ModListItemViewModel>)",1
Method|IsSupportedConfigExtension(string?)|L10325,IsSupportedConfigExtension,IsSupportedConfigExtension(string?),10325,10334,Method|GetSupportedConfigFiles(string)|L10317;Method|ResolveConfigExtension(string?)|L10364,GetSupportedConfigFiles(string);ResolveConfigExtension(string?),2
"Method|GetSafeConfigFileName(string?,string?)|L10336",GetSafeConfigFileName,"GetSafeConfigFileName(string?,string?)",10336,10362,"Method|BuildSerializablePreset(string,bool,bool,IReadOnlyDictionary<string, IReadOnlyList<ModConfigurationSnapshot>>?,string?)|L9290;Method|CaptureConfigurationsForBackup(IReadOnlyList<ModListItemViewModel>)|L9791;Method|ImportPresetConfigsAsync(ModPreset)|L12618;Method|TryBuildPresetFromSerializable(SerializablePreset,string,PresetLoadOptions,out ModPreset?,out string?,string?)|L11301;Method|TryReadModConfigurations(IReadOnlyList<ModConfigOption>)|L10211","BuildSerializablePreset(string,bool,bool,IReadOnlyDictionary<string, IReadOnlyList<ModConfigurationSnapshot>>?,string?);CaptureConfigurationsForBackup(IReadOnlyList<ModListItemViewModel>);ImportPresetConfigsAsync(ModPreset);TryBuildPresetFromSerializable(SerializablePreset,string,PresetLoadOptions,out ModPreset?,out string?,string?);TryReadModConfigurations(IReadOnlyList<ModConfigOption>)",5
Method|ResolveConfigExtension(string?)|L10364,ResolveConfigExtension,ResolveConfigExtension(string?),10364,10373,"Method|GetSafeConfigFileName(string?,string?)|L10336","GetSafeConfigFileName(string?,string?)",1
Method|SanitizeForFileName(string?)|L10375,SanitizeForFileName,SanitizeForFileName(string?),10375,10385,"Method|GetSafeConfigFileName(string?,string?)|L10336","GetSafeConfigFileName(string?,string?)",1
"Method|SaveModlistToCloudMenuItem_OnClick(object,RoutedEventArgs)|L10387",SaveModlistToCloudMenuItem_OnClick,"SaveModlistToCloudMenuItem_OnClick(object,RoutedEventArgs)",10387,10394,,,0
"Method|SaveCloudModlistButton_OnClick(object,RoutedEventArgs)|L10396",SaveCloudModlistButton_OnClick,"SaveCloudModlistButton_OnClick(object,RoutedEventArgs)",10396,10400,,,0
"Method|ModifyCloudModlistsButton_OnClick(object,RoutedEventArgs)|L10402",ModifyCloudModlistsButton_OnClick,"ModifyCloudModlistsButton_OnClick(object,RoutedEventArgs)",10402,10406,,,0
"Method|IsCloudUploaderNameAvailableAsync(FirebaseModlistStore,string)|L10408",IsCloudUploaderNameAvailableAsync,"IsCloudUploaderNameAvailableAsync(FirebaseModlistStore,string)",10408,10429,,,0
"Method|LocalModlistsDataGrid_OnSelectionChanged(object,SelectionChangedEventArgs)|L10431",LocalModlistsDataGrid_OnSelectionChanged,"LocalModlistsDataGrid_OnSelectionChanged(object,SelectionChangedEventArgs)",10431,10444,,,0
"Method|SaveLocalModlistButton_OnClick(object,RoutedEventArgs)|L10446",SaveLocalModlistButton_OnClick,"SaveLocalModlistButton_OnClick(object,RoutedEventArgs)",10446,10458,,,0
"Method|InstallLocalModlistButton_OnClick(object,RoutedEventArgs)|L10460",InstallLocalModlistButton_OnClick,"InstallLocalModlistButton_OnClick(object,RoutedEventArgs)",10460,10478,,,0
"Method|OpenModlistsFolderButton_OnClick(object,RoutedEventArgs)|L10480",OpenModlistsFolderButton_OnClick,"OpenModlistsFolderButton_OnClick(object,RoutedEventArgs)",10480,10497,,,0
"Method|DeleteLocalModlistsButton_OnClick(object,RoutedEventArgs)|L10499",DeleteLocalModlistsButton_OnClick,"DeleteLocalModlistsButton_OnClick(object,RoutedEventArgs)",10499,10565,,,0
"Method|ModifyLocalModlistButton_OnClick(object,RoutedEventArgs)|L10567",ModifyLocalModlistButton_OnClick,"ModifyLocalModlistButton_OnClick(object,RoutedEventArgs)",10567,10651,,,0
"Method|RefreshCloudModlistsButton_OnClick(object,RoutedEventArgs)|L10653",RefreshCloudModlistsButton_OnClick,"RefreshCloudModlistsButton_OnClick(object,RoutedEventArgs)",10653,10656,,,0
"Method|CloudModlistsDataGrid_OnSelectionChanged(object,SelectionChangedEventArgs)|L10658",CloudModlistsDataGrid_OnSelectionChanged,"CloudModlistsDataGrid_OnSelectionChanged(object,SelectionChangedEventArgs)",10658,10664,,,0
"Method|InstallCloudModlistButton_OnClick(object,RoutedEventArgs)|L10666",InstallCloudModlistButton_OnClick,"InstallCloudModlistButton_OnClick(object,RoutedEventArgs)",10666,10738,,,0
"Method|LoadModlistFromCloudMenuItem_OnClick(object,RoutedEventArgs)|L10740",LoadModlistFromCloudMenuItem_OnClick,"LoadModlistFromCloudMenuItem_OnClick(object,RoutedEventArgs)",10740,10810,,,0
"Method|DeleteCloudModlistMenuItem_OnClick(object,RoutedEventArgs)|L10812",DeleteCloudModlistMenuItem_OnClick,"DeleteCloudModlistMenuItem_OnClick(object,RoutedEventArgs)",10812,10854,,,0
"Method|LoadPresetMenuItem_OnSubmenuOpened(object,RoutedEventArgs)|L10856",LoadPresetMenuItem_OnSubmenuOpened,"LoadPresetMenuItem_OnSubmenuOpened(object,RoutedEventArgs)",10856,10924,,,0
"Method|LoadPresetMenuItem_OnClick(object,RoutedEventArgs)|L10926",LoadPresetMenuItem_OnClick,"LoadPresetMenuItem_OnClick(object,RoutedEventArgs)",10926,10955,,,0
"Method|LoadPresetMenuItem_OnPresetClick(object,RoutedEventArgs)|L10957",LoadPresetMenuItem_OnPresetClick,"LoadPresetMenuItem_OnPresetClick(object,RoutedEventArgs)",10957,10962,,,0
Method|LoadPresetFromFileAsync(string)|L10964,LoadPresetFromFileAsync,LoadPresetFromFileAsync(string),10964,10994,"Method|LoadPresetMenuItem_OnClick(object,RoutedEventArgs)|L10926;Method|LoadPresetMenuItem_OnPresetClick(object,RoutedEventArgs)|L10957","LoadPresetMenuItem_OnClick(object,RoutedEventArgs);LoadPresetMenuItem_OnPresetClick(object,RoutedEventArgs)",2
"Method|LoadModlistMenuItem_OnClick(object,RoutedEventArgs)|L10996",LoadModlistMenuItem_OnClick,"LoadModlistMenuItem_OnClick(object,RoutedEventArgs)",10996,11015,,,0
Method|LoadModlistFromFileAsync(string)|L11017,LoadModlistFromFileAsync,LoadModlistFromFileAsync(string),11017,11060,"Method|InstallLocalModlistButton_OnClick(object,RoutedEventArgs)|L10460;Method|LoadModlistMenuItem_OnClick(object,RoutedEventArgs)|L10996;Method|MainWindow_OnPreviewDrop(object,DragEventArgs)|L11072","InstallLocalModlistButton_OnClick(object,RoutedEventArgs);LoadModlistMenuItem_OnClick(object,RoutedEventArgs);MainWindow_OnPreviewDrop(object,DragEventArgs)",3
"Method|MainWindow_OnPreviewDragEnter(object,DragEventArgs)|L11062",MainWindow_OnPreviewDragEnter,"MainWindow_OnPreviewDragEnter(object,DragEventArgs)",11062,11065,,,0
"Method|MainWindow_OnPreviewDragOver(object,DragEventArgs)|L11067",MainWindow_OnPreviewDragOver,"MainWindow_OnPreviewDragOver(object,DragEventArgs)",11067,11070,,,0
"Method|MainWindow_OnPreviewDrop(object,DragEventArgs)|L11072",MainWindow_OnPreviewDrop,"MainWindow_OnPreviewDrop(object,DragEventArgs)",11072,11085,,,0
Method|HandleModlistDragEvent(DragEventArgs)|L11087,HandleModlistDragEvent,HandleModlistDragEvent(DragEventArgs),11087,11098,"Method|MainWindow_OnPreviewDragEnter(object,DragEventArgs)|L11062;Method|MainWindow_OnPreviewDragOver(object,DragEventArgs)|L11067","MainWindow_OnPreviewDragEnter(object,DragEventArgs);MainWindow_OnPreviewDragOver(object,DragEventArgs)",2
"Method|TryGetDroppedModlistFile(DragEventArgs,out string?)|L11100",TryGetDroppedModlistFile,"TryGetDroppedModlistFile(DragEventArgs,out string?)",11100,11116,"Method|HandleModlistDragEvent(DragEventArgs)|L11087;Method|MainWindow_OnPreviewDrop(object,DragEventArgs)|L11072","HandleModlistDragEvent(DragEventArgs);MainWindow_OnPreviewDrop(object,DragEventArgs)",2
Method|HasSupportedModlistExtension(string)|L11118,HasSupportedModlistExtension,HasSupportedModlistExtension(string),11118,11123,"Method|BuildLocalModlistEntries(out List<string>)|L11920;Method|TryGetDroppedModlistFile(DragEventArgs,out string?)|L11100","BuildLocalModlistEntries(out List<string>);TryGetDroppedModlistFile(DragEventArgs,out string?)",2
"Method|TryLoadPresetFromFile(string,string,PresetLoadOptions,out ModPreset?,out string?)|L11125",TryLoadPresetFromFile,"TryLoadPresetFromFile(string,string,PresetLoadOptions,out ModPreset?,out string?)",11125,11160,"Method|InstallCloudModlistButton_OnClick(object,RoutedEventArgs)|L10666;Method|LoadModlistFromFileAsync(string)|L11017;Method|LoadPresetFromFileAsync(string)|L10964;Method|RestoreBackupAsync(string,bool)|L8617","InstallCloudModlistButton_OnClick(object,RoutedEventArgs);LoadModlistFromFileAsync(string);LoadPresetFromFileAsync(string);RestoreBackupAsync(string,bool)",4
"Method|TryLoadPresetFromPdf(string,string,PresetLoadOptions,out ModPreset?,out string?)|L11162",TryLoadPresetFromPdf,"TryLoadPresetFromPdf(string,string,PresetLoadOptions,out ModPreset?,out string?)",11162,11259,"Method|TryLoadPresetFromFile(string,string,PresetLoadOptions,out ModPreset?,out string?)|L11125","TryLoadPresetFromFile(string,string,PresetLoadOptions,out ModPreset?,out string?)",1
"Method|TryLoadPresetFromJson(string,string,PresetLoadOptions,out ModPreset?,out string?,string?,string?)|L11261",TryLoadPresetFromJson,"TryLoadPresetFromJson(string,string,PresetLoadOptions,out ModPreset?,out string?,string?,string?)",11261,11299,"Method|LoadModlistFromCloudMenuItem_OnClick(object,RoutedEventArgs)|L10740;Method|TryLoadPresetFromPdf(string,string,PresetLoadOptions,out ModPreset?,out string?)|L11162","LoadModlistFromCloudMenuItem_OnClick(object,RoutedEventArgs);TryLoadPresetFromPdf(string,string,PresetLoadOptions,out ModPreset?,out string?)",2
"Method|TryBuildPresetFromSerializable(SerializablePreset,string,PresetLoadOptions,out ModPreset?,out string?,string?)|L11301",TryBuildPresetFromSerializable,"TryBuildPresetFromSerializable(SerializablePreset,string,PresetLoadOptions,out ModPreset?,out string?,string?)",11301,11415,"Method|TryLoadPresetFromFile(string,string,PresetLoadOptions,out ModPreset?,out string?)|L11125;Method|TryLoadPresetFromJson(string,string,PresetLoadOptions,out ModPreset?,out string?,string?,string?)|L11261","TryLoadPresetFromFile(string,string,PresetLoadOptions,out ModPreset?,out string?);TryLoadPresetFromJson(string,string,PresetLoadOptions,out ModPreset?,out string?,string?,string?)",2
"Method|ApplyConfigListToPreset(SerializablePreset,SerializableConfigList?)|L11417",ApplyConfigListToPreset,"ApplyConfigListToPreset(SerializablePreset,SerializableConfigList?)",11417,11436,"Method|TryLoadPresetFromJson(string,string,PresetLoadOptions,out ModPreset?,out string?,string?,string?)|L11261","TryLoadPresetFromJson(string,string,PresetLoadOptions,out ModPreset?,out string?,string?,string?)",1
Method|BuildConfigKey(SerializableModConfiguration)|L11438,BuildConfigKey,BuildConfigKey(SerializableModConfiguration),11438,11450,"Method|ApplyConfigListToPreset(SerializablePreset,SerializableConfigList?)|L11417","ApplyConfigListToPreset(SerializablePreset,SerializableConfigList?)",1
"Method|ExecuteCloudOperationAsync(Func<FirebaseModlistStore, Task>,string)|L11456",ExecuteCloudOperationAsync,"ExecuteCloudOperationAsync(Func<FirebaseModlistStore, Task>,string)",11456,11523,"Method|DeleteAllManagerFilesMenuItem_OnClick(object,RoutedEventArgs)|L7168;Method|DeleteCloudAuthMenuItem_OnClick(object,RoutedEventArgs)|L6909;Method|DeleteCloudModlistMenuItem_OnClick(object,RoutedEventArgs)|L10812;Method|EnsureCloudModlistContentAsync(CloudModlistListEntry)|L12142;Method|LoadModlistFromCloudMenuItem_OnClick(object,RoutedEventArgs)|L10740;Method|ModifyCloudModlistsButton_OnClick(object,RoutedEventArgs)|L10402;Method|RefreshCloudModlistsAsync(bool)|L12066;Method|SaveModlistToCloudAsync()|L10085","DeleteAllManagerFilesMenuItem_OnClick(object,RoutedEventArgs);DeleteCloudAuthMenuItem_OnClick(object,RoutedEventArgs);DeleteCloudModlistMenuItem_OnClick(object,RoutedEventArgs);EnsureCloudModlistContentAsync(CloudModlistListEntry);LoadModlistFromCloudMenuItem_OnClick(object,RoutedEventArgs);ModifyCloudModlistsButton_OnClick(object,RoutedEventArgs);RefreshCloudModlistsAsync(bool);SaveModlistToCloudAsync()",8
Method|MigrateLegacyFirebaseDataIfNeededAsync()|L11525,MigrateLegacyFirebaseDataIfNeededAsync,MigrateLegacyFirebaseDataIfNeededAsync(),11525,11555,"Method|EnsureCloudStoreInitializedAsync()|L11557;Method|MainWindow_Loaded(object,RoutedEventArgs)|L590","EnsureCloudStoreInitializedAsync();MainWindow_Loaded(object,RoutedEventArgs)",2
Method|EnsureCloudStoreInitializedAsync()|L11557,EnsureCloudStoreInitializedAsync,EnsureCloudStoreInitializedAsync(),11557,11587,"Method|ExecuteCloudOperationAsync(Func<FirebaseModlistStore, Task>,string)|L11456","ExecuteCloudOperationAsync(Func<FirebaseModlistStore, Task>,string)",1
Method|PromptForCloudSaveReplacement(IReadOnlyList<CloudModlistSlot>)|L11589,PromptForCloudSaveReplacement,PromptForCloudSaveReplacement(IReadOnlyList<CloudModlistSlot>),11589,11602,Method|SaveModlistToCloudAsync()|L10085,SaveModlistToCloudAsync(),1
Method|ShowCloudModlistManagementDialogAsync(FirebaseModlistStore)|L11604,ShowCloudModlistManagementDialogAsync,ShowCloudModlistManagementDialogAsync(FirebaseModlistStore),11604,11625,"Method|ModifyCloudModlistsButton_OnClick(object,RoutedEventArgs)|L10402","ModifyCloudModlistsButton_OnClick(object,RoutedEventArgs)",1
Method|BuildCloudModlistManagementEntriesAsync(FirebaseModlistStore)|L11627,BuildCloudModlistManagementEntriesAsync,BuildCloudModlistManagementEntriesAsync(FirebaseModlistStore),11627,11646,Method|ShowCloudModlistManagementDialogAsync(FirebaseModlistStore)|L11604,ShowCloudModlistManagementDialogAsync(FirebaseModlistStore),1
"Method|RenameCloudModlistAsync(FirebaseModlistStore,CloudModlistManagementEntry,string)|L11648",RenameCloudModlistAsync,"RenameCloudModlistAsync(FirebaseModlistStore,CloudModlistManagementEntry,string)",11648,11717,Method|ShowCloudModlistManagementDialogAsync(FirebaseModlistStore)|L11604,ShowCloudModlistManagementDialogAsync(FirebaseModlistStore),1
"Method|DeleteCloudModlistAsync(FirebaseModlistStore,CloudModlistManagementEntry)|L11719",DeleteCloudModlistAsync,"DeleteCloudModlistAsync(FirebaseModlistStore,CloudModlistManagementEntry)",11719,11749,Method|ShowCloudModlistManagementDialogAsync(FirebaseModlistStore)|L11604,ShowCloudModlistManagementDialogAsync(FirebaseModlistStore),1
"Method|DeleteAllCloudModlistsAndAuthorizationAsync(FirebaseModlistStore,bool)|L11751",DeleteAllCloudModlistsAndAuthorizationAsync,"DeleteAllCloudModlistsAndAuthorizationAsync(FirebaseModlistStore,bool)",11751,11776,"Method|DeleteAllManagerFilesMenuItem_OnClick(object,RoutedEventArgs)|L7168;Method|DeleteCloudAuthMenuItem_OnClick(object,RoutedEventArgs)|L6909","DeleteAllManagerFilesMenuItem_OnClick(object,RoutedEventArgs);DeleteCloudAuthMenuItem_OnClick(object,RoutedEventArgs)",2
Method|UpdateCloudModlistsAfterChangeAsync()|L11778,UpdateCloudModlistsAfterChangeAsync,UpdateCloudModlistsAfterChangeAsync(),11778,11784,"Method|DeleteCloudModlistAsync(FirebaseModlistStore,CloudModlistManagementEntry)|L11719;Method|RenameCloudModlistAsync(FirebaseModlistStore,CloudModlistManagementEntry,string)|L11648","DeleteCloudModlistAsync(FirebaseModlistStore,CloudModlistManagementEntry);RenameCloudModlistAsync(FirebaseModlistStore,CloudModlistManagementEntry,string)",2
"Method|ReplaceCloudModlistName(string,string)|L11786",ReplaceCloudModlistName,"ReplaceCloudModlistName(string,string)",11786,11815,"Method|RenameCloudModlistAsync(FirebaseModlistStore,CloudModlistManagementEntry,string)|L11648","RenameCloudModlistAsync(FirebaseModlistStore,CloudModlistManagementEntry,string)",1
"Method|GetCloudModlistSlotsAsync(FirebaseModlistStore,bool,bool)|L11817",GetCloudModlistSlotsAsync,"GetCloudModlistSlotsAsync(FirebaseModlistStore,bool,bool)",11817,11853,"Method|BuildCloudModlistManagementEntriesAsync(FirebaseModlistStore)|L11627;Method|DeleteCloudModlistMenuItem_OnClick(object,RoutedEventArgs)|L10812;Method|LoadModlistFromCloudMenuItem_OnClick(object,RoutedEventArgs)|L10740;Method|SaveModlistToCloudAsync()|L10085","BuildCloudModlistManagementEntriesAsync(FirebaseModlistStore);DeleteCloudModlistMenuItem_OnClick(object,RoutedEventArgs);LoadModlistFromCloudMenuItem_OnClick(object,RoutedEventArgs);SaveModlistToCloudAsync()",4
"Method|RefreshLocalModlists(bool,IReadOnlyCollection<string>?)|L11855",RefreshLocalModlists,"RefreshLocalModlists(bool,IReadOnlyCollection<string>?)",11855,11918,"Method|DeleteLocalModlistsButton_OnClick(object,RoutedEventArgs)|L10499;Method|EnsureModlistBackupBeforeLoad()|L9625;Method|HandleModlistsVisibilityChanged(bool)|L3051;Method|InstallLocalModlistButton_OnClick(object,RoutedEventArgs)|L10460;Method|ModifyLocalModlistButton_OnClick(object,RoutedEventArgs)|L10567;Method|SaveLocalModlistButton_OnClick(object,RoutedEventArgs)|L10446;Method|SaveModlistMenuItem_OnClick(object,RoutedEventArgs)|L10074","DeleteLocalModlistsButton_OnClick(object,RoutedEventArgs);EnsureModlistBackupBeforeLoad();HandleModlistsVisibilityChanged(bool);InstallLocalModlistButton_OnClick(object,RoutedEventArgs);ModifyLocalModlistButton_OnClick(object,RoutedEventArgs);SaveLocalModlistButton_OnClick(object,RoutedEventArgs);SaveModlistMenuItem_OnClick(object,RoutedEventArgs)",7
Method|BuildLocalModlistEntries(out List<string>)|L11920,BuildLocalModlistEntries,BuildLocalModlistEntries(out List<string>),11920,11952,"Method|RefreshLocalModlists(bool,IReadOnlyCollection<string>?)|L11855","RefreshLocalModlists(bool,IReadOnlyCollection<string>?)",1
"Method|TryCreateLocalModlistEntry(string,out LocalModlistListEntry?,out string?)|L11954",TryCreateLocalModlistEntry,"TryCreateLocalModlistEntry(string,out LocalModlistListEntry?,out string?)",11954,12028,Method|BuildLocalModlistEntries(out List<string>)|L11920,BuildLocalModlistEntries(out List<string>),1
"Method|TryCreateLocalModlistEntryFromJson(string,string,out LocalModlistListEntry?,out string?)|L12030",TryCreateLocalModlistEntryFromJson,"TryCreateLocalModlistEntryFromJson(string,string,out LocalModlistListEntry?,out string?)",12030,12064,"Method|TryCreateLocalModlistEntry(string,out LocalModlistListEntry?,out string?)|L11954","TryCreateLocalModlistEntry(string,out LocalModlistListEntry?,out string?)",1
Method|RefreshCloudModlistsAsync(bool)|L12066,RefreshCloudModlistsAsync,RefreshCloudModlistsAsync(bool),12066,12096,"Method|DeleteCloudModlistMenuItem_OnClick(object,RoutedEventArgs)|L10812;Method|HandleModlistsVisibilityChanged(bool)|L3051;Method|ModlistsTabControl_OnSelectionChanged(object,SelectionChangedEventArgs)|L3159;Method|RefreshCloudModlistsButton_OnClick(object,RoutedEventArgs)|L10653;Method|SaveCloudModlistButton_OnClick(object,RoutedEventArgs)|L10396;Method|SaveModlistToCloudMenuItem_OnClick(object,RoutedEventArgs)|L10387;Method|UpdateCloudModlistsAfterChangeAsync()|L11778","DeleteCloudModlistMenuItem_OnClick(object,RoutedEventArgs);HandleModlistsVisibilityChanged(bool);ModlistsTabControl_OnSelectionChanged(object,SelectionChangedEventArgs);RefreshCloudModlistsButton_OnClick(object,RoutedEventArgs);SaveCloudModlistButton_OnClick(object,RoutedEventArgs);SaveModlistToCloudMenuItem_OnClick(object,RoutedEventArgs);UpdateCloudModlistsAfterChangeAsync()",7
Method|BuildCloudModlistEntries(IEnumerable<CloudModlistRegistryEntry>)|L12098,BuildCloudModlistEntries,BuildCloudModlistEntries(IEnumerable<CloudModlistRegistryEntry>),12098,12140,Method|RefreshCloudModlistsAsync(bool)|L12066,RefreshCloudModlistsAsync(bool),1
Method|EnsureCloudModlistContentAsync(CloudModlistListEntry)|L12142,EnsureCloudModlistContentAsync,EnsureCloudModlistContentAsync(CloudModlistListEntry),12142,12183,"Method|InstallCloudModlistButton_OnClick(object,RoutedEventArgs)|L10666","InstallCloudModlistButton_OnClick(object,RoutedEventArgs)",1
Method|SetLocalModlistSelection(IReadOnlyList<LocalModlistListEntry>)|L12185,SetLocalModlistSelection,SetLocalModlistSelection(IReadOnlyList<LocalModlistListEntry>),12185,12211,"Method|HandleModlistsVisibilityChanged(bool)|L3051;Method|LocalModlistsDataGrid_OnSelectionChanged(object,SelectionChangedEventArgs)|L10431;Method|RefreshLocalModlists(bool,IReadOnlyCollection<string>?)|L11855","HandleModlistsVisibilityChanged(bool);LocalModlistsDataGrid_OnSelectionChanged(object,SelectionChangedEventArgs);RefreshLocalModlists(bool,IReadOnlyCollection<string>?)",3
Method|SetCloudModlistSelection(CloudModlistListEntry?)|L12213,SetCloudModlistSelection,SetCloudModlistSelection(CloudModlistListEntry?),12213,12223,"Method|CloudModlistsDataGrid_OnSelectionChanged(object,SelectionChangedEventArgs)|L10658;Method|DeleteAllCloudModlistsAndAuthorizationAsync(FirebaseModlistStore,bool)|L11751;Method|EnsureCloudModlistContentAsync(CloudModlistListEntry)|L12142;Method|HandleModlistsVisibilityChanged(bool)|L3051;Method|RefreshCloudModlistsAsync(bool)|L12066","CloudModlistsDataGrid_OnSelectionChanged(object,SelectionChangedEventArgs);DeleteAllCloudModlistsAndAuthorizationAsync(FirebaseModlistStore,bool);EnsureCloudModlistContentAsync(CloudModlistListEntry);HandleModlistsVisibilityChanged(bool);RefreshCloudModlistsAsync(bool)",5
Method|UpdateCloudModlistControlsEnabledState()|L12225,UpdateCloudModlistControlsEnabledState,UpdateCloudModlistControlsEnabledState(),12225,12241,"Method|InternetAccessManager_OnInternetAccessChanged(object?,EventArgs)|L3213;Method|RefreshCloudModlistsAsync(bool)|L12066;Method|SetCloudModlistSelection(CloudModlistListEntry?)|L12213","InternetAccessManager_OnInternetAccessChanged(object?,EventArgs);RefreshCloudModlistsAsync(bool);SetCloudModlistSelection(CloudModlistListEntry?)",3
Method|UpdateLocalModlistControlsEnabledState()|L12243,UpdateLocalModlistControlsEnabledState,UpdateLocalModlistControlsEnabledState(),12243,12256,Method|SetLocalModlistSelection(IReadOnlyList<LocalModlistListEntry>)|L12185,SetLocalModlistSelection(IReadOnlyList<LocalModlistListEntry>),1
Method|RefreshManagerUpdateLinkAsync()|L12258,RefreshManagerUpdateLinkAsync,RefreshManagerUpdateLinkAsync(),12258,12295,"Method|InternetAccessManager_OnInternetAccessChanged(object?,EventArgs)|L3213;Method|MainWindow_Loaded(object,RoutedEventArgs)|L590","InternetAccessManager_OnInternetAccessChanged(object?,EventArgs);MainWindow_Loaded(object,RoutedEventArgs)",2
Method|GetManagerInformationalVersion()|L12297,GetManagerInformationalVersion,GetManagerInformationalVersion(),12297,12321,Method|RefreshManagerUpdateLinkAsync()|L12258,RefreshManagerUpdateLinkAsync(),1
"Method|BuildCloudSlotDisplay(string,ModlistMetadata,bool)|L12323",BuildCloudSlotDisplay,"BuildCloudSlotDisplay(string,ModlistMetadata,bool)",12323,12331,"Method|GetCloudModlistSlotsAsync(FirebaseModlistStore,bool,bool)|L11817","GetCloudModlistSlotsAsync(FirebaseModlistStore,bool,bool)",1
Method|FormatCloudSlotLabel(string)|L12333,FormatCloudSlotLabel,FormatCloudSlotLabel(string),12333,12341,"Method|BuildCloudModlistEntries(IEnumerable<CloudModlistRegistryEntry>)|L12098;Method|BuildCloudModlistManagementEntriesAsync(FirebaseModlistStore)|L11627;Method|BuildCloudSlotDisplay(string,ModlistMetadata,bool)|L12323;Method|DeleteCloudModlistAsync(FirebaseModlistStore,CloudModlistManagementEntry)|L11719;Method|DeleteCloudModlistMenuItem_OnClick(object,RoutedEventArgs)|L10812;Method|EnsureCloudModlistContentAsync(CloudModlistListEntry)|L12142;Method|LoadModlistFromCloudMenuItem_OnClick(object,RoutedEventArgs)|L10740;Method|RenameCloudModlistAsync(FirebaseModlistStore,CloudModlistManagementEntry,string)|L11648;Method|SaveModlistToCloudAsync()|L10085","BuildCloudModlistEntries(IEnumerable<CloudModlistRegistryEntry>);BuildCloudModlistManagementEntriesAsync(FirebaseModlistStore);BuildCloudSlotDisplay(string,ModlistMetadata,bool);DeleteCloudModlistAsync(FirebaseModlistStore,CloudModlistManagementEntry);DeleteCloudModlistMenuItem_OnClick(object,RoutedEventArgs);EnsureCloudModlistContentAsync(CloudModlistListEntry);LoadModlistFromCloudMenuItem_OnClick(object,RoutedEventArgs);RenameCloudModlistAsync(FirebaseModlistStore,CloudModlistManagementEntry,string);SaveModlistToCloudAsync()",9
Method|ExtractModlistName(string?)|L12343,ExtractModlistName,ExtractModlistName(string?),12343,12346,,,0
Method|ExtractModlistMetadata(string?)|L12348,ExtractModlistMetadata,ExtractModlistMetadata(string?),12348,12388,"Method|BuildCloudModlistEntries(IEnumerable<CloudModlistRegistryEntry>)|L12098;Method|EnsureCloudModlistContentAsync(CloudModlistListEntry)|L12142;Method|ExtractModlistName(string?)|L12343;Method|GetCloudModlistSlotsAsync(FirebaseModlistStore,bool,bool)|L11817;Method|IsCloudUploaderNameAvailableAsync(FirebaseModlistStore,string)|L10408;Method|TryCreateLocalModlistEntryFromJson(string,string,out LocalModlistListEntry?,out string?)|L12030","BuildCloudModlistEntries(IEnumerable<CloudModlistRegistryEntry>);EnsureCloudModlistContentAsync(CloudModlistListEntry);ExtractModlistName(string?);GetCloudModlistSlotsAsync(FirebaseModlistStore,bool,bool);IsCloudUploaderNameAvailableAsync(FirebaseModlistStore,string);TryCreateLocalModlistEntryFromJson(string,string,out LocalModlistListEntry?,out string?)",6
"Method|TryGetTrimmedProperty(JsonElement,string)|L12390",TryGetTrimmedProperty,"TryGetTrimmedProperty(JsonElement,string)",12390,12400,Method|ExtractModlistMetadata(string?)|L12348,ExtractModlistMetadata(string?),1
Method|EnsurePresetDirectory()|L12402,EnsurePresetDirectory,EnsurePresetDirectory(),12402,12408,"Method|LoadPresetMenuItem_OnClick(object,RoutedEventArgs)|L10926;Method|LoadPresetMenuItem_OnSubmenuOpened(object,RoutedEventArgs)|L10856;Method|SavePresetMenuItem_OnClick(object,RoutedEventArgs)|L9417","LoadPresetMenuItem_OnClick(object,RoutedEventArgs);LoadPresetMenuItem_OnSubmenuOpened(object,RoutedEventArgs);SavePresetMenuItem_OnClick(object,RoutedEventArgs)",3
Method|EnsureBackupDirectory()|L12410,EnsureBackupDirectory,EnsureBackupDirectory(),12410,12417,"Method|CreateBackupAsync(string,string,bool,bool)|L9714;Method|EnsureLocalModBackupRootDirectory()|L12419;Method|RestoreBackupMenuItem_OnSubmenuOpened(object,RoutedEventArgs)|L8528","CreateBackupAsync(string,string,bool,bool);EnsureLocalModBackupRootDirectory();RestoreBackupMenuItem_OnSubmenuOpened(object,RoutedEventArgs)",3
Method|EnsureLocalModBackupRootDirectory()|L12419,EnsureLocalModBackupRootDirectory,EnsureLocalModBackupRootDirectory(),12419,12425,Method|CreateLocalModBackupSessionDirectory()|L12427,CreateLocalModBackupSessionDirectory(),1
Method|CreateLocalModBackupSessionDirectory()|L12427,CreateLocalModBackupSessionDirectory,CreateLocalModBackupSessionDirectory(),12427,12436,Method|ApplyExclusivePresetAsync(ModPreset)|L13110,ApplyExclusivePresetAsync(ModPreset),1
Method|EnsureUniqueDirectoryPath(string)|L12438,EnsureUniqueDirectoryPath,EnsureUniqueDirectoryPath(string),12438,12451,"Method|CreateLocalModBackupSessionDirectory()|L12427;Method|GetLocalModBackupEntryDirectory(string,ModListItemViewModel)|L12475;Method|MigrateLegacyRebuiltModlistsIfNeeded()|L623","CreateLocalModBackupSessionDirectory();GetLocalModBackupEntryDirectory(string,ModListItemViewModel);MigrateLegacyRebuiltModlistsIfNeeded()",3
"Method|CopyDirectoryContents(string,string)|L12453",CopyDirectoryContents,"CopyDirectoryContents(string,string)",12453,12473,"Method|BackupLocalModAtPath(string,string)|L12484","BackupLocalModAtPath(string,string)",1
"Method|GetLocalModBackupEntryDirectory(string,ModListItemViewModel)|L12475",GetLocalModBackupEntryDirectory,"GetLocalModBackupEntryDirectory(string,ModListItemViewModel)",12475,12482,Method|ApplyExclusivePresetAsync(ModPreset)|L13110,ApplyExclusivePresetAsync(ModPreset),1
"Method|BackupLocalModAtPath(string,string)|L12484",BackupLocalModAtPath,"BackupLocalModAtPath(string,string)",12484,12500,Method|ApplyExclusivePresetAsync(ModPreset)|L13110,ApplyExclusivePresetAsync(ModPreset),1
Method|EnsureModListDirectory()|L12502,EnsureModListDirectory,EnsureModListDirectory(),12502,12508,"Method|BuildLocalModlistEntries(out List<string>)|L11920;Method|EnsureRebuiltModListDirectory()|L12510;Method|LoadModlistMenuItem_OnClick(object,RoutedEventArgs)|L10996;Method|MigrateLegacyRebuiltModlistsIfNeeded()|L623;Method|OpenModlistsFolderButton_OnClick(object,RoutedEventArgs)|L10480;Method|TrySaveInstalledModsPdf(string,string?,string?,string,IReadOnlyDictionary<string, IReadOnlyList<ModConfigurationSnapshot>>?,string?,IReadOnlyList<ModListItemViewModel>?)|L6141;Method|TrySaveModlist(Func<string?>?,out string?)|L9442","BuildLocalModlistEntries(out List<string>);EnsureRebuiltModListDirectory();LoadModlistMenuItem_OnClick(object,RoutedEventArgs);MigrateLegacyRebuiltModlistsIfNeeded();OpenModlistsFolderButton_OnClick(object,RoutedEventArgs);TrySaveInstalledModsPdf(string,string?,string?,string,IReadOnlyDictionary<string, IReadOnlyList<ModConfigurationSnapshot>>?,string?,IReadOnlyList<ModListItemViewModel>?);TrySaveModlist(Func<string?>?,out string?)",7
Method|EnsureRebuiltModListDirectory()|L12510,EnsureRebuiltModListDirectory,EnsureRebuiltModListDirectory(),12510,12516,"Method|TrySaveAutomaticModlist(string,out string,out string)|L9542","TrySaveAutomaticModlist(string,out string,out string)",1
Method|EnsureCloudModListCacheDirectory()|L12518,EnsureCloudModListCacheDirectory,EnsureCloudModListCacheDirectory(),12518,12524,"Method|InstallCloudModlistButton_OnClick(object,RoutedEventArgs)|L10666","InstallCloudModlistButton_OnClick(object,RoutedEventArgs)",1
"Method|IsPathWithinDirectory(string,string)|L12526",IsPathWithinDirectory,"IsPathWithinDirectory(string,string)",12526,12539,"Method|ImportPresetConfigsAsync(ModPreset)|L12618;Method|LoadPresetMenuItem_OnClick(object,RoutedEventArgs)|L10926;Method|TryGetRelativeConfigPath(string,string)|L10261;Method|TrySaveSnapshot(string,string,string,string,string,Func<string?>?,Action<string>?,string,bool,bool,IReadOnlyDictionary<string, IReadOnlyList<ModConfigurationSnapshot>>?,Action<SerializablePreset>?)|L9209","ImportPresetConfigsAsync(ModPreset);LoadPresetMenuItem_OnClick(object,RoutedEventArgs);TryGetRelativeConfigPath(string,string);TrySaveSnapshot(string,string,string,string,string,Func<string?>?,Action<string>?,string,bool,bool,IReadOnlyDictionary<string, IReadOnlyList<ModConfigurationSnapshot>>?,Action<SerializablePreset>?)",4
"Method|BuildSuggestedFileName(string?,string)|L12541",BuildSuggestedFileName,"BuildSuggestedFileName(string?,string)",12541,12551,"Method|InstallCloudModlistButton_OnClick(object,RoutedEventArgs)|L10666;Method|TrySaveAutomaticModlist(string,out string,out string)|L9542;Method|TrySaveInstalledModsPdf(string,string?,string?,string,IReadOnlyDictionary<string, IReadOnlyList<ModConfigurationSnapshot>>?,string?,IReadOnlyList<ModListItemViewModel>?)|L6141;Method|TrySaveModlist(Func<string?>?,out string?)|L9442;Method|TrySaveSnapshot(string,string,string,string,string,Func<string?>?,Action<string>?,string,bool,bool,IReadOnlyDictionary<string, IReadOnlyList<ModConfigurationSnapshot>>?,Action<SerializablePreset>?)|L9209","InstallCloudModlistButton_OnClick(object,RoutedEventArgs);TrySaveAutomaticModlist(string,out string,out string);TrySaveInstalledModsPdf(string,string?,string?,string,IReadOnlyDictionary<string, IReadOnlyList<ModConfigurationSnapshot>>?,string?,IReadOnlyList<ModListItemViewModel>?);TrySaveModlist(Func<string?>?,out string?);TrySaveSnapshot(string,string,string,string,string,Func<string?>?,Action<string>?,string,bool,bool,IReadOnlyDictionary<string, IReadOnlyList<ModConfigurationSnapshot>>?,Action<SerializablePreset>?)",5
"Method|GetUniqueFilePath(string,string,string)|L12553",GetUniqueFilePath,"GetUniqueFilePath(string,string,string)",12553,12568,"Method|InstallCloudModlistButton_OnClick(object,RoutedEventArgs)|L10666","InstallCloudModlistButton_OnClick(object,RoutedEventArgs)",1
"Method|GetSnapshotNameFromFilePath(string,string)|L12570",GetSnapshotNameFromFilePath,"GetSnapshotNameFromFilePath(string,string)",12570,12574,"Method|TryLoadPresetFromFile(string,string,PresetLoadOptions,out ModPreset?,out string?)|L11125;Method|TryLoadPresetFromPdf(string,string,PresetLoadOptions,out ModPreset?,out string?)|L11162","TryLoadPresetFromFile(string,string,PresetLoadOptions,out ModPreset?,out string?);TryLoadPresetFromPdf(string,string,PresetLoadOptions,out ModPreset?,out string?)",2
"Method|ApplyPresetAsync(ModPreset,bool)|L12576",ApplyPresetAsync,"ApplyPresetAsync(ModPreset,bool)",12576,12616,"Method|InstallCloudModlistButton_OnClick(object,RoutedEventArgs)|L10666;Method|LoadModlistFromCloudMenuItem_OnClick(object,RoutedEventArgs)|L10740;Method|LoadModlistFromFileAsync(string)|L11017;Method|LoadPresetFromFileAsync(string)|L10964;Method|RestoreBackupAsync(string,bool)|L8617","InstallCloudModlistButton_OnClick(object,RoutedEventArgs);LoadModlistFromCloudMenuItem_OnClick(object,RoutedEventArgs);LoadModlistFromFileAsync(string);LoadPresetFromFileAsync(string);RestoreBackupAsync(string,bool)",5
Method|ImportPresetConfigsAsync(ModPreset)|L12618,ImportPresetConfigsAsync,ImportPresetConfigsAsync(ModPreset),12618,12804,"Method|ApplyPresetAsync(ModPreset,bool)|L12576","ApplyPresetAsync(ModPreset,bool)",1
Method|ApplyPresetModVersionsAsync(ModPreset)|L12806,ApplyPresetModVersionsAsync,ApplyPresetModVersionsAsync(ModPreset),12806,13039,"Method|ApplyPresetAsync(ModPreset,bool)|L12576","ApplyPresetAsync(ModPreset,bool)",1
"Method|TryInstallPresetModAsync(ModPresetModState,IProgress<ModUpdateProgress>?)|L13041",TryInstallPresetModAsync,"TryInstallPresetModAsync(ModPresetModState,IProgress<ModUpdateProgress>?)",13041,13107,Method|ApplyPresetModVersionsAsync(ModPreset)|L12806,ApplyPresetModVersionsAsync(ModPreset),1
Method|ApplyExclusivePresetAsync(ModPreset)|L13110,ApplyExclusivePresetAsync,ApplyExclusivePresetAsync(ModPreset),13110,13237,"Method|ApplyPresetAsync(ModPreset,bool)|L12576","ApplyPresetAsync(ModPreset,bool)",1
"Method|VersionsMatch(string?,string?)|L13239",VersionsMatch,"VersionsMatch(string?,string?)",13239,13257,Method|ApplyPresetModVersionsAsync(ModPreset)|L12806,ApplyPresetModVersionsAsync(ModPreset),1
"Method|LatestVersionTextBlock_OnToolTipOpening(object,ToolTipEventArgs)|L13259",LatestVersionTextBlock_OnToolTipOpening,"LatestVersionTextBlock_OnToolTipOpening(object,ToolTipEventArgs)",13259,13267,,,0
"Method|LatestVersionTextBlock_OnToolTipClosing(object,ToolTipEventArgs)|L13269",LatestVersionTextBlock_OnToolTipClosing,"LatestVersionTextBlock_OnToolTipClosing(object,ToolTipEventArgs)",13269,13276,,,0
"Method|ChangelogToolTip_OnPreviewMouseWheel(object,MouseWheelEventArgs)|L13278",ChangelogToolTip_OnPreviewMouseWheel,"ChangelogToolTip_OnPreviewMouseWheel(object,MouseWheelEventArgs)",13278,13293,,,0
"Method|ModsDataGrid_OnPreviewMouseWheel(object,MouseWheelEventArgs)|L13295",ModsDataGrid_OnPreviewMouseWheel,"ModsDataGrid_OnPreviewMouseWheel(object,MouseWheelEventArgs)",13295,13318,,,0
Method|IsDescendantOfToolTip(DependencyObject?)|L13320,IsDescendantOfToolTip,IsDescendantOfToolTip(DependencyObject?),13320,13330,"Method|ModsDataGrid_OnPreviewMouseWheel(object,MouseWheelEventArgs)|L13295","ModsDataGrid_OnPreviewMouseWheel(object,MouseWheelEventArgs)",1
Method|GetParent(DependencyObject)|L13332,GetParent,GetParent(DependencyObject),13332,13346,Method|FindAncestor<T>(DependencyObject?)|L13348;Method|IsDescendantOfToolTip(DependencyObject?)|L13320,FindAncestor<T>(DependencyObject?);IsDescendantOfToolTip(DependencyObject?),2
Method|FindAncestor<T>(DependencyObject?)|L13348,FindAncestor,FindAncestor<T>(DependencyObject?),13348,13359,"Method|ModsDataGrid_OnPreviewMouseLeftButtonDown(object,MouseButtonEventArgs)|L4757","ModsDataGrid_OnPreviewMouseLeftButtonDown(object,MouseButtonEventArgs)",1
Method|GetCurrentScrollMultiplier()|L13361,GetCurrentScrollMultiplier,GetCurrentScrollMultiplier(),13361,13364,"Method|ChangelogToolTip_OnPreviewMouseWheel(object,MouseWheelEventArgs)|L13278;Method|ModsDataGrid_OnPreviewMouseWheel(object,MouseWheelEventArgs)|L13295","ChangelogToolTip_OnPreviewMouseWheel(object,MouseWheelEventArgs);ModsDataGrid_OnPreviewMouseWheel(object,MouseWheelEventArgs)",2
"Method|ShouldPreserveModsViewState(ICollectionView?,ICollectionView?)|L13366",ShouldPreserveModsViewState,"ShouldPreserveModsViewState(ICollectionView?,ICollectionView?)",13366,13379,"Method|ViewModelOnPropertyChanged(object?,PropertyChangedEventArgs)|L2963","ViewModelOnPropertyChanged(object?,PropertyChangedEventArgs)",1
"Method|AttachToModsView(ICollectionView?,bool)|L13381",AttachToModsView,"AttachToModsView(ICollectionView?,bool)",13381,13412,"Method|InitializeViewModel()|L2568;Method|ReloadViewModelAsync()|L4358;Method|ViewModelOnPropertyChanged(object?,PropertyChangedEventArgs)|L2963","InitializeViewModel();ReloadViewModelAsync();ViewModelOnPropertyChanged(object?,PropertyChangedEventArgs)",3
"Method|ModsView_OnCollectionChanged(object?,NotifyCollectionChangedEventArgs)|L13414",ModsView_OnCollectionChanged,"ModsView_OnCollectionChanged(object?,NotifyCollectionChangedEventArgs)",13414,13422,,,0
Method|HandleModRowSelection(ModListItemViewModel)|L13428,HandleModRowSelection,HandleModRowSelection(ModListItemViewModel),13428,13471,"Method|ModDatabaseCard_OnPreviewMouseLeftButtonDown(object,MouseButtonEventArgs)|L4798;Method|ModsDataGridRow_OnPreviewMouseLeftButtonDown(object,MouseButtonEventArgs)|L4781","ModDatabaseCard_OnPreviewMouseLeftButtonDown(object,MouseButtonEventArgs);ModsDataGridRow_OnPreviewMouseLeftButtonDown(object,MouseButtonEventArgs)",2
Method|SelectAllModsInCurrentView()|L13473,SelectAllModsInCurrentView,SelectAllModsInCurrentView(),13473,13485,Method|TryHandleModListKeyDownAsync(KeyEventArgs)|L4724,TryHandleModListKeyDownAsync(KeyEventArgs),1
"Method|ApplyRangeSelection(ModListItemViewModel,ModListItemViewModel,bool)|L13487",ApplyRangeSelection,"ApplyRangeSelection(ModListItemViewModel,ModListItemViewModel,bool)",13487,13508,Method|HandleModRowSelection(ModListItemViewModel)|L13428,HandleModRowSelection(ModListItemViewModel),1
Method|GetModsInViewOrder()|L13510,GetModsInViewOrder,GetModsInViewOrder(),13510,13516,"Method|ApplyRangeSelection(ModListItemViewModel,ModListItemViewModel,bool)|L13487;Method|SelectAllModsInCurrentView()|L13473","ApplyRangeSelection(ModListItemViewModel,ModListItemViewModel,bool);SelectAllModsInCurrentView()",2
Method|AddToSelection(ModListItemViewModel)|L13518,AddToSelection,AddToSelection(ModListItemViewModel),13518,13526,"Method|ApplyRangeSelection(ModListItemViewModel,ModListItemViewModel,bool)|L13487;Method|HandleModRowSelection(ModListItemViewModel)|L13428;Method|SelectAllModsInCurrentView()|L13473","ApplyRangeSelection(ModListItemViewModel,ModListItemViewModel,bool);HandleModRowSelection(ModListItemViewModel);SelectAllModsInCurrentView()",3
Method|RemoveFromSelection(ModListItemViewModel)|L13528,RemoveFromSelection,RemoveFromSelection(ModListItemViewModel),13528,13535,"Method|HandleModRowSelection(ModListItemViewModel)|L13428;Method|InstallModButton_OnClick(object,RoutedEventArgs)|L5455","HandleModRowSelection(ModListItemViewModel);InstallModButton_OnClick(object,RoutedEventArgs)",2
Method|ClearSelection(bool)|L13537,ClearSelection,ClearSelection(bool),13537,13553,"Method|ApplyRangeSelection(ModListItemViewModel,ModListItemViewModel,bool)|L13487;Method|AttachToModsView(ICollectionView?,bool)|L13381;Method|CloseModInfoButton_OnClick(object,RoutedEventArgs)|L5161;Method|HandleModRowSelection(ModListItemViewModel)|L13428;Method|ModsDataGrid_OnPreviewMouseLeftButtonDown(object,MouseButtonEventArgs)|L4757;Method|ModsView_OnCollectionChanged(object?,NotifyCollectionChangedEventArgs)|L13414;Method|PrepareForModlistLoad()|L7247;Method|SelectAllModsInCurrentView()|L13473","ApplyRangeSelection(ModListItemViewModel,ModListItemViewModel,bool);AttachToModsView(ICollectionView?,bool);CloseModInfoButton_OnClick(object,RoutedEventArgs);HandleModRowSelection(ModListItemViewModel);ModsDataGrid_OnPreviewMouseLeftButtonDown(object,MouseButtonEventArgs);ModsView_OnCollectionChanged(object?,NotifyCollectionChangedEventArgs);PrepareForModlistLoad();SelectAllModsInCurrentView()",8
Method|ClearModDatabaseSelections()|L13555,ClearModDatabaseSelections,ClearModDatabaseSelections(),13555,13578,,,0
"Method|RestoreSelectionFromSourcePaths(IReadOnlyList<string>,string?)|L13580",RestoreSelectionFromSourcePaths,"RestoreSelectionFromSourcePaths(IReadOnlyList<string>,string?)",13580,13625,Method|RefreshModsAsync(bool)|L4175,RefreshModsAsync(bool),1
"Method|UpdateSelectionAnchorAfterRestore(IReadOnlyList<ModListItemViewModel>,string?)|L13627",UpdateSelectionAnchorAfterRestore,"UpdateSelectionAnchorAfterRestore(IReadOnlyList<ModListItemViewModel>,string?)",13627,13645,"Method|RestoreSelectionFromSourcePaths(IReadOnlyList<string>,string?)|L13580","RestoreSelectionFromSourcePaths(IReadOnlyList<string>,string?)",1
Method|SubscribeToSelectedMod(ModListItemViewModel)|L13647,SubscribeToSelectedMod,SubscribeToSelectedMod(ModListItemViewModel),13647,13679,"Method|AddToSelection(ModListItemViewModel)|L13518;Method|RestoreSelectionFromSourcePaths(IReadOnlyList<string>,string?)|L13580","AddToSelection(ModListItemViewModel);RestoreSelectionFromSourcePaths(IReadOnlyList<string>,string?)",2
Method|UnsubscribeFromSelectedMod(ModListItemViewModel)|L13681,UnsubscribeFromSelectedMod,UnsubscribeFromSelectedMod(ModListItemViewModel),13681,13688,"Method|ClearModDatabaseSelections()|L13555;Method|ClearSelection(bool)|L13537;Method|RemoveFromSelection(ModListItemViewModel)|L13528;Method|RestoreSelectionFromSourcePaths(IReadOnlyList<string>,string?)|L13580","ClearModDatabaseSelections();ClearSelection(bool);RemoveFromSelection(ModListItemViewModel);RestoreSelectionFromSourcePaths(IReadOnlyList<string>,string?)",4
Method|RefreshSelectedModFixButton(ModListItemViewModel)|L13690,RefreshSelectedModFixButton,RefreshSelectedModFixButton(ModListItemViewModel),13690,13694,Method|SubscribeToSelectedMod(ModListItemViewModel)|L13647,SubscribeToSelectedMod(ModListItemViewModel),1
Method|RefreshSelectedModCopyForServerButton(ModListItemViewModel)|L13696,RefreshSelectedModCopyForServerButton,RefreshSelectedModCopyForServerButton(ModListItemViewModel),13696,13701,Method|SubscribeToSelectedMod(ModListItemViewModel)|L13647,SubscribeToSelectedMod(ModListItemViewModel),1
Method|UpdateSelectedModButtons()|L13703,UpdateSelectedModButtons,UpdateSelectedModButtons(),13703,13736,"Method|AddToSelection(ModListItemViewModel)|L13518;Method|ClearModDatabaseSelections()|L13555;Method|ClearSelection(bool)|L13537;Method|FixModButton_OnClick(object,RoutedEventArgs)|L5335;Method|ImportPresetConfigsAsync(ModPreset)|L12618;Method|InstallModButton_OnClick(object,RoutedEventArgs)|L5455;Method|InstallModFromBrowserAsync(DownloadableMod)|L2736;Method|RemoveFromSelection(ModListItemViewModel)|L13528;Method|RestoreSelectionFromSourcePaths(IReadOnlyList<string>,string?)|L13580;Method|UpdateModsAsync(IReadOnlyList<ModListItemViewModel>,bool,IReadOnlyDictionary<ModListItemViewModel, ModReleaseInfo>?,bool,Func<ModListItemViewModel, ModReleaseInfo, IProgress<ModUpdateProgress>?>?,Action<ModListItemViewModel, ModReleaseInfo, ModUpdateResult>?)|L13891","AddToSelection(ModListItemViewModel);ClearModDatabaseSelections();ClearSelection(bool);FixModButton_OnClick(object,RoutedEventArgs);ImportPresetConfigsAsync(ModPreset);InstallModButton_OnClick(object,RoutedEventArgs);InstallModFromBrowserAsync(DownloadableMod);RemoveFromSelection(ModListItemViewModel);RestoreSelectionFromSourcePaths(IReadOnlyList<string>,string?);UpdateModsAsync(IReadOnlyList<ModListItemViewModel>,bool,IReadOnlyDictionary<ModListItemViewModel, ModReleaseInfo>?,bool,Func<ModListItemViewModel, ModReleaseInfo, IProgress<ModUpdateProgress>?>?,Action<ModListItemViewModel, ModReleaseInfo, ModUpdateResult>?)",10
Method|UpdateServerOptionsState(bool)|L13738,UpdateServerOptionsState,UpdateServerOptionsState(bool),13738,13751,"Method|EnableServerOptionsMenuItem_OnClick(object,RoutedEventArgs)|L1723","EnableServerOptionsMenuItem_OnClick(object,RoutedEventArgs)",1
Method|UpdateSelectedModFixButton(ModListItemViewModel?)|L13753,UpdateSelectedModFixButton,UpdateSelectedModFixButton(ModListItemViewModel?),13753,13768,Method|RefreshSelectedModFixButton(ModListItemViewModel)|L13690;Method|UpdateSelectedModButtons()|L13703,RefreshSelectedModFixButton(ModListItemViewModel);UpdateSelectedModButtons(),2
Method|UpdateSelectedModCopyForServerButton(ModListItemViewModel?)|L13770,UpdateSelectedModCopyForServerButton,UpdateSelectedModCopyForServerButton(ModListItemViewModel?),13770,13794,Method|RefreshSelectedModCopyForServerButton(ModListItemViewModel)|L13696;Method|UpdateSelectedModButtons()|L13703;Method|UpdateServerOptionsState(bool)|L13738,RefreshSelectedModCopyForServerButton(ModListItemViewModel);UpdateSelectedModButtons();UpdateServerOptionsState(bool),3
"Method|UpdateSelectedModButton(WpfButton?,ModListItemViewModel?,bool,bool)|L13796",UpdateSelectedModButton,"UpdateSelectedModButton(WpfButton?,ModListItemViewModel?,bool,bool)",13796,13814,Method|UpdateSelectedModButtons()|L13703;Method|UpdateSelectedModEditConfigButton(ModListItemViewModel?)|L13816,UpdateSelectedModButtons();UpdateSelectedModEditConfigButton(ModListItemViewModel?),2
Method|UpdateSelectedModEditConfigButton(ModListItemViewModel?)|L13816,UpdateSelectedModEditConfigButton,UpdateSelectedModEditConfigButton(ModListItemViewModel?),13816,13837,"Method|EditConfigButton_OnClick(object,RoutedEventArgs)|L5057;Method|ScanForModConfigFilesAsync(MainViewModel,IReadOnlyList<ModListItemViewModel>)|L3790;Method|UpdateSelectedModButtons()|L13703","EditConfigButton_OnClick(object,RoutedEventArgs);ScanForModConfigFilesAsync(MainViewModel,IReadOnlyList<ModListItemViewModel>);UpdateSelectedModButtons()",3
Method|ShouldIgnoreRowSelection(DependencyObject?)|L13839,ShouldIgnoreRowSelection,ShouldIgnoreRowSelection(DependencyObject?),13839,13853,"Method|ModDatabaseCard_OnPreviewMouseLeftButtonDown(object,MouseButtonEventArgs)|L4798;Method|ModsDataGridRow_OnPreviewMouseLeftButtonDown(object,MouseButtonEventArgs)|L4781;Method|ModsDataGrid_OnPreviewMouseLeftButtonDown(object,MouseButtonEventArgs)|L4757","ModDatabaseCard_OnPreviewMouseLeftButtonDown(object,MouseButtonEventArgs);ModsDataGridRow_OnPreviewMouseLeftButtonDown(object,MouseButtonEventArgs);ModsDataGrid_OnPreviewMouseLeftButtonDown(object,MouseButtonEventArgs)",3
Method|GetModsScrollViewer()|L13855,GetModsScrollViewer,GetModsScrollViewer(),13855,13867,"Method|ModsDataGrid_OnPreviewMouseWheel(object,MouseWheelEventArgs)|L13295","ModsDataGrid_OnPreviewMouseWheel(object,MouseWheelEventArgs)",1
Method|ClearScrollViewerCache()|L13869,ClearScrollViewerCache,ClearScrollViewerCache(),13869,13873,"Method|ShowCustomThemeEditor()|L1538;Method|ThemeMenuItem_OnClick(object,RoutedEventArgs)|L1403","ShowCustomThemeEditor();ThemeMenuItem_OnClick(object,RoutedEventArgs)",2
Method|FindDescendantScrollViewer(DependencyObject?)|L13875,FindDescendantScrollViewer,FindDescendantScrollViewer(DependencyObject?),13875,13889,"Method|FindDescendantScrollViewer(DependencyObject?)|L13875;Method|GetModsScrollViewer()|L13855;Method|SelectedModVersionComboBox_OnDropDownOpened(object,EventArgs)|L5751","FindDescendantScrollViewer(DependencyObject?);GetModsScrollViewer();SelectedModVersionComboBox_OnDropDownOpened(object,EventArgs)",3
"Method|UpdateModsAsync(IReadOnlyList<ModListItemViewModel>,bool,IReadOnlyDictionary<ModListItemViewModel, ModReleaseInfo>?,bool,Func<ModListItemViewModel, ModReleaseInfo, IProgress<ModUpdateProgress>?>?,Action<ModListItemViewModel, ModReleaseInfo, ModUpdateResult>?)|L13891",UpdateModsAsync,"UpdateModsAsync(IReadOnlyList<ModListItemViewModel>,bool,IReadOnlyDictionary<ModListItemViewModel, ModReleaseInfo>?,bool,Func<ModListItemViewModel, ModReleaseInfo, IProgress<ModUpdateProgress>?>?,Action<ModListItemViewModel, ModReleaseInfo, ModUpdateResult>?)",13891,14090,"Method|ApplyPresetModVersionsAsync(ModPreset)|L12806;Method|SelectedModVersionComboBox_OnSelectionChanged(object,SelectionChangedEventArgs)|L5725;Method|UpdateAllModsMenuItem_OnClick(object,RoutedEventArgs)|L5773;Method|UpdateModButton_OnClick(object,RoutedEventArgs)|L5707","ApplyPresetModVersionsAsync(ModPreset);SelectedModVersionComboBox_OnSelectionChanged(object,SelectionChangedEventArgs);UpdateAllModsMenuItem_OnClick(object,RoutedEventArgs);UpdateModButton_OnClick(object,RoutedEventArgs)",4
"Method|SelectReleaseForMod(ModListItemViewModel,bool,ref ModUpdateReleasePreference?,List<ModUpdateOperationResult>,ref bool)|L14092",SelectReleaseForMod,"SelectReleaseForMod(ModListItemViewModel,bool,ref ModUpdateReleasePreference?,List<ModUpdateOperationResult>,ref bool)",14092,14112,"Method|UpdateModsAsync(IReadOnlyList<ModListItemViewModel>,bool,IReadOnlyDictionary<ModListItemViewModel, ModReleaseInfo>?,bool,Func<ModListItemViewModel, ModReleaseInfo, IProgress<ModUpdateProgress>?>?,Action<ModListItemViewModel, ModReleaseInfo, ModUpdateResult>?)|L13891","UpdateModsAsync(IReadOnlyList<ModListItemViewModel>,bool,IReadOnlyDictionary<ModListItemViewModel, ModReleaseInfo>?,bool,Func<ModListItemViewModel, ModReleaseInfo, IProgress<ModUpdateProgress>?>?,Action<ModListItemViewModel, ModReleaseInfo, ModUpdateResult>?)",1
Method|ShowBulkUpdateChangelogDialog(IReadOnlyList<ModUpdateOperationResult>)|L14114,ShowBulkUpdateChangelogDialog,ShowBulkUpdateChangelogDialog(IReadOnlyList<ModUpdateOperationResult>),14114,14145,"Method|UpdateModsAsync(IReadOnlyList<ModListItemViewModel>,bool,IReadOnlyDictionary<ModListItemViewModel, ModReleaseInfo>?,bool,Func<ModListItemViewModel, ModReleaseInfo, IProgress<ModUpdateProgress>?>?,Action<ModListItemViewModel, ModReleaseInfo, ModUpdateResult>?)|L13891","UpdateModsAsync(IReadOnlyList<ModListItemViewModel>,bool,IReadOnlyDictionary<ModListItemViewModel, ModReleaseInfo>?,bool,Func<ModListItemViewModel, ModReleaseInfo, IProgress<ModUpdateProgress>?>?,Action<ModListItemViewModel, ModReleaseInfo, ModUpdateResult>?)",1
Method|BuildChangelogSummary(IReadOnlyList<ModListItemViewModel.ReleaseChangelog>)|L14147,BuildChangelogSummary,BuildChangelogSummary(IReadOnlyList<ModListItemViewModel.ReleaseChangelog>),14147,14163,"Method|UpdateModsAsync(IReadOnlyList<ModListItemViewModel>,bool,IReadOnlyDictionary<ModListItemViewModel, ModReleaseInfo>?,bool,Func<ModListItemViewModel, ModReleaseInfo, IProgress<ModUpdateProgress>?>?,Action<ModListItemViewModel, ModReleaseInfo, ModUpdateResult>?)|L13891","UpdateModsAsync(IReadOnlyList<ModListItemViewModel>,bool,IReadOnlyDictionary<ModListItemViewModel, ModReleaseInfo>?,bool,Func<ModListItemViewModel, ModReleaseInfo, IProgress<ModUpdateProgress>?>?,Action<ModListItemViewModel, ModReleaseInfo, ModUpdateResult>?)",1
"Method|ShowUpdateSummary(IReadOnlyList<ModUpdateOperationResult>,bool,bool)|L14165",ShowUpdateSummary,"ShowUpdateSummary(IReadOnlyList<ModUpdateOperationResult>,bool,bool)",14165,14209,"Method|UpdateModsAsync(IReadOnlyList<ModListItemViewModel>,bool,IReadOnlyDictionary<ModListItemViewModel, ModReleaseInfo>?,bool,Func<ModListItemViewModel, ModReleaseInfo, IProgress<ModUpdateProgress>?>?,Action<ModListItemViewModel, ModReleaseInfo, ModUpdateResult>?)|L13891","UpdateModsAsync(IReadOnlyList<ModListItemViewModel>,bool,IReadOnlyDictionary<ModListItemViewModel, ModReleaseInfo>?,bool,Func<ModListItemViewModel, ModReleaseInfo, IProgress<ModUpdateProgress>?>?,Action<ModListItemViewModel, ModReleaseInfo, ModUpdateResult>?)",1
"Method|ActiveToggle_OnPreviewMouseLeftButtonDown(object,MouseButtonEventArgs)|L14211",ActiveToggle_OnPreviewMouseLeftButtonDown,"ActiveToggle_OnPreviewMouseLeftButtonDown(object,MouseButtonEventArgs)",14211,14221,,,0
"Method|ActiveToggle_OnPreviewMouseLeftButtonUp(object,MouseButtonEventArgs)|L14223",ActiveToggle_OnPreviewMouseLeftButtonUp,"ActiveToggle_OnPreviewMouseLeftButtonUp(object,MouseButtonEventArgs)",14223,14226,,,0
"Method|ActiveToggle_OnPreviewMouseMove(object,MouseEventArgs)|L14228",ActiveToggle_OnPreviewMouseMove,"ActiveToggle_OnPreviewMouseMove(object,MouseEventArgs)",14228,14233,,,0
"Method|ActiveToggle_OnToggled(object,RoutedEventArgs)|L14235",ActiveToggle_OnToggled,"ActiveToggle_OnToggled(object,RoutedEventArgs)",14235,14262,,,0
Method|OnActivated(EventArgs)|L14264,OnActivated,OnActivated(EventArgs),14264,14271,Method|OnActivated(EventArgs)|L14264,OnActivated(EventArgs),1
Method|OnDeactivated(EventArgs)|L14273,OnDeactivated,OnDeactivated(EventArgs),14273,14277,Method|OnDeactivated(EventArgs)|L14273,OnDeactivated(EventArgs),1
Method|OnClosed(EventArgs)|L14279,OnClosed,OnClosed(EventArgs),14279,14288,Method|OnClosed(EventArgs)|L14279,OnClosed(EventArgs),1
