MemberId,Type,Name,Signature,StartLine,EndLine,LineCount,SuggestedFile,Confidence,Reason
Field|SummaryKeyPatchModPrefix|L85,Field,SummaryKeyPatchModPrefix,SummaryKeyPatchModPrefix,85,85,1,MainWindow.Core.cs,High,"Shared state, dependency fields, WPF dependency properties, constructor, or delegate kept centralized during first-pass decomposition."
Field|SummaryKeyLinePrefix|L86,Field,SummaryKeyLinePrefix,SummaryKeyLinePrefix,86,86,1,MainWindow.Core.cs,High,"Shared state, dependency fields, WPF dependency properties, constructor, or delegate kept centralized during first-pass decomposition."
Field|MaxDataBackupsMenuItems|L87,Field,MaxDataBackupsMenuItems,MaxDataBackupsMenuItems,87,87,1,MainWindow.Core.cs,High,"Shared state, dependency fields, WPF dependency properties, constructor, or delegate kept centralized during first-pass decomposition."
Field|WindowPositionScreenMargin|L88,Field,WindowPositionScreenMargin,WindowPositionScreenMargin,88,88,1,MainWindow.Core.cs,High,"Shared state, dependency fields, WPF dependency properties, constructor, or delegate kept centralized during first-pass decomposition."
Method|CreateHostKeyVerifierWithStorage()|L97,Method,CreateHostKeyVerifierWithStorage,CreateHostKeyVerifierWithStorage(),97,108,12,MainWindow.ServerSync.cs,High,Host-key verification helper.
Field|DiscordInviteUrl|L111,Field,DiscordInviteUrl,DiscordInviteUrl,111,111,1,MainWindow.Core.cs,High,"Shared state, dependency fields, WPF dependency properties, constructor, or delegate kept centralized during first-pass decomposition."
Field|ManagerModDatabaseUrl|L112,Field,ManagerModDatabaseUrl,ManagerModDatabaseUrl,112,112,1,MainWindow.Core.cs,High,"Shared state, dependency fields, WPF dependency properties, constructor, or delegate kept centralized during first-pass decomposition."
Field|ManagerModDatabaseModId|L113,Field,ManagerModDatabaseModId,ManagerModDatabaseModId,113,113,1,MainWindow.Core.cs,High,"Shared state, dependency fields, WPF dependency properties, constructor, or delegate kept centralized during first-pass decomposition."
Field|ModDatabaseUnavailableMessage|L114,Field,ModDatabaseUnavailableMessage,ModDatabaseUnavailableMessage,114,114,1,MainWindow.Core.cs,High,"Shared state, dependency fields, WPF dependency properties, constructor, or delegate kept centralized during first-pass decomposition."
Field|ModListScrollMultiplier|L117,Field,ModListScrollMultiplier,ModListScrollMultiplier,117,117,1,MainWindow.Core.cs,High,"Shared state, dependency fields, WPF dependency properties, constructor, or delegate kept centralized during first-pass decomposition."
Field|ModDbDesignScrollMultiplier|L118,Field,ModDbDesignScrollMultiplier,ModDbDesignScrollMultiplier,118,118,1,MainWindow.Core.cs,High,"Shared state, dependency fields, WPF dependency properties, constructor, or delegate kept centralized during first-pass decomposition."
Field|LoadMoreScrollThreshold|L119,Field,LoadMoreScrollThreshold,LoadMoreScrollThreshold,119,119,1,MainWindow.Core.cs,High,"Shared state, dependency fields, WPF dependency properties, constructor, or delegate kept centralized during first-pass decomposition."
Field|HoverOverlayOpacity|L120,Field,HoverOverlayOpacity,HoverOverlayOpacity,120,120,1,MainWindow.Core.cs,High,"Shared state, dependency fields, WPF dependency properties, constructor, or delegate kept centralized during first-pass decomposition."
Field|SelectionOverlayOpacity|L121,Field,SelectionOverlayOpacity,SelectionOverlayOpacity,121,121,1,MainWindow.Core.cs,High,"Shared state, dependency fields, WPF dependency properties, constructor, or delegate kept centralized during first-pass decomposition."
Field|ModInfoPanelHorizontalOverhang|L124,Field,ModInfoPanelHorizontalOverhang,ModInfoPanelHorizontalOverhang,124,124,1,MainWindow.Core.cs,High,"Shared state, dependency fields, WPF dependency properties, constructor, or delegate kept centralized during first-pass decomposition."
Field|DefaultModInfoPanelLeft|L125,Field,DefaultModInfoPanelLeft,DefaultModInfoPanelLeft,125,125,1,MainWindow.Core.cs,High,"Shared state, dependency fields, WPF dependency properties, constructor, or delegate kept centralized during first-pass decomposition."
Field|DefaultModInfoPanelTop|L126,Field,DefaultModInfoPanelTop,DefaultModInfoPanelTop,126,126,1,MainWindow.Core.cs,High,"Shared state, dependency fields, WPF dependency properties, constructor, or delegate kept centralized during first-pass decomposition."
Field|DefaultModInfoPanelRightMargin|L127,Field,DefaultModInfoPanelRightMargin,DefaultModInfoPanelRightMargin,127,127,1,MainWindow.Core.cs,High,"Shared state, dependency fields, WPF dependency properties, constructor, or delegate kept centralized during first-pass decomposition."
Field|PresetDirectoryName|L130,Field,PresetDirectoryName,PresetDirectoryName,130,130,1,MainWindow.Core.cs,High,"Shared state, dependency fields, WPF dependency properties, constructor, or delegate kept centralized during first-pass decomposition."
Field|ModListDirectoryName|L131,Field,ModListDirectoryName,ModListDirectoryName,131,131,1,MainWindow.Core.cs,High,"Shared state, dependency fields, WPF dependency properties, constructor, or delegate kept centralized during first-pass decomposition."
Field|CloudModListCacheDirectoryName|L132,Field,CloudModListCacheDirectoryName,CloudModListCacheDirectoryName,132,132,1,MainWindow.Core.cs,High,"Shared state, dependency fields, WPF dependency properties, constructor, or delegate kept centralized during first-pass decomposition."
Field|RebuiltModListDirectoryName|L133,Field,RebuiltModListDirectoryName,RebuiltModListDirectoryName,133,133,1,MainWindow.Core.cs,High,"Shared state, dependency fields, WPF dependency properties, constructor, or delegate kept centralized during first-pass decomposition."
Field|AutomaticConfigMaxWordDistance|L134,Field,AutomaticConfigMaxWordDistance,AutomaticConfigMaxWordDistance,134,134,1,MainWindow.Core.cs,High,"Shared state, dependency fields, WPF dependency properties, constructor, or delegate kept centralized during first-pass decomposition."
Field|ConnectivityTestHttpClient|L136,Field,ConnectivityTestHttpClient,ConnectivityTestHttpClient,136,139,4,MainWindow.Core.cs,High,"Shared state, dependency fields, WPF dependency properties, constructor, or delegate kept centralized during first-pass decomposition."
Field|ExperimentalModDebugLogPrefixes|L141,Field,ExperimentalModDebugLogPrefixes,ExperimentalModDebugLogPrefixes,141,147,7,MainWindow.Core.cs,High,"Shared state, dependency fields, WPF dependency properties, constructor, or delegate kept centralized during first-pass decomposition."
Field|ExperimentalModDebugLogExtensions|L149,Field,ExperimentalModDebugLogExtensions,ExperimentalModDebugLogExtensions,149,153,5,MainWindow.Core.cs,High,"Shared state, dependency fields, WPF dependency properties, constructor, or delegate kept centralized during first-pass decomposition."
Field|ExperimentalModDebugIgnoredLinePhrases|L155,Field,ExperimentalModDebugIgnoredLinePhrases,ExperimentalModDebugIgnoredLinePhrases,155,163,9,MainWindow.Core.cs,High,"Shared state, dependency fields, WPF dependency properties, constructor, or delegate kept centralized during first-pass decomposition."
Field|SupportedConfigExtensions|L165,Field,SupportedConfigExtensions,SupportedConfigExtensions,165,170,6,MainWindow.Core.cs,High,"Shared state, dependency fields, WPF dependency properties, constructor, or delegate kept centralized during first-pass decomposition."
Field|SummarizableLinePrefixes|L173,Field,SummarizableLinePrefixes,SummarizableLinePrefixes,173,183,11,MainWindow.Core.cs,High,"Shared state, dependency fields, WPF dependency properties, constructor, or delegate kept centralized during first-pass decomposition."
Field|_isQuestPdfLicenseInitialized|L185,Field,_isQuestPdfLicenseInitialized,_isQuestPdfLicenseInitialized,185,185,1,MainWindow.Core.cs,High,"Shared state, dependency fields, WPF dependency properties, constructor, or delegate kept centralized during first-pass decomposition."
Field|PatchAssetMissingRegex|L187,Field,PatchAssetMissingRegex,PatchAssetMissingRegex,187,189,3,MainWindow.Core.cs,High,"Shared state, dependency fields, WPF dependency properties, constructor, or delegate kept centralized during first-pass decomposition."
Field|StandardPresetLoadOptions|L191,Field,StandardPresetLoadOptions,StandardPresetLoadOptions,191,191,1,MainWindow.Core.cs,High,"Shared state, dependency fields, WPF dependency properties, constructor, or delegate kept centralized during first-pass decomposition."
Field|ModListLoadOptions|L192,Field,ModListLoadOptions,ModListLoadOptions,192,192,1,MainWindow.Core.cs,High,"Shared state, dependency fields, WPF dependency properties, constructor, or delegate kept centralized during first-pass decomposition."
Field|BoundModProperty|L198,Field,BoundModProperty,BoundModProperty,198,202,5,MainWindow.Core.cs,High,"Shared state, dependency fields, WPF dependency properties, constructor, or delegate kept centralized during first-pass decomposition."
Field|BoundModHandlerProperty|L204,Field,BoundModHandlerProperty,BoundModHandlerProperty,204,208,5,MainWindow.Core.cs,High,"Shared state, dependency fields, WPF dependency properties, constructor, or delegate kept centralized during first-pass decomposition."
Field|RowIsHoveredProperty|L210,Field,RowIsHoveredProperty,RowIsHoveredProperty,210,214,5,MainWindow.Core.cs,High,"Shared state, dependency fields, WPF dependency properties, constructor, or delegate kept centralized during first-pass decomposition."
Field|IsDataBackupInProgressProperty|L216,Field,IsDataBackupInProgressProperty,IsDataBackupInProgressProperty,216,221,6,MainWindow.Core.cs,High,"Shared state, dependency fields, WPF dependency properties, constructor, or delegate kept centralized during first-pass decomposition."
Field|DataBackupProgressProperty|L223,Field,DataBackupProgressProperty,DataBackupProgressProperty,223,228,6,MainWindow.Core.cs,High,"Shared state, dependency fields, WPF dependency properties, constructor, or delegate kept centralized during first-pass decomposition."
Field|DataBackupStatusMessageProperty|L230,Field,DataBackupStatusMessageProperty,DataBackupStatusMessageProperty,230,235,6,MainWindow.Core.cs,High,"Shared state, dependency fields, WPF dependency properties, constructor, or delegate kept centralized during first-pass decomposition."
Field|IsModlistInstallInProgressProperty|L237,Field,IsModlistInstallInProgressProperty,IsModlistInstallInProgressProperty,237,242,6,MainWindow.Core.cs,High,"Shared state, dependency fields, WPF dependency properties, constructor, or delegate kept centralized during first-pass decomposition."
Field|ModlistInstallProgressProperty|L244,Field,ModlistInstallProgressProperty,ModlistInstallProgressProperty,244,249,6,MainWindow.Core.cs,High,"Shared state, dependency fields, WPF dependency properties, constructor, or delegate kept centralized during first-pass decomposition."
Field|ModlistInstallStatusMessageProperty|L251,Field,ModlistInstallStatusMessageProperty,ModlistInstallStatusMessageProperty,251,256,6,MainWindow.Core.cs,High,"Shared state, dependency fields, WPF dependency properties, constructor, or delegate kept centralized during first-pass decomposition."
Field|ModlistDownloadSpeedProperty|L258,Field,ModlistDownloadSpeedProperty,ModlistDownloadSpeedProperty,258,263,6,MainWindow.Core.cs,High,"Shared state, dependency fields, WPF dependency properties, constructor, or delegate kept centralized during first-pass decomposition."
Field|HasModlistDownloadSpeedProperty|L265,Field,HasModlistDownloadSpeedProperty,HasModlistDownloadSpeedProperty,265,270,6,MainWindow.Core.cs,High,"Shared state, dependency fields, WPF dependency properties, constructor, or delegate kept centralized during first-pass decomposition."
Property|IsDataBackupInProgress|L272,Property,IsDataBackupInProgress,IsDataBackupInProgress,272,276,5,MainWindow.Core.cs,High,"Shared state, dependency fields, WPF dependency properties, constructor, or delegate kept centralized during first-pass decomposition."
Property|DataBackupProgress|L278,Property,DataBackupProgress,DataBackupProgress,278,282,5,MainWindow.Core.cs,High,"Shared state, dependency fields, WPF dependency properties, constructor, or delegate kept centralized during first-pass decomposition."
Property|DataBackupStatusMessage|L284,Property,DataBackupStatusMessage,DataBackupStatusMessage,284,288,5,MainWindow.Core.cs,High,"Shared state, dependency fields, WPF dependency properties, constructor, or delegate kept centralized during first-pass decomposition."
Property|IsModlistInstallInProgress|L290,Property,IsModlistInstallInProgress,IsModlistInstallInProgress,290,294,5,MainWindow.Core.cs,High,"Shared state, dependency fields, WPF dependency properties, constructor, or delegate kept centralized during first-pass decomposition."
Property|ModlistInstallProgress|L296,Property,ModlistInstallProgress,ModlistInstallProgress,296,300,5,MainWindow.Core.cs,High,"Shared state, dependency fields, WPF dependency properties, constructor, or delegate kept centralized during first-pass decomposition."
Property|ModlistInstallStatusMessage|L302,Property,ModlistInstallStatusMessage,ModlistInstallStatusMessage,302,306,5,MainWindow.Core.cs,High,"Shared state, dependency fields, WPF dependency properties, constructor, or delegate kept centralized during first-pass decomposition."
Property|ModlistDownloadSpeed|L308,Property,ModlistDownloadSpeed,ModlistDownloadSpeed,308,312,5,MainWindow.Core.cs,High,"Shared state, dependency fields, WPF dependency properties, constructor, or delegate kept centralized during first-pass decomposition."
Property|HasModlistDownloadSpeed|L314,Property,HasModlistDownloadSpeed,HasModlistDownloadSpeed,314,318,5,MainWindow.Core.cs,High,"Shared state, dependency fields, WPF dependency properties, constructor, or delegate kept centralized during first-pass decomposition."
Field|_backupSemaphore|L325,Field,_backupSemaphore,_backupSemaphore,325,325,1,MainWindow.Core.cs,High,"Shared state, dependency fields, WPF dependency properties, constructor, or delegate kept centralized during first-pass decomposition."
Field|_cloudStoreLock|L326,Field,_cloudStoreLock,_cloudStoreLock,326,326,1,MainWindow.Core.cs,High,"Shared state, dependency fields, WPF dependency properties, constructor, or delegate kept centralized during first-pass decomposition."
Field|_developerProfileMenuItems|L329,Field,_developerProfileMenuItems,_developerProfileMenuItems,329,329,1,MainWindow.Core.cs,High,"Shared state, dependency fields, WPF dependency properties, constructor, or delegate kept centralized during first-pass decomposition."
Field|_gameProfileMenuItems|L330,Field,_gameProfileMenuItems,_gameProfileMenuItems,330,330,1,MainWindow.Core.cs,High,"Shared state, dependency fields, WPF dependency properties, constructor, or delegate kept centralized during first-pass decomposition."
Field|_installedColumnVisibilityPreferences|L331,Field,_installedColumnVisibilityPreferences,_installedColumnVisibilityPreferences,331,331,1,MainWindow.Core.cs,High,"Shared state, dependency fields, WPF dependency properties, constructor, or delegate kept centralized during first-pass decomposition."
Field|_modCompatibilityCommentsService|L334,Field,_modCompatibilityCommentsService,_modCompatibilityCommentsService,334,334,1,MainWindow.Core.cs,High,"Shared state, dependency fields, WPF dependency properties, constructor, or delegate kept centralized during first-pass decomposition."
Field|_modDatabaseService|L335,Field,_modDatabaseService,_modDatabaseService,335,335,1,MainWindow.Core.cs,High,"Shared state, dependency fields, WPF dependency properties, constructor, or delegate kept centralized during first-pass decomposition."
Field|_modUpdateService|L336,Field,_modUpdateService,_modUpdateService,336,336,1,MainWindow.Core.cs,High,"Shared state, dependency fields, WPF dependency properties, constructor, or delegate kept centralized during first-pass decomposition."
Field|_dataBackupService|L337,Field,_dataBackupService,_dataBackupService,337,337,1,MainWindow.Core.cs,High,"Shared state, dependency fields, WPF dependency properties, constructor, or delegate kept centralized during first-pass decomposition."
Field|_modActivityLoggingService|L338,Field,_modActivityLoggingService,_modActivityLoggingService,338,338,1,MainWindow.Core.cs,High,"Shared state, dependency fields, WPF dependency properties, constructor, or delegate kept centralized during first-pass decomposition."
Field|_userConfiguration|L339,Field,_userConfiguration,_userConfiguration,339,339,1,MainWindow.Core.cs,High,"Shared state, dependency fields, WPF dependency properties, constructor, or delegate kept centralized during first-pass decomposition."
Field|_serverTargetService|L340,Field,_serverTargetService,_serverTargetService,340,340,1,MainWindow.Core.cs,High,"Shared state, dependency fields, WPF dependency properties, constructor, or delegate kept centralized during first-pass decomposition."
Field|_syncEngine|L341,Field,_syncEngine,_syncEngine,341,341,1,MainWindow.Core.cs,High,"Shared state, dependency fields, WPF dependency properties, constructor, or delegate kept centralized during first-pass decomposition."
Field|_traceListener|L342,Field,_traceListener,_traceListener,342,342,1,MainWindow.Core.cs,High,"Shared state, dependency fields, WPF dependency properties, constructor, or delegate kept centralized during first-pass decomposition."
Field|_selectedModPropertyHandlers|L345,Field,_selectedModPropertyHandlers,_selectedModPropertyHandlers,345,345,1,MainWindow.Core.cs,High,"Shared state, dependency fields, WPF dependency properties, constructor, or delegate kept centralized during first-pass decomposition."
Field|_selectedMods|L346,Field,_selectedMods,_selectedMods,346,346,1,MainWindow.Core.cs,High,"Shared state, dependency fields, WPF dependency properties, constructor, or delegate kept centralized during first-pass decomposition."
Field|_selectedLocalModlists|L347,Field,_selectedLocalModlists,_selectedLocalModlists,347,347,1,MainWindow.Core.cs,High,"Shared state, dependency fields, WPF dependency properties, constructor, or delegate kept centralized during first-pass decomposition."
Field|_selectedCloudModlist|L348,Field,_selectedCloudModlist,_selectedCloudModlist,348,348,1,MainWindow.Core.cs,High,"Shared state, dependency fields, WPF dependency properties, constructor, or delegate kept centralized during first-pass decomposition."
Field|_selectionAnchor|L349,Field,_selectionAnchor,_selectionAnchor,349,349,1,MainWindow.Core.cs,High,"Shared state, dependency fields, WPF dependency properties, constructor, or delegate kept centralized during first-pass decomposition."
Field|_cloudModlistsLoaded|L352,Field,_cloudModlistsLoaded,_cloudModlistsLoaded,352,352,1,MainWindow.Core.cs,High,"Shared state, dependency fields, WPF dependency properties, constructor, or delegate kept centralized during first-pass decomposition."
Field|_firebaseMigrationAttempted|L353,Field,_firebaseMigrationAttempted,_firebaseMigrationAttempted,353,353,1,MainWindow.Core.cs,High,"Shared state, dependency fields, WPF dependency properties, constructor, or delegate kept centralized during first-pass decomposition."
Field|_cloudModlistStore|L354,Field,_cloudModlistStore,_cloudModlistStore,354,354,1,MainWindow.Core.cs,High,"Shared state, dependency fields, WPF dependency properties, constructor, or delegate kept centralized during first-pass decomposition."
Field|_currentModsView|L357,Field,_currentModsView,_currentModsView,357,357,1,MainWindow.Core.cs,High,"Shared state, dependency fields, WPF dependency properties, constructor, or delegate kept centralized during first-pass decomposition."
Field|_modsScrollViewer|L358,Field,_modsScrollViewer,_modsScrollViewer,358,358,1,MainWindow.Core.cs,High,"Shared state, dependency fields, WPF dependency properties, constructor, or delegate kept centralized during first-pass decomposition."
Field|_modsScrollViewerSource|L359,Field,_modsScrollViewerSource,_modsScrollViewerSource,359,359,1,MainWindow.Core.cs,High,"Shared state, dependency fields, WPF dependency properties, constructor, or delegate kept centralized during first-pass decomposition."
Field|_modsCollection|L360,Field,_modsCollection,_modsCollection,360,360,1,MainWindow.Core.cs,High,"Shared state, dependency fields, WPF dependency properties, constructor, or delegate kept centralized during first-pass decomposition."
Field|_customShortcutPath|L363,Field,_customShortcutPath,_customShortcutPath,363,363,1,MainWindow.Core.cs,High,"Shared state, dependency fields, WPF dependency properties, constructor, or delegate kept centralized during first-pass decomposition."
Field|_dataDirectory|L364,Field,_dataDirectory,_dataDirectory,364,364,1,MainWindow.Core.cs,High,"Shared state, dependency fields, WPF dependency properties, constructor, or delegate kept centralized during first-pass decomposition."
Field|_gameDirectory|L365,Field,_gameDirectory,_gameDirectory,365,365,1,MainWindow.Core.cs,High,"Shared state, dependency fields, WPF dependency properties, constructor, or delegate kept centralized during first-pass decomposition."
Field|_gameSessionMonitor|L368,Field,_gameSessionMonitor,_gameSessionMonitor,368,368,1,MainWindow.Core.cs,High,"Shared state, dependency fields, WPF dependency properties, constructor, or delegate kept centralized during first-pass decomposition."
Field|_modsWatcherTimer|L369,Field,_modsWatcherTimer,_modsWatcherTimer,369,369,1,MainWindow.Core.cs,High,"Shared state, dependency fields, WPF dependency properties, constructor, or delegate kept centralized during first-pass decomposition."
Field|_modUsagePromptData|L370,Field,_modUsagePromptData,_modUsagePromptData,370,370,1,MainWindow.Core.cs,High,"Shared state, dependency fields, WPF dependency properties, constructor, or delegate kept centralized during first-pass decomposition."
Field|_votesCacheWatcher|L371,Field,_votesCacheWatcher,_votesCacheWatcher,371,371,1,MainWindow.Core.cs,High,"Shared state, dependency fields, WPF dependency properties, constructor, or delegate kept centralized during first-pass decomposition."
Field|_hasAppliedInitialModInfoPanelPosition|L374,Field,_hasAppliedInitialModInfoPanelPosition,_hasAppliedInitialModInfoPanelPosition,374,374,1,MainWindow.Core.cs,High,"Shared state, dependency fields, WPF dependency properties, constructor, or delegate kept centralized during first-pass decomposition."
Field|_isApplyingMultiToggle|L375,Field,_isApplyingMultiToggle,_isApplyingMultiToggle,375,375,1,MainWindow.Core.cs,High,"Shared state, dependency fields, WPF dependency properties, constructor, or delegate kept centralized during first-pass decomposition."
Field|_isApplyingPreset|L376,Field,_isApplyingPreset,_isApplyingPreset,376,376,1,MainWindow.Core.cs,High,"Shared state, dependency fields, WPF dependency properties, constructor, or delegate kept centralized during first-pass decomposition."
Field|_isAutomaticRefreshRunning|L377,Field,_isAutomaticRefreshRunning,_isAutomaticRefreshRunning,377,377,1,MainWindow.Core.cs,High,"Shared state, dependency fields, WPF dependency properties, constructor, or delegate kept centralized during first-pass decomposition."
Field|_isCloudModlistRefreshInProgress|L378,Field,_isCloudModlistRefreshInProgress,_isCloudModlistRefreshInProgress,378,378,1,MainWindow.Core.cs,High,"Shared state, dependency fields, WPF dependency properties, constructor, or delegate kept centralized during first-pass decomposition."
Field|_isDependencyResolutionRefreshPending|L379,Field,_isDependencyResolutionRefreshPending,_isDependencyResolutionRefreshPending,379,379,1,MainWindow.Core.cs,High,"Shared state, dependency fields, WPF dependency properties, constructor, or delegate kept centralized during first-pass decomposition."
Field|_isDraggingModInfoPanel|L380,Field,_isDraggingModInfoPanel,_isDraggingModInfoPanel,380,380,1,MainWindow.Core.cs,High,"Shared state, dependency fields, WPF dependency properties, constructor, or delegate kept centralized during first-pass decomposition."
Field|_isInitializing|L381,Field,_isInitializing,_isInitializing,381,381,1,MainWindow.Core.cs,High,"Shared state, dependency fields, WPF dependency properties, constructor, or delegate kept centralized during first-pass decomposition."
Field|_isUpdatingModlistsTabSelection|L382,Field,_isUpdatingModlistsTabSelection,_isUpdatingModlistsTabSelection,382,382,1,MainWindow.Core.cs,High,"Shared state, dependency fields, WPF dependency properties, constructor, or delegate kept centralized during first-pass decomposition."
Field|_isUpdatingMiddleTabSelection|L383,Field,_isUpdatingMiddleTabSelection,_isUpdatingMiddleTabSelection,383,383,1,MainWindow.Core.cs,High,"Shared state, dependency fields, WPF dependency properties, constructor, or delegate kept centralized during first-pass decomposition."
Field|_isModUpdateInProgress|L384,Field,_isModUpdateInProgress,_isModUpdateInProgress,384,384,1,MainWindow.Core.cs,High,"Shared state, dependency fields, WPF dependency properties, constructor, or delegate kept centralized during first-pass decomposition."
Field|_isModUsageDialogOpen|L385,Field,_isModUsageDialogOpen,_isModUsageDialogOpen,385,385,1,MainWindow.Core.cs,High,"Shared state, dependency fields, WPF dependency properties, constructor, or delegate kept centralized during first-pass decomposition."
Field|_isRefreshingAfterModlistLoad|L386,Field,_isRefreshingAfterModlistLoad,_isRefreshingAfterModlistLoad,386,386,1,MainWindow.Core.cs,High,"Shared state, dependency fields, WPF dependency properties, constructor, or delegate kept centralized during first-pass decomposition."
Field|_isWindowActive|L387,Field,_isWindowActive,_isWindowActive,387,387,1,MainWindow.Core.cs,High,"Shared state, dependency fields, WPF dependency properties, constructor, or delegate kept centralized during first-pass decomposition."
Field|_refreshAfterModlistLoadPending|L388,Field,_refreshAfterModlistLoadPending,_refreshAfterModlistLoadPending,388,388,1,MainWindow.Core.cs,High,"Shared state, dependency fields, WPF dependency properties, constructor, or delegate kept centralized during first-pass decomposition."
Field|_localModlistsLoaded|L389,Field,_localModlistsLoaded,_localModlistsLoaded,389,389,1,MainWindow.Core.cs,High,"Shared state, dependency fields, WPF dependency properties, constructor, or delegate kept centralized during first-pass decomposition."
Field|_suppressSortPreferenceSave|L390,Field,_suppressSortPreferenceSave,_suppressSortPreferenceSave,390,390,1,MainWindow.Core.cs,High,"Shared state, dependency fields, WPF dependency properties, constructor, or delegate kept centralized during first-pass decomposition."
Field|_isModBrowserWatcherSubscribed|L391,Field,_isModBrowserWatcherSubscribed,_isModBrowserWatcherSubscribed,391,391,1,MainWindow.Core.cs,High,"Shared state, dependency fields, WPF dependency properties, constructor, or delegate kept centralized during first-pass decomposition."
Field|_modInfoDragOffset|L394,Field,_modInfoDragOffset,_modInfoDragOffset,394,394,1,MainWindow.Core.cs,High,"Shared state, dependency fields, WPF dependency properties, constructor, or delegate kept centralized during first-pass decomposition."
Field|_recentLocalModBackupDirectory|L397,Field,_recentLocalModBackupDirectory,_recentLocalModBackupDirectory,397,397,1,MainWindow.Core.cs,High,"Shared state, dependency fields, WPF dependency properties, constructor, or delegate kept centralized during first-pass decomposition."
Field|_recentLocalModBackupModNames|L398,Field,_recentLocalModBackupModNames,_recentLocalModBackupModNames,398,398,1,MainWindow.Core.cs,High,"Shared state, dependency fields, WPF dependency properties, constructor, or delegate kept centralized during first-pass decomposition."
Field|_modlistInstallCompletedSteps|L399,Field,_modlistInstallCompletedSteps,_modlistInstallCompletedSteps,399,399,1,MainWindow.Core.cs,High,"Shared state, dependency fields, WPF dependency properties, constructor, or delegate kept centralized during first-pass decomposition."
Field|_modlistInstallTotalSteps|L400,Field,_modlistInstallTotalSteps,_modlistInstallTotalSteps,400,400,1,MainWindow.Core.cs,High,"Shared state, dependency fields, WPF dependency properties, constructor, or delegate kept centralized during first-pass decomposition."
Field|_viewModel|L403,Field,_viewModel,_viewModel,403,403,1,MainWindow.Core.cs,High,"Shared state, dependency fields, WPF dependency properties, constructor, or delegate kept centralized during first-pass decomposition."
Field|_modBrowserViewModel|L404,Field,_modBrowserViewModel,_modBrowserViewModel,404,404,1,MainWindow.Core.cs,High,"Shared state, dependency fields, WPF dependency properties, constructor, or delegate kept centralized during first-pass decomposition."
Field|_customThemeMenuItems|L405,Field,_customThemeMenuItems,_customThemeMenuItems,405,405,1,MainWindow.Core.cs,High,"Shared state, dependency fields, WPF dependency properties, constructor, or delegate kept centralized during first-pass decomposition."
Constructor|MainWindow()|L411,Constructor,MainWindow,MainWindow(),411,494,84,MainWindow.Core.cs,High,"Shared state, dependency fields, WPF dependency properties, constructor, or delegate kept centralized during first-pass decomposition."
Property|RefreshModsUiCommand|L500,Property,RefreshModsUiCommand,RefreshModsUiCommand,500,500,1,MainWindow.Core.cs,High,"Shared state, dependency fields, WPF dependency properties, constructor, or delegate kept centralized during first-pass decomposition."
"Method|ReportStatus(string,bool)|L502",Method,ReportStatus,"ReportStatus(string,bool)",502,505,4,MainWindow.ColumnVisibility.cs,High,Installed-mod column visibility commands and helpers.
Method|InitializeColumnVisibilityMenu()|L511,Method,InitializeColumnVisibilityMenu,InitializeColumnVisibilityMenu(),511,523,13,MainWindow.ColumnVisibility.cs,High,Installed-mod column visibility commands and helpers.
"Method|RegisterColumnMenuItem(MenuItem?,InstalledModsColumn)|L525",Method,RegisterColumnMenuItem,"RegisterColumnMenuItem(MenuItem?,InstalledModsColumn)",525,537,13,MainWindow.ColumnVisibility.cs,High,Installed-mod column visibility commands and helpers.
"Method|InstalledModsColumnMenuItem_OnChecked(object,RoutedEventArgs)|L539",Method,InstalledModsColumnMenuItem_OnChecked,"InstalledModsColumnMenuItem_OnChecked(object,RoutedEventArgs)",539,547,9,MainWindow.ColumnVisibility.cs,High,Installed-mod column visibility commands and helpers.
"Method|ApplyInstalledColumnVisibility(InstalledModsColumn,bool)|L549",Method,ApplyInstalledColumnVisibility,"ApplyInstalledColumnVisibility(InstalledModsColumn,bool)",549,569,21,MainWindow.ColumnVisibility.cs,High,Installed-mod column visibility commands and helpers.
"Method|NotifyViewModelOfInstalledColumnVisibility(InstalledModsColumn,bool)|L571",Method,NotifyViewModelOfInstalledColumnVisibility,"NotifyViewModelOfInstalledColumnVisibility(InstalledModsColumn,bool)",571,574,4,MainWindow.ColumnVisibility.cs,High,Installed-mod column visibility commands and helpers.
Method|ApplyColumnVisibilityPreferencesToViewModel()|L576,Method,ApplyColumnVisibilityPreferencesToViewModel,ApplyColumnVisibilityPreferencesToViewModel(),576,582,7,MainWindow.ColumnVisibility.cs,High,Installed-mod column visibility commands and helpers.
"Method|MainWindow_Loaded(object,RoutedEventArgs)|L590",Method,MainWindow_Loaded,"MainWindow_Loaded(object,RoutedEventArgs)",590,621,32,MainWindow.Startup.cs,High,"Window loading, migration, and startup cache preparation."
Method|MigrateLegacyRebuiltModlistsIfNeeded()|L623,Method,MigrateLegacyRebuiltModlistsIfNeeded,MigrateLegacyRebuiltModlistsIfNeeded(),623,669,47,MainWindow.Startup.cs,High,"Window loading, migration, and startup cache preparation."
Method|PromptCacheRefreshIfNeededAsync()|L671,Method,PromptCacheRefreshIfNeededAsync,PromptCacheRefreshIfNeededAsync(),671,691,21,MainWindow.Startup.cs,High,"Window loading, migration, and startup cache preparation."
Method|ClearManagerCachesForVersionUpdateAsync()|L693,Method,ClearManagerCachesForVersionUpdateAsync,ClearManagerCachesForVersionUpdateAsync(),693,717,25,MainWindow.Startup.cs,High,"Window loading, migration, and startup cache preparation."
Method|CheckAndPromptMigrationAsync()|L719,Method,CheckAndPromptMigrationAsync,CheckAndPromptMigrationAsync(),719,751,33,MainWindow.Startup.cs,High,"Window loading, migration, and startup cache preparation."
Method|PerformMigrationAsync()|L753,Method,PerformMigrationAsync,PerformMigrationAsync(),753,816,64,MainWindow.Startup.cs,High,"Window loading, migration, and startup cache preparation."
Method|TryShowModUsagePromptAsync()|L818,Method,TryShowModUsagePromptAsync,TryShowModUsagePromptAsync(),818,863,46,MainWindow.ModUsage.cs,High,Mod-usage prompt preparation and dialog workflow.
Method|PrepareModUsagePromptData()|L865,Method,PrepareModUsagePromptData,PrepareModUsagePromptData(),865,953,89,MainWindow.ModUsage.cs,High,Mod-usage prompt preparation and dialog workflow.
Method|UpdateModUsagePromptIndicator(bool)|L955,Method,UpdateModUsagePromptIndicator,UpdateModUsagePromptIndicator(bool),955,960,6,MainWindow.ModUsage.cs,High,Mod-usage prompt preparation and dialog workflow.
Method|ShowModUsagePromptDialogAsync()|L962,Method,ShowModUsagePromptDialogAsync,ShowModUsagePromptDialogAsync(),962,1086,125,MainWindow.ModUsage.cs,High,Mod-usage prompt preparation and dialog workflow.
"Method|EnsureInstalledModsCachedAsync(MainViewModel,bool)|L1088",Method,EnsureInstalledModsCachedAsync,"EnsureInstalledModsCachedAsync(MainViewModel,bool)",1088,1105,18,MainWindow.Startup.cs,High,Startup cache completion and window closing lifecycle.
"Method|MainWindow_OnClosing(object?,CancelEventArgs)|L1107",Method,MainWindow_OnClosing,"MainWindow_OnClosing(object?,CancelEventArgs)",1107,1150,44,MainWindow.Startup.cs,High,Startup cache completion and window closing lifecycle.
"Method|RootGrid_OnSizeChanged(object,SizeChangedEventArgs)|L1152",Method,RootGrid_OnSizeChanged,"RootGrid_OnSizeChanged(object,SizeChangedEventArgs)",1152,1157,6,MainWindow.ModInfoPanel.cs,High,Draggable mod-information panel layout and bounds.
"Method|ModInfoBorder_OnMouseLeftButtonDown(object,MouseButtonEventArgs)|L1163",Method,ModInfoBorder_OnMouseLeftButtonDown,"ModInfoBorder_OnMouseLeftButtonDown(object,MouseButtonEventArgs)",1163,1173,11,MainWindow.ModInfoPanel.cs,High,Draggable mod-information panel layout and bounds.
"Method|ModInfoBorder_OnMouseMove(object,MouseEventArgs)|L1175",Method,ModInfoBorder_OnMouseMove,"ModInfoBorder_OnMouseMove(object,MouseEventArgs)",1175,1185,11,MainWindow.ModInfoPanel.cs,High,Draggable mod-information panel layout and bounds.
"Method|ModInfoBorder_OnMouseLeftButtonUp(object,MouseButtonEventArgs)|L1187",Method,ModInfoBorder_OnMouseLeftButtonUp,"ModInfoBorder_OnMouseLeftButtonUp(object,MouseButtonEventArgs)",1187,1195,9,MainWindow.ModInfoPanel.cs,High,Draggable mod-information panel layout and bounds.
"Method|ModInfoBorder_OnLostMouseCapture(object,MouseEventArgs)|L1197",Method,ModInfoBorder_OnLostMouseCapture,"ModInfoBorder_OnLostMouseCapture(object,MouseEventArgs)",1197,1203,7,MainWindow.ModInfoPanel.cs,High,Draggable mod-information panel layout and bounds.
Method|ApplyStoredModInfoPanelPosition()|L1205,Method,ApplyStoredModInfoPanelPosition,ApplyStoredModInfoPanelPosition(),1205,1215,11,MainWindow.ModInfoPanel.cs,High,Draggable mod-information panel layout and bounds.
Method|EnsureModInfoPanelWithinBounds(bool)|L1217,Method,EnsureModInfoPanelWithinBounds,EnsureModInfoPanelWithinBounds(bool),1217,1229,13,MainWindow.ModInfoPanel.cs,High,Draggable mod-information panel layout and bounds.
"Method|SetModInfoPanelPosition(double,double,bool)|L1231",Method,SetModInfoPanelPosition,"SetModInfoPanelPosition(double,double,bool)",1231,1260,30,MainWindow.ModInfoPanel.cs,High,Draggable mod-information panel layout and bounds.
Method|ComputeDefaultModInfoPanelLeft()|L1262,Method,ComputeDefaultModInfoPanelLeft,ComputeDefaultModInfoPanelLeft(),1262,1284,23,MainWindow.ModInfoPanel.cs,High,Draggable mod-information panel layout and bounds.
Method|GetModInfoPanelWidth()|L1286,Method,GetModInfoPanelWidth,GetModInfoPanelWidth(),1286,1294,9,MainWindow.ModInfoPanel.cs,High,Draggable mod-information panel layout and bounds.
Method|GetModInfoPanelHeight()|L1296,Method,GetModInfoPanelHeight,GetModInfoPanelHeight(),1296,1304,9,MainWindow.ModInfoPanel.cs,High,Draggable mod-information panel layout and bounds.
Method|IsModInfoDragInitiationBlocked(DependencyObject?)|L1306,Method,IsModInfoDragInitiationBlocked,IsModInfoDragInitiationBlocked(DependencyObject?),1306,1319,14,MainWindow.ModInfoPanel.cs,High,Draggable mod-information panel layout and bounds.
"Method|DisableAutoRefreshMenuItem_OnClick(object,RoutedEventArgs)|L1325",Method,DisableAutoRefreshMenuItem_OnClick,"DisableAutoRefreshMenuItem_OnClick(object,RoutedEventArgs)",1325,1355,31,MainWindow.Settings.cs,High,Application behavior settings toggles.
"Method|AutomaticDataBackupsMenuItem_OnClick(object,RoutedEventArgs)|L1357",Method,AutomaticDataBackupsMenuItem_OnClick,"AutomaticDataBackupsMenuItem_OnClick(object,RoutedEventArgs)",1357,1390,34,MainWindow.Settings.cs,High,Application behavior settings toggles.
"Method|DisableInternetAccessMenuItem_OnClick(object,RoutedEventArgs)|L1392",Method,DisableInternetAccessMenuItem_OnClick,"DisableInternetAccessMenuItem_OnClick(object,RoutedEventArgs)",1392,1401,10,MainWindow.Settings.cs,High,Application behavior settings toggles.
"Method|ThemeMenuItem_OnClick(object,RoutedEventArgs)|L1403",Method,ThemeMenuItem_OnClick,"ThemeMenuItem_OnClick(object,RoutedEventArgs)",1403,1435,33,MainWindow.Appearance.cs,High,Theme selection and custom theme editing.
"Method|EditThemeMenuItem_OnClick(object,RoutedEventArgs)|L1437",Method,EditThemeMenuItem_OnClick,"EditThemeMenuItem_OnClick(object,RoutedEventArgs)",1437,1440,4,MainWindow.Appearance.cs,High,Theme selection and custom theme editing.
"Method|UpdateThemeMenuSelection(ColorTheme,string?)|L1442",Method,UpdateThemeMenuSelection,"UpdateThemeMenuSelection(ColorTheme,string?)",1442,1459,18,MainWindow.Appearance.cs,High,Theme selection and custom theme editing.
Method|GenerateSurprisePalette()|L1461,Method,GenerateSurprisePalette,GenerateSurprisePalette(),1461,1469,9,MainWindow.Appearance.cs,High,Theme selection and custom theme editing.
Method|GenerateRandomColor(string)|L1471,Method,GenerateRandomColor,GenerateRandomColor(string),1471,1486,16,MainWindow.Appearance.cs,High,Theme selection and custom theme editing.
Method|RefreshCustomThemeMenuItems()|L1488,Method,RefreshCustomThemeMenuItems,RefreshCustomThemeMenuItems(),1488,1536,49,MainWindow.Appearance.cs,High,Theme selection and custom theme editing.
Method|ShowCustomThemeEditor()|L1538,Method,ShowCustomThemeEditor,ShowCustomThemeEditor(),1538,1560,23,MainWindow.Appearance.cs,High,Theme selection and custom theme editing.
"Method|AlwaysClearModlistsMenuItem_OnClick(object,RoutedEventArgs)|L1562",Method,AlwaysClearModlistsMenuItem_OnClick,"AlwaysClearModlistsMenuItem_OnClick(object,RoutedEventArgs)",1562,1568,7,MainWindow.Settings.cs,High,Modlist loading preferences and game-version UI setting.
"Method|AlwaysAddModlistsMenuItem_OnClick(object,RoutedEventArgs)|L1570",Method,AlwaysAddModlistsMenuItem_OnClick,"AlwaysAddModlistsMenuItem_OnClick(object,RoutedEventArgs)",1570,1576,7,MainWindow.Settings.cs,High,Modlist loading preferences and game-version UI setting.
"Method|HandleModlistAutoLoadMenuClick(object,ModlistAutoLoadBehavior,ModlistAutoLoadBehavior)|L1578",Method,HandleModlistAutoLoadMenuClick,"HandleModlistAutoLoadMenuClick(object,ModlistAutoLoadBehavior,ModlistAutoLoadBehavior)",1578,1585,8,MainWindow.Settings.cs,High,Modlist loading preferences and game-version UI setting.
Method|SetModlistAutoLoadBehavior(ModlistAutoLoadBehavior)|L1587,Method,SetModlistAutoLoadBehavior,SetModlistAutoLoadBehavior(ModlistAutoLoadBehavior),1587,1591,5,MainWindow.Settings.cs,High,Modlist loading preferences and game-version UI setting.
Method|UpdateModlistAutoLoadMenu(ModlistAutoLoadBehavior)|L1593,Method,UpdateModlistAutoLoadMenu,UpdateModlistAutoLoadMenu(ModlistAutoLoadBehavior),1593,1600,8,MainWindow.Settings.cs,High,Modlist loading preferences and game-version UI setting.
Method|UpdateGameVersionMenuItem(string?)|L1602,Method,UpdateGameVersionMenuItem,UpdateGameVersionMenuItem(string?),1602,1614,13,MainWindow.Settings.cs,High,Modlist loading preferences and game-version UI setting.
Method|ApplyStoredWindowDimensions()|L1616,Method,ApplyStoredWindowDimensions,ApplyStoredWindowDimensions(),1616,1637,22,MainWindow.WindowState.cs,High,Window dimensions and screen-position persistence.
"Method|IsWindowPositionOnScreen(double,double)|L1639",Method,IsWindowPositionOnScreen,"IsWindowPositionOnScreen(double,double)",1639,1652,14,MainWindow.WindowState.cs,High,Window dimensions and screen-position persistence.
Method|SaveWindowDimensions()|L1654,Method,SaveWindowDimensions,SaveWindowDimensions(),1654,1664,11,MainWindow.Identity.cs,High,Uploader/player identity UI and cloud-store propagation.
Method|SetUsernameDisplay(string?)|L1666,Method,SetUsernameDisplay,SetUsernameDisplay(string?),1666,1671,6,MainWindow.Identity.cs,High,Uploader/player identity UI and cloud-store propagation.
Method|ResolveUploaderName(string?)|L1673,Method,ResolveUploaderName,ResolveUploaderName(string?),1673,1699,27,MainWindow.Identity.cs,High,Uploader/player identity UI and cloud-store propagation.
Method|ApplyPlayerIdentityToUiAndCloudStore()|L1701,Method,ApplyPlayerIdentityToUiAndCloudStore,ApplyPlayerIdentityToUiAndCloudStore(),1701,1706,6,MainWindow.Identity.cs,High,Uploader/player identity UI and cloud-store propagation.
Method|ApplyPlayerIdentityToCloudStore(FirebaseModlistStore?)|L1708,Method,ApplyPlayerIdentityToCloudStore,ApplyPlayerIdentityToCloudStore(FirebaseModlistStore?),1708,1713,6,MainWindow.Identity.cs,High,Uploader/player identity UI and cloud-store propagation.
Method|SaveUploaderName()|L1715,Method,SaveUploaderName,SaveUploaderName(),1715,1721,7,MainWindow.Identity.cs,High,Uploader/player identity UI and cloud-store propagation.
"Method|EnableServerOptionsMenuItem_OnClick(object,RoutedEventArgs)|L1723",Method,EnableServerOptionsMenuItem_OnClick,"EnableServerOptionsMenuItem_OnClick(object,RoutedEventArgs)",1723,1730,8,MainWindow.Identity.cs,High,Uploader/player identity UI and cloud-store propagation.
"Method|UseFasterThumbnailsMenuItem_OnClick(object,RoutedEventArgs)|L1732",Method,UseFasterThumbnailsMenuItem_OnClick,"UseFasterThumbnailsMenuItem_OnClick(object,RoutedEventArgs)",1732,1738,7,MainWindow.Logging.cs,High,Logging settings and trace-listener initialization.
"Method|DisableHoverEffectsMenuItem_OnClick(object,RoutedEventArgs)|L1740",Method,DisableHoverEffectsMenuItem_OnClick,"DisableHoverEffectsMenuItem_OnClick(object,RoutedEventArgs)",1740,1751,12,MainWindow.Logging.cs,High,Logging settings and trace-listener initialization.
"Method|LogModUpdateMenuItem_OnClick(object,RoutedEventArgs)|L1753",Method,LogModUpdateMenuItem_OnClick,"LogModUpdateMenuItem_OnClick(object,RoutedEventArgs)",1753,1759,7,MainWindow.Logging.cs,High,Logging settings and trace-listener initialization.
"Method|LogModInstallMenuItem_OnClick(object,RoutedEventArgs)|L1761",Method,LogModInstallMenuItem_OnClick,"LogModInstallMenuItem_OnClick(object,RoutedEventArgs)",1761,1767,7,MainWindow.Logging.cs,High,Logging settings and trace-listener initialization.
"Method|LogModDeletionMenuItem_OnClick(object,RoutedEventArgs)|L1769",Method,LogModDeletionMenuItem_OnClick,"LogModDeletionMenuItem_OnClick(object,RoutedEventArgs)",1769,1775,7,MainWindow.Logging.cs,High,Logging settings and trace-listener initialization.
"Method|LogAppLifecycleMenuItem_OnClick(object,RoutedEventArgs)|L1777",Method,LogAppLifecycleMenuItem_OnClick,"LogAppLifecycleMenuItem_OnClick(object,RoutedEventArgs)",1777,1783,7,MainWindow.Logging.cs,High,Logging settings and trace-listener initialization.
"Method|LogErrorsAndExceptionsMenuItem_OnClick(object,RoutedEventArgs)|L1785",Method,LogErrorsAndExceptionsMenuItem_OnClick,"LogErrorsAndExceptionsMenuItem_OnClick(object,RoutedEventArgs)",1785,1792,8,MainWindow.Logging.cs,High,Logging settings and trace-listener initialization.
Method|InitializeTraceListener()|L1794,Method,InitializeTraceListener,InitializeTraceListener(),1794,1811,18,MainWindow.Logging.cs,High,Logging settings and trace-listener initialization.
Method|UpdateLoggingMenuState()|L1813,Method,UpdateLoggingMenuState,UpdateLoggingMenuState(),1813,1825,13,MainWindow.Logging.cs,High,Logging menu-state synchronization.
"Method|GenerateServerInstallMacroMenuItem_OnClick(object,RoutedEventArgs)|L1827",Method,GenerateServerInstallMacroMenuItem_OnClick,"GenerateServerInstallMacroMenuItem_OnClick(object,RoutedEventArgs)",1827,1976,150,MainWindow.ServerSync.cs,High,Server installation macro generation.
"Method|CacheAllVersionsMenuItem_OnClick(object,RoutedEventArgs)|L1978",Method,CacheAllVersionsMenuItem_OnClick,"CacheAllVersionsMenuItem_OnClick(object,RoutedEventArgs)",1978,1984,7,MainWindow.Debugging.cs,High,Version cache options and experimental log/debug analysis.
"Method|RequireExactVsVersionMenuItem_OnClick(object,RoutedEventArgs)|L1986",Method,RequireExactVsVersionMenuItem_OnClick,"RequireExactVsVersionMenuItem_OnClick(object,RoutedEventArgs)",1986,1992,7,MainWindow.Debugging.cs,High,Version cache options and experimental log/debug analysis.
"Method|ExperimentalModDebuggingMenuItem_OnClick(object,RoutedEventArgs)|L1994",Method,ExperimentalModDebuggingMenuItem_OnClick,"ExperimentalModDebuggingMenuItem_OnClick(object,RoutedEventArgs)",1994,2060,67,MainWindow.Debugging.cs,High,Version cache options and experimental log/debug analysis.
"Method|ExperimentalAllModsDebuggingMenuItem_OnClick(object,RoutedEventArgs)|L2062",Method,ExperimentalAllModsDebuggingMenuItem_OnClick,"ExperimentalAllModsDebuggingMenuItem_OnClick(object,RoutedEventArgs)",2062,2155,94,MainWindow.Debugging.cs,High,Version cache options and experimental log/debug analysis.
"Method|CollectExperimentalModDebugLines(string,string)|L2157",Method,CollectExperimentalModDebugLines,"CollectExperimentalModDebugLines(string,string)",2157,2165,9,MainWindow.Debugging.cs,High,Version cache options and experimental log/debug analysis.
"Method|CollectInstalledModDebugLines(string,IReadOnlyList<InstalledModLogIdentifier>)|L2167",Method,CollectInstalledModDebugLines,"CollectInstalledModDebugLines(string,IReadOnlyList<InstalledModLogIdentifier>)",2167,2178,12,MainWindow.Debugging.cs,High,Version cache options and experimental log/debug analysis.
Method|GetExperimentalModDebugFilePaths(string)|L2180,Method,GetExperimentalModDebugFilePaths,GetExperimentalModDebugFilePaths(string),2180,2211,32,MainWindow.Debugging.cs,High,Version cache options and experimental log/debug analysis.
"Method|AppendExperimentalModDebugLines(List<ExperimentalModDebugLogLine>,string,string)|L2213",Method,AppendExperimentalModDebugLines,"AppendExperimentalModDebugLines(List<ExperimentalModDebugLogLine>,string,string)",2213,2239,27,MainWindow.Debugging.cs,High,Version cache options and experimental log/debug analysis.
"Method|AppendInstalledModDebugLines(List<ExperimentalModDebugLogLine>,string,IReadOnlyList<InstalledModLogIdentifier>)|L2241",Method,AppendInstalledModDebugLines,"AppendInstalledModDebugLines(List<ExperimentalModDebugLogLine>,string,IReadOnlyList<InstalledModLogIdentifier>)",2241,2272,32,MainWindow.Debugging.cs,High,Version cache options and experimental log/debug analysis.
"Method|AppendExperimentalModDebugFileSection(List<ExperimentalModDebugLogLine>,string,List<string>)|L2274",Method,AppendExperimentalModDebugFileSection,"AppendExperimentalModDebugFileSection(List<ExperimentalModDebugLogLine>,string,List<string>)",2274,2286,13,MainWindow.Debugging.cs,High,Version cache options and experimental log/debug analysis.
"Method|AppendExperimentalModDebugFileSectionWithModId(List<ExperimentalModDebugLogLine>,string,string,List<(string Line, int LineNumber)>,string)|L2288",Method,AppendExperimentalModDebugFileSectionWithModId,"AppendExperimentalModDebugFileSectionWithModId(List<ExperimentalModDebugLogLine>,string,string,List<(string Line, int LineNumber)>,string)",2288,2304,17,MainWindow.Debugging.cs,High,Version cache options and experimental log/debug analysis.
"Method|AppendExperimentalModDebugFileSectionWithMods(List<ExperimentalModDebugLogLine>,string,string,List<(string Line, string ModName, int LineNumber)>)|L2306",Method,AppendExperimentalModDebugFileSectionWithMods,"AppendExperimentalModDebugFileSectionWithMods(List<ExperimentalModDebugLogLine>,string,string,List<(string Line, string ModName, int LineNumber)>)",2306,2321,16,MainWindow.Debugging.cs,High,Version cache options and experimental log/debug analysis.
Method|ShouldIgnoreExperimentalModDebugLine(string)|L2323,Method,ShouldIgnoreExperimentalModDebugLine,ShouldIgnoreExperimentalModDebugLine(string),2323,2330,8,MainWindow.Debugging.cs,High,Version cache options and experimental log/debug analysis.
Method|SummarizePatchMissingLines(List<string>)|L2332,Method,SummarizePatchMissingLines,SummarizePatchMissingLines(List<string>),2332,2386,55,MainWindow.Debugging.cs,High,Version cache options and experimental log/debug analysis.
"Method|SummarizePatchMissingLinesWithLineNumbers(List<(string Line, int LineNumber)>)|L2388",Method,SummarizePatchMissingLinesWithLineNumbers,"SummarizePatchMissingLinesWithLineNumbers(List<(string Line, int LineNumber)>)",2388,2446,59,MainWindow.Debugging.cs,High,Version cache options and experimental log/debug analysis.
"Method|AddOrIncrementSummary(List<string>,Dictionary<string, (int Index, int HiddenCount)>,string,string)|L2448",Method,AddOrIncrementSummary,"AddOrIncrementSummary(List<string>,Dictionary<string, (int Index, int HiddenCount)>,string,string)",2448,2463,16,MainWindow.Debugging.cs,High,Version cache options and experimental log/debug analysis.
"Method|AddOrIncrementSummaryWithLineNumber(List<(string Line, int LineNumber)>,Dictionary<string, (int Index, int HiddenCount)>,string,int,string)|L2465",Method,AddOrIncrementSummaryWithLineNumber,"AddOrIncrementSummaryWithLineNumber(List<(string Line, int LineNumber)>,Dictionary<string, (int Index, int HiddenCount)>,string,int,string)",2465,2481,17,MainWindow.Debugging.cs,High,Version cache options and experimental log/debug analysis.
"Method|SummarizePatchMissingLinesWithModAndLineNumbers(List<(string Line, string ModName, int LineNumber)>)|L2483",Method,SummarizePatchMissingLinesWithModAndLineNumbers,"SummarizePatchMissingLinesWithModAndLineNumbers(List<(string Line, string ModName, int LineNumber)>)",2483,2543,61,MainWindow.Debugging.cs,High,Version cache options and experimental log/debug analysis.
"Method|AddOrIncrementSummaryWithModAndLineNumber(List<(string Line, string ModName, int LineNumber)>,Dictionary<string, (int Index, int HiddenCount)>,string,string,int,string)|L2545",Method,AddOrIncrementSummaryWithModAndLineNumber,"AddOrIncrementSummaryWithModAndLineNumber(List<(string Line, string ModName, int LineNumber)>,Dictionary<string, (int Index, int HiddenCount)>,string,string,int,string)",2545,2562,18,MainWindow.Debugging.cs,High,Version cache options and experimental log/debug analysis.
Method|InitializeViewModel()|L2568,Method,InitializeViewModel,InitializeViewModel(),2568,2593,26,MainWindow.ModBrowser.cs,High,"Mod browser initialization, watcher synchronization, installs, and votes."
Method|InitializeModBrowserView()|L2595,Method,InitializeModBrowserView,InitializeModBrowserView(),2595,2620,26,MainWindow.ModBrowser.cs,High,"Mod browser initialization, watcher synchronization, installs, and votes."
Method|InitializeVotesCacheWatcher()|L2622,Method,InitializeVotesCacheWatcher,InitializeVotesCacheWatcher(),2622,2636,15,MainWindow.ModBrowser.cs,High,"Mod browser initialization, watcher synchronization, installs, and votes."
"Method|OnVotesCacheChanged(object?,EventArgs)|L2638",Method,OnVotesCacheChanged,"OnVotesCacheChanged(object?,EventArgs)",2638,2657,20,MainWindow.ModBrowser.cs,High,"Mod browser initialization, watcher synchronization, installs, and votes."
Method|SubscribeModBrowserToDirectoryWatcher()|L2659,Method,SubscribeModBrowserToDirectoryWatcher,SubscribeModBrowserToDirectoryWatcher(),2659,2665,7,MainWindow.ModBrowser.cs,High,"Mod browser initialization, watcher synchronization, installs, and votes."
Method|UnsubscribeModBrowserFromDirectoryWatcher()|L2667,Method,UnsubscribeModBrowserFromDirectoryWatcher,UnsubscribeModBrowserFromDirectoryWatcher(),2667,2673,7,MainWindow.ModBrowser.cs,High,"Mod browser initialization, watcher synchronization, installs, and votes."
"Method|ModsWatcherOnChangesDetected(object?,EventArgs)|L2675",Method,ModsWatcherOnChangesDetected,"ModsWatcherOnChangesDetected(object?,EventArgs)",2675,2691,17,MainWindow.ModBrowser.cs,High,"Mod browser initialization, watcher synchronization, installs, and votes."
Method|SyncInstalledModsToModBrowser()|L2693,Method,SyncInstalledModsToModBrowser,SyncInstalledModsToModBrowser(),2693,2714,22,MainWindow.ModBrowser.cs,High,"Mod browser initialization, watcher synchronization, installs, and votes."
Method|AddModToInstalledAndRemoveFromSearch(int)|L2716,Method,AddModToInstalledAndRemoveFromSearch,AddModToInstalledAndRemoveFromSearch(int),2716,2734,19,MainWindow.ModBrowser.cs,High,"Mod browser initialization, watcher synchronization, installs, and votes."
Method|InstallModFromBrowserAsync(DownloadableMod)|L2736,Method,InstallModFromBrowserAsync,InstallModFromBrowserAsync(DownloadableMod),2736,2842,107,MainWindow.ModBrowser.cs,High,"Mod browser initialization, watcher synchronization, installs, and votes."
Method|ConvertToModListItemViewModel(DownloadableMod)|L2848,Method,ConvertToModListItemViewModel,ConvertToModListItemViewModel(DownloadableMod),2848,2914,67,MainWindow.ModBrowser.cs,High,"Mod browser initialization, watcher synchronization, installs, and votes."
Method|ConvertToModReleaseInfo(DownloadableModRelease)|L2920,Method,ConvertToModReleaseInfo,ConvertToModReleaseInfo(DownloadableModRelease),2920,2944,25,MainWindow.ModBrowser.cs,High,"Mod browser initialization, watcher synchronization, installs, and votes."
"Method|OnUserReportVoteSubmitted(object?,ModUserReportChangedEventArgs)|L2946",Method,OnUserReportVoteSubmitted,"OnUserReportVoteSubmitted(object?,ModUserReportChangedEventArgs)",2946,2961,16,MainWindow.ModBrowser.cs,High,"Mod browser initialization, watcher synchronization, installs, and votes."
"Method|ViewModelOnPropertyChanged(object?,PropertyChangedEventArgs)|L2963",Method,ViewModelOnPropertyChanged,"ViewModelOnPropertyChanged(object?,PropertyChangedEventArgs)",2963,3044,82,MainWindow.ViewModel.cs,High,Main view-model property-change handling and search visibility.
Method|UpdateSearchColumnVisibility(bool)|L3046,Method,UpdateSearchColumnVisibility,UpdateSearchColumnVisibility(bool),3046,3049,4,MainWindow.ViewModel.cs,High,Main view-model property-change handling and search visibility.
Method|HandleModlistsVisibilityChanged(bool)|L3051,Method,HandleModlistsVisibilityChanged,HandleModlistsVisibilityChanged(bool),3051,3073,23,MainWindow.Navigation.cs,High,"Tab visibility, selection, and synchronization."
"Method|MiddleTabControl_OnSelectionChanged(object,SelectionChangedEventArgs)|L3075",Method,MiddleTabControl_OnSelectionChanged,"MiddleTabControl_OnSelectionChanged(object,SelectionChangedEventArgs)",3075,3113,39,MainWindow.Navigation.cs,High,"Tab visibility, selection, and synchronization."
Method|UpdateModBrowserTabVisibilityState(bool)|L3115,Method,UpdateModBrowserTabVisibilityState,UpdateModBrowserTabVisibilityState(bool),3115,3129,15,MainWindow.Navigation.cs,High,"Tab visibility, selection, and synchronization."
Method|SyncMiddleTabControlToViewModel()|L3131,Method,SyncMiddleTabControlToViewModel,SyncMiddleTabControlToViewModel(),3131,3157,27,MainWindow.Navigation.cs,High,"Tab visibility, selection, and synchronization."
"Method|ModlistsTabControl_OnSelectionChanged(object,SelectionChangedEventArgs)|L3159",Method,ModlistsTabControl_OnSelectionChanged,"ModlistsTabControl_OnSelectionChanged(object,SelectionChangedEventArgs)",3159,3194,36,MainWindow.Navigation.cs,High,"Tab visibility, selection, and synchronization."
"Method|ModlistsTabControl_OnLoaded(object,RoutedEventArgs)|L3196",Method,ModlistsTabControl_OnLoaded,"ModlistsTabControl_OnLoaded(object,RoutedEventArgs)",3196,3199,4,MainWindow.Navigation.cs,High,"Tab visibility, selection, and synchronization."
Method|ApplyPreferredModlistsTabSelection()|L3201,Method,ApplyPreferredModlistsTabSelection,ApplyPreferredModlistsTabSelection(),3201,3211,11,MainWindow.Navigation.cs,High,"Tab visibility, selection, and synchronization."
"Method|InternetAccessManager_OnInternetAccessChanged(object?,EventArgs)|L3213",Method,InternetAccessManager_OnInternetAccessChanged,"InternetAccessManager_OnInternetAccessChanged(object?,EventArgs)",3213,3225,13,MainWindow.CloudAuth.cs,High,"Internet access, Firebase consent, auth backup, and auth cleanup."
Method|EnsureCloudModlistsConsent()|L3227,Method,EnsureCloudModlistsConsent,EnsureCloudModlistsConsent(),3227,3238,12,MainWindow.CloudAuth.cs,High,"Internet access, Firebase consent, auth backup, and auth cleanup."
Method|EnsureFirebaseAuthConsent(string)|L3240,Method,EnsureFirebaseAuthConsent,EnsureFirebaseAuthConsent(string),3240,3265,26,MainWindow.CloudAuth.cs,High,"Internet access, Firebase consent, auth backup, and auth cleanup."
Method|HasFirebaseAuthStateFile()|L3267,Method,HasFirebaseAuthStateFile,HasFirebaseAuthStateFile(),3267,3271,5,MainWindow.CloudAuth.cs,High,"Internet access, Firebase consent, auth backup, and auth cleanup."
Method|EnsureUserReportVotingConsent()|L3273,Method,EnsureUserReportVotingConsent,EnsureUserReportVotingConsent(),3273,3282,10,MainWindow.CloudAuth.cs,High,"Internet access, Firebase consent, auth backup, and auth cleanup."
Method|EnsureFirebaseAuthBackedUpIfAvailable()|L3284,Method,EnsureFirebaseAuthBackedUpIfAvailable,EnsureFirebaseAuthBackedUpIfAvailable(),3284,3316,33,MainWindow.CloudAuth.cs,High,"Internet access, Firebase consent, auth backup, and auth cleanup."
Method|DeleteFirebaseAuthFiles()|L3318,Method,DeleteFirebaseAuthFiles,DeleteFirebaseAuthFiles(),3318,3329,12,MainWindow.CloudAuth.cs,High,"Internet access, Firebase consent, auth backup, and auth cleanup."
Method|TryDeleteFirebaseAuthFile(string)|L3331,Method,TryDeleteFirebaseAuthFile,TryDeleteFirebaseAuthFile(string),3331,3344,14,MainWindow.CloudAuth.cs,High,"Internet access, Firebase consent, auth backup, and auth cleanup."
Method|UpdateSearchSortingBehavior(bool)|L3346,Method,UpdateSearchSortingBehavior,UpdateSearchSortingBehavior(bool),3346,3351,6,MainWindow.Sorting.cs,High,"Sort restoration, matching, descriptions, and column indicators."
Method|ShouldRefreshAfterDependencyResolution(string?)|L3353,Method,ShouldRefreshAfterDependencyResolution,ShouldRefreshAfterDependencyResolution(string?),3353,3357,5,MainWindow.Sorting.cs,High,"Sort restoration, matching, descriptions, and column indicators."
Method|RefreshModsAfterDependencyResolutionAsync()|L3359,Method,RefreshModsAfterDependencyResolutionAsync,RefreshModsAfterDependencyResolutionAsync(),3359,3383,25,MainWindow.Sorting.cs,High,"Sort restoration, matching, descriptions, and column indicators."
Method|ScheduleRefreshAfterModlistLoadIfReady()|L3385,Method,ScheduleRefreshAfterModlistLoadIfReady,ScheduleRefreshAfterModlistLoadIfReady(),3385,3416,32,MainWindow.Sorting.cs,High,"Sort restoration, matching, descriptions, and column indicators."
Method|RestoreSortPreference()|L3418,Method,RestoreSortPreference,RestoreSortPreference(),3418,3429,12,MainWindow.Sorting.cs,High,"Sort restoration, matching, descriptions, and column indicators."
"Method|ApplyModListSort(string,ListSortDirection,bool)|L3431",Method,ApplyModListSort,"ApplyModListSort(string,ListSortDirection,bool)",3431,3448,18,MainWindow.Sorting.cs,High,"Sort restoration, matching, descriptions, and column indicators."
"Method|ApplySortOption(SortOption,bool)|L3450",Method,ApplySortOption,"ApplySortOption(SortOption,bool)",3450,3474,25,MainWindow.Sorting.cs,High,"Sort restoration, matching, descriptions, and column indicators."
Method|IsActiveSortMember(string?)|L3476,Method,IsActiveSortMember,IsActiveSortMember(string?),3476,3483,8,MainWindow.Sorting.cs,High,"Sort restoration, matching, descriptions, and column indicators."
Method|NormalizeSortMemberPath(string)|L3485,Method,NormalizeSortMemberPath,NormalizeSortMemberPath(string),3485,3497,13,MainWindow.Sorting.cs,High,"Sort restoration, matching, descriptions, and column indicators."
"Method|SortMemberMatches(string?,string)|L3499",Method,SortMemberMatches,"SortMemberMatches(string?,string)",3499,3507,9,MainWindow.Sorting.cs,High,"Sort restoration, matching, descriptions, and column indicators."
"Method|FindMatchingSortOption(string,ListSortDirection)|L3509",Method,FindMatchingSortOption,"FindMatchingSortOption(string,ListSortDirection)",3509,3524,16,MainWindow.Sorting.cs,High,"Sort restoration, matching, descriptions, and column indicators."
"Method|SortOptionMatches(SortOption,string,ListSortDirection)|L3526",Method,SortOptionMatches,"SortOptionMatches(SortOption,string,ListSortDirection)",3526,3546,21,MainWindow.Sorting.cs,High,"Sort restoration, matching, descriptions, and column indicators."
"Method|BuildSortDescriptions(string,ListSortDirection)|L3548",Method,BuildSortDescriptions,"BuildSortDescriptions(string,ListSortDirection)",3548,3573,26,MainWindow.Sorting.cs,High,"Sort restoration, matching, descriptions, and column indicators."
"Method|BuildSortDisplayName(string,ListSortDirection)|L3575",Method,BuildSortDisplayName,"BuildSortDisplayName(string,ListSortDirection)",3575,3594,20,MainWindow.Sorting.cs,High,"Sort restoration, matching, descriptions, and column indicators."
Method|UpdateSortPreferenceFromSelectedOption(bool)|L3596,Method,UpdateSortPreferenceFromSelectedOption,UpdateSortPreferenceFromSelectedOption(bool),3596,3618,23,MainWindow.Sorting.cs,High,"Sort restoration, matching, descriptions, and column indicators."
"Method|UpdateColumnSortVisuals(string,ListSortDirection)|L3620",Method,UpdateColumnSortVisuals,"UpdateColumnSortVisuals(string,ListSortDirection)",3620,3629,10,MainWindow.Sorting.cs,High,"Sort restoration, matching, descriptions, and column indicators."
Method|ClearColumnSortIndicators()|L3631,Method,ClearColumnSortIndicators,ClearColumnSortIndicators(),3631,3636,6,MainWindow.Sorting.cs,High,"Sort restoration, matching, descriptions, and column indicators."
Method|InitializeViewModelAsync(MainViewModel)|L3638,Method,InitializeViewModelAsync,InitializeViewModelAsync(MainViewModel),3638,3667,30,MainWindow.ViewModel.cs,High,"View-model lifecycle, file watchers, and game-session monitoring."
Method|DisposeCurrentViewModel()|L3669,Method,DisposeCurrentViewModel,DisposeCurrentViewModel(),3669,3678,10,MainWindow.ViewModel.cs,High,"View-model lifecycle, file watchers, and game-session monitoring."
Method|DisposeViewModel(MainViewModel?)|L3680,Method,DisposeViewModel,DisposeViewModel(MainViewModel?),3680,3687,8,MainWindow.ViewModel.cs,High,"View-model lifecycle, file watchers, and game-session monitoring."
Method|StartModsWatcher()|L3689,Method,StartModsWatcher,StartModsWatcher(),3689,3701,13,MainWindow.ViewModel.cs,High,"View-model lifecycle, file watchers, and game-session monitoring."
Method|StartGameSessionMonitor()|L3703,Method,StartGameSessionMonitor,StartGameSessionMonitor(),3703,3732,30,MainWindow.ViewModel.cs,High,"View-model lifecycle, file watchers, and game-session monitoring."
Method|StopGameSessionMonitor()|L3734,Method,StopGameSessionMonitor,StopGameSessionMonitor(),3734,3741,8,MainWindow.ViewModel.cs,High,"View-model lifecycle, file watchers, and game-session monitoring."
"Method|GameSessionMonitor_OnPromptRequired(object?,EventArgs)|L3743",Method,GameSessionMonitor_OnPromptRequired,"GameSessionMonitor_OnPromptRequired(object?,EventArgs)",3743,3746,4,MainWindow.ViewModel.cs,High,"View-model lifecycle, file watchers, and game-session monitoring."
Method|ScanForModConfigFilesAsync(MainViewModel)|L3748,Method,ScanForModConfigFilesAsync,ScanForModConfigFilesAsync(MainViewModel),3748,3752,5,MainWindow.ModConfiguration.cs,High,"Config scanning, matching, tokenization, and similarity calculations."
"Method|ScanForModConfigFilesAsync(MainViewModel,IReadOnlyCollection<string>?)|L3754",Method,ScanForModConfigFilesAsync,"ScanForModConfigFilesAsync(MainViewModel,IReadOnlyCollection<string>?)",3754,3788,35,MainWindow.ModConfiguration.cs,High,"Config scanning, matching, tokenization, and similarity calculations."
"Method|ScanForModConfigFilesAsync(MainViewModel,IReadOnlyList<ModListItemViewModel>)|L3790",Method,ScanForModConfigFilesAsync,"ScanForModConfigFilesAsync(MainViewModel,IReadOnlyList<ModListItemViewModel>)",3790,3866,77,MainWindow.ModConfiguration.cs,High,"Config scanning, matching, tokenization, and similarity calculations."
"Method|FindConfigMatches(IReadOnlyList<(string ModId, string DisplayName)>,IReadOnlyList<string>)|L3868",Method,FindConfigMatches,"FindConfigMatches(IReadOnlyList<(string ModId, string DisplayName)>,IReadOnlyList<string>)",3868,3943,76,MainWindow.ModConfiguration.cs,High,"Config scanning, matching, tokenization, and similarity calculations."
"Method|TryCalculateMatchScore(IReadOnlyList<string>,IReadOnlyList<string>,out int)|L3945",Method,TryCalculateMatchScore,"TryCalculateMatchScore(IReadOnlyList<string>,IReadOnlyList<string>,out int)",3945,3976,32,MainWindow.ModConfiguration.cs,High,"Config scanning, matching, tokenization, and similarity calculations."
"Method|CalculateBestDistance(string,string,int)|L3978",Method,CalculateBestDistance,"CalculateBestDistance(string,string,int)",3978,3986,9,MainWindow.ModConfiguration.cs,High,"Config scanning, matching, tokenization, and similarity calculations."
"Method|CalculateLevenshteinDistance(ReadOnlySpan<char>,ReadOnlySpan<char>,int)|L3988",Method,CalculateLevenshteinDistance,"CalculateLevenshteinDistance(ReadOnlySpan<char>,ReadOnlySpan<char>,int)",3988,4025,38,MainWindow.ModConfiguration.cs,High,"Config scanning, matching, tokenization, and similarity calculations."
"Method|BuildModSearchTokenSets(string?,string?)|L4027",Method,BuildModSearchTokenSets,"BuildModSearchTokenSets(string?,string?)",4027,4062,36,MainWindow.ModConfiguration.cs,High,"Config scanning, matching, tokenization, and similarity calculations."
"Method|AreTokenListsEqual(IReadOnlyList<string>,IReadOnlyList<string>)|L4064",Method,AreTokenListsEqual,"AreTokenListsEqual(IReadOnlyList<string>,IReadOnlyList<string>)",4064,4073,10,MainWindow.ModConfiguration.cs,High,"Config scanning, matching, tokenization, and similarity calculations."
"Method|BuildSearchTokens(string,bool)|L4075",Method,BuildSearchTokens,"BuildSearchTokens(string,bool)",4075,4087,13,MainWindow.ModConfiguration.cs,High,"Config scanning, matching, tokenization, and similarity calculations."
Method|ExtractWords(string)|L4089,Method,ExtractWords,ExtractWords(string),4089,4136,48,MainWindow.ModConfiguration.cs,High,"Config scanning, matching, tokenization, and similarity calculations."
Method|StopModsWatcher()|L4138,Method,StopModsWatcher,StopModsWatcher(),4138,4146,9,MainWindow.ViewModel.cs,High,Watcher refresh and mod refresh coordination.
"Method|ModsWatcherTimerOnTick(object?,EventArgs)|L4148",Method,ModsWatcherTimerOnTick,"ModsWatcherTimerOnTick(object?,EventArgs)",4148,4173,26,MainWindow.ViewModel.cs,High,Watcher refresh and mod refresh coordination.
Method|RefreshModsAsync(bool)|L4175,Method,RefreshModsAsync,RefreshModsAsync(bool),4175,4207,33,MainWindow.ViewModel.cs,High,Watcher refresh and mod refresh coordination.
Method|RefreshModDetailsOnly()|L4209,Method,RefreshModDetailsOnly,RefreshModDetailsOnly(),4209,4215,7,MainWindow.Paths.cs,High,"Path initialization, prompting, and directory validation."
Method|TryInitializePaths()|L4217,Method,TryInitializePaths,TryInitializePaths(),4217,4232,16,MainWindow.Paths.cs,High,"Path initialization, prompting, and directory validation."
Method|TryResolveDataDirectory()|L4234,Method,TryResolveDataDirectory,TryResolveDataDirectory(),4234,4271,38,MainWindow.Paths.cs,High,"Path initialization, prompting, and directory validation."
Method|TryResolveGameDirectory()|L4273,Method,TryResolveGameDirectory,TryResolveGameDirectory(),4273,4313,41,MainWindow.Paths.cs,High,"Path initialization, prompting, and directory validation."
Method|TryResolveCustomShortcut()|L4315,Method,TryResolveCustomShortcut,TryResolveCustomShortcut(),4315,4338,24,MainWindow.Paths.cs,High,"Path initialization, prompting, and directory validation."
Method|HandleViewModelInitializationFailure(Exception)|L4340,Method,HandleViewModelInitializationFailure,HandleViewModelInitializationFailure(Exception),4340,4356,17,MainWindow.Paths.cs,High,"Path initialization, prompting, and directory validation."
Method|ReloadViewModelAsync()|L4358,Method,ReloadViewModelAsync,ReloadViewModelAsync(),4358,4420,63,MainWindow.Paths.cs,High,"Path initialization, prompting, and directory validation."
"Method|PromptForDirectory(string,string?,PathValidator,bool)|L4422",Method,PromptForDirectory,"PromptForDirectory(string,string?,PathValidator,bool)",4422,4462,41,MainWindow.Paths.cs,High,"Path initialization, prompting, and directory validation."
"Method|PromptForConfigFile(ModListItemViewModel,string?)|L4464",Method,PromptForConfigFile,"PromptForConfigFile(ModListItemViewModel,string?)",4464,4493,30,MainWindow.Paths.cs,High,"Path initialization, prompting, and directory validation."
Method|GetInitialConfigDirectory(string?)|L4495,Method,GetInitialConfigDirectory,GetInitialConfigDirectory(string?),4495,4517,23,MainWindow.Paths.cs,High,"Path initialization, prompting, and directory validation."
"Method|TryValidateDataDirectory(string?,out string?,out string?)|L4519",Method,TryValidateDataDirectory,"TryValidateDataDirectory(string?,out string?,out string?)",4519,4557,39,MainWindow.Paths.cs,High,"Path initialization, prompting, and directory validation."
"Method|TryValidateGameDirectory(string?,out string?,out string?)|L4559",Method,TryValidateGameDirectory,"TryValidateGameDirectory(string?,out string?,out string?)",4559,4608,50,MainWindow.Paths.cs,High,"Path initialization, prompting, and directory validation."
"Method|ModsDataGrid_OnSorting(object,DataGridSortingEventArgs)|L4614",Method,ModsDataGrid_OnSorting,"ModsDataGrid_OnSorting(object,DataGridSortingEventArgs)",4614,4632,19,MainWindow.ModGrid.cs,High,"Grid sorting, selection input, row overlays, hover state, and paging."
"Method|ModsDataGrid_OnSelectionChanged(object,SelectionChangedEventArgs)|L4634",Method,ModsDataGrid_OnSelectionChanged,"ModsDataGrid_OnSelectionChanged(object,SelectionChangedEventArgs)",4634,4646,13,MainWindow.ModGrid.cs,High,"Grid sorting, selection input, row overlays, hover state, and paging."
"Method|ModsDataGrid_OnPreviewKeyDown(object,KeyEventArgs)|L4648",Method,ModsDataGrid_OnPreviewKeyDown,"ModsDataGrid_OnPreviewKeyDown(object,KeyEventArgs)",4648,4651,4,MainWindow.ModGrid.cs,High,"Grid sorting, selection input, row overlays, hover state, and paging."
"Method|MainWindow_OnPreviewKeyDown(object,KeyEventArgs)|L4653",Method,MainWindow_OnPreviewKeyDown,"MainWindow_OnPreviewKeyDown(object,KeyEventArgs)",4653,4656,4,MainWindow.ModGrid.cs,High,"Grid sorting, selection input, row overlays, hover state, and paging."
"Method|UserReportsButton_OnClick(object,RoutedEventArgs)|L4658",Method,UserReportsButton_OnClick,"UserReportsButton_OnClick(object,RoutedEventArgs)",4658,4722,65,MainWindow.ModGrid.cs,High,"Grid sorting, selection input, row overlays, hover state, and paging."
Method|TryHandleModListKeyDownAsync(KeyEventArgs)|L4724,Method,TryHandleModListKeyDownAsync,TryHandleModListKeyDownAsync(KeyEventArgs),4724,4755,32,MainWindow.ModGrid.cs,High,"Grid sorting, selection input, row overlays, hover state, and paging."
"Method|ModsDataGrid_OnPreviewMouseLeftButtonDown(object,MouseButtonEventArgs)|L4757",Method,ModsDataGrid_OnPreviewMouseLeftButtonDown,"ModsDataGrid_OnPreviewMouseLeftButtonDown(object,MouseButtonEventArgs)",4757,4779,23,MainWindow.ModGrid.cs,High,"Grid sorting, selection input, row overlays, hover state, and paging."
"Method|ModsDataGridRow_OnPreviewMouseLeftButtonDown(object,MouseButtonEventArgs)|L4781",Method,ModsDataGridRow_OnPreviewMouseLeftButtonDown,"ModsDataGridRow_OnPreviewMouseLeftButtonDown(object,MouseButtonEventArgs)",4781,4796,16,MainWindow.ModGrid.cs,High,"Grid sorting, selection input, row overlays, hover state, and paging."
"Method|ModDatabaseCard_OnPreviewMouseLeftButtonDown(object,MouseButtonEventArgs)|L4798",Method,ModDatabaseCard_OnPreviewMouseLeftButtonDown,"ModDatabaseCard_OnPreviewMouseLeftButtonDown(object,MouseButtonEventArgs)",4798,4813,16,MainWindow.ModGrid.cs,High,"Grid sorting, selection input, row overlays, hover state, and paging."
"Method|ModsDataGridRow_OnLoaded(object,RoutedEventArgs)|L4815",Method,ModsDataGridRow_OnLoaded,"ModsDataGridRow_OnLoaded(object,RoutedEventArgs)",4815,4828,14,MainWindow.ModGrid.cs,High,"Grid sorting, selection input, row overlays, hover state, and paging."
"Method|ModsDataGridRow_OnDataContextChanged(object,DependencyPropertyChangedEventArgs)|L4830",Method,ModsDataGridRow_OnDataContextChanged,"ModsDataGridRow_OnDataContextChanged(object,DependencyPropertyChangedEventArgs)",4830,4839,10,MainWindow.ModGrid.cs,High,"Grid sorting, selection input, row overlays, hover state, and paging."
"Method|ModsDataGridRow_OnUnloaded(object,RoutedEventArgs)|L4841",Method,ModsDataGridRow_OnUnloaded,"ModsDataGridRow_OnUnloaded(object,RoutedEventArgs)",4841,4851,11,MainWindow.ModGrid.cs,High,"Grid sorting, selection input, row overlays, hover state, and paging."
"Method|ModsDataGridRow_OnMouseEnter(object,MouseEventArgs)|L4853",Method,ModsDataGridRow_OnMouseEnter,"ModsDataGridRow_OnMouseEnter(object,MouseEventArgs)",4853,4863,11,MainWindow.ModGrid.cs,High,"Grid sorting, selection input, row overlays, hover state, and paging."
"Method|ModsDataGridRow_OnMouseLeave(object,MouseEventArgs)|L4865",Method,ModsDataGridRow_OnMouseLeave,"ModsDataGridRow_OnMouseLeave(object,MouseEventArgs)",4865,4875,11,MainWindow.ModGrid.cs,High,"Grid sorting, selection input, row overlays, hover state, and paging."
Method|ResetRowOverlays(DataGridRow)|L4877,Method,ResetRowOverlays,ResetRowOverlays(DataGridRow),4877,4913,37,MainWindow.ModGrid.cs,High,"Grid sorting, selection input, row overlays, hover state, and paging."
Method|AreHoverOverlaysSuppressed()|L4915,Method,AreHoverOverlaysSuppressed,AreHoverOverlaysSuppressed(),4915,4918,4,MainWindow.ModGrid.cs,High,"Grid sorting, selection input, row overlays, hover state, and paging."
Method|AreHoverOverlaysSuppressed(DataGridRow)|L4920,Method,AreHoverOverlaysSuppressed,AreHoverOverlaysSuppressed(DataGridRow),4920,4923,4,MainWindow.ModGrid.cs,High,"Grid sorting, selection input, row overlays, hover state, and paging."
Method|AreHoverEffectsDisabled(DependencyObject)|L4925,Method,AreHoverEffectsDisabled,AreHoverEffectsDisabled(DependencyObject),4925,4928,4,MainWindow.ModGrid.cs,High,"Grid sorting, selection input, row overlays, hover state, and paging."
Method|ClearRowOverlayValues(DataGridRow)|L4930,Method,ClearRowOverlayValues,ClearRowOverlayValues(DataGridRow),4930,4940,11,MainWindow.ModGrid.cs,High,"Grid sorting, selection input, row overlays, hover state, and paging."
Method|RefreshHoverOverlayState()|L4942,Method,RefreshHoverOverlayState,RefreshHoverOverlayState(),4942,4946,5,MainWindow.ModGrid.cs,High,"Grid sorting, selection input, row overlays, hover state, and paging."
Method|RefreshRowHoverOverlays(DataGrid?)|L4948,Method,RefreshRowHoverOverlays,RefreshRowHoverOverlays(DataGrid?),4948,4956,9,MainWindow.ModGrid.cs,High,"Grid sorting, selection input, row overlays, hover state, and paging."
"Method|UpdateRowModSubscription(DataGridRow,ModListItemViewModel?)|L4958",Method,UpdateRowModSubscription,"UpdateRowModSubscription(DataGridRow,ModListItemViewModel?)",4958,4988,31,MainWindow.ModGrid.cs,High,"Grid sorting, selection input, row overlays, hover state, and paging."
"Method|SetBoundMod(DataGridRow,ModListItemViewModel?)|L4990",Method,SetBoundMod,"SetBoundMod(DataGridRow,ModListItemViewModel?)",4990,4993,4,MainWindow.ModGrid.cs,High,"Grid sorting, selection input, row overlays, hover state, and paging."
Method|GetBoundMod(DataGridRow)|L4995,Method,GetBoundMod,GetBoundMod(DataGridRow),4995,4998,4,MainWindow.ModGrid.cs,High,"Grid sorting, selection input, row overlays, hover state, and paging."
"Method|SetBoundModHandler(DataGridRow,PropertyChangedEventHandler?)|L5000",Method,SetBoundModHandler,"SetBoundModHandler(DataGridRow,PropertyChangedEventHandler?)",5000,5003,4,MainWindow.ModGrid.cs,High,"Grid sorting, selection input, row overlays, hover state, and paging."
Method|GetBoundModHandler(DataGridRow)|L5005,Method,GetBoundModHandler,GetBoundModHandler(DataGridRow),5005,5008,4,MainWindow.ModGrid.cs,High,"Grid sorting, selection input, row overlays, hover state, and paging."
"Method|SetRowIsHovered(DataGridRow,bool)|L5010",Method,SetRowIsHovered,"SetRowIsHovered(DataGridRow,bool)",5010,5013,4,MainWindow.ModGrid.cs,High,"Grid sorting, selection input, row overlays, hover state, and paging."
Method|GetRowIsHovered(DataGridRow)|L5015,Method,GetRowIsHovered,GetRowIsHovered(DataGridRow),5015,5018,4,MainWindow.ModGrid.cs,High,"Grid sorting, selection input, row overlays, hover state, and paging."
"Method|ModDatabasePageButton_OnClick(object,RoutedEventArgs)|L5020",Method,ModDatabasePageButton_OnClick,"ModDatabasePageButton_OnClick(object,RoutedEventArgs)",5020,5028,9,MainWindow.ModGrid.cs,High,"Grid sorting, selection input, row overlays, hover state, and paging."
"Method|SelectedModCopyForServerButton_OnClick(object,RoutedEventArgs)|L5030",Method,SelectedModCopyForServerButton_OnClick,"SelectedModCopyForServerButton_OnClick(object,RoutedEventArgs)",5030,5055,26,MainWindow.ModOperations.cs,High,"Mod editing, deletion, fixing, installing, dependencies, and update commands."
"Method|EditConfigButton_OnClick(object,RoutedEventArgs)|L5057",Method,EditConfigButton_OnClick,"EditConfigButton_OnClick(object,RoutedEventArgs)",5057,5142,86,MainWindow.ModOperations.cs,High,"Mod editing, deletion, fixing, installing, dependencies, and update commands."
"Method|DeleteModButton_OnClick(object,RoutedEventArgs)|L5144",Method,DeleteModButton_OnClick,"DeleteModButton_OnClick(object,RoutedEventArgs)",5144,5159,16,MainWindow.ModOperations.cs,High,"Mod editing, deletion, fixing, installing, dependencies, and update commands."
"Method|CloseModInfoButton_OnClick(object,RoutedEventArgs)|L5161",Method,CloseModInfoButton_OnClick,"CloseModInfoButton_OnClick(object,RoutedEventArgs)",5161,5165,5,MainWindow.ModOperations.cs,High,"Mod editing, deletion, fixing, installing, dependencies, and update commands."
Method|DeleteSelectedModsAsync()|L5167,Method,DeleteSelectedModsAsync,DeleteSelectedModsAsync(),5167,5179,13,MainWindow.ModOperations.cs,High,"Mod editing, deletion, fixing, installing, dependencies, and update commands."
Method|DeleteSingleModAsync(ModListItemViewModel)|L5181,Method,DeleteSingleModAsync,DeleteSingleModAsync(ModListItemViewModel),5181,5220,40,MainWindow.ModOperations.cs,High,"Mod editing, deletion, fixing, installing, dependencies, and update commands."
Method|DeleteMultipleModsAsync(IReadOnlyList<ModListItemViewModel>)|L5222,Method,DeleteMultipleModsAsync,DeleteMultipleModsAsync(IReadOnlyList<ModListItemViewModel>),5222,5293,72,MainWindow.ModOperations.cs,High,"Mod editing, deletion, fixing, installing, dependencies, and update commands."
"Method|TryDeleteModAtPath(ModListItemViewModel,string)|L5295",Method,TryDeleteModAtPath,"TryDeleteModAtPath(ModListItemViewModel,string)",5295,5333,39,MainWindow.ModOperations.cs,High,"Mod editing, deletion, fixing, installing, dependencies, and update commands."
"Method|FixModButton_OnClick(object,RoutedEventArgs)|L5335",Method,FixModButton_OnClick,"FixModButton_OnClick(object,RoutedEventArgs)",5335,5453,119,MainWindow.ModOperations.cs,High,"Mod editing, deletion, fixing, installing, dependencies, and update commands."
"Method|InstallModButton_OnClick(object,RoutedEventArgs)|L5455",Method,InstallModButton_OnClick,"InstallModButton_OnClick(object,RoutedEventArgs)",5455,5557,103,MainWindow.ModOperations.cs,High,"Mod editing, deletion, fixing, installing, dependencies, and update commands."
"Method|InstallOrUpdateDependencyAsync(ModDependencyInfo,ModListItemViewModel?)|L5559",Method,InstallOrUpdateDependencyAsync,"InstallOrUpdateDependencyAsync(ModDependencyInfo,ModListItemViewModel?)",5559,5655,97,MainWindow.ModOperations.cs,High,"Mod editing, deletion, fixing, installing, dependencies, and update commands."
"Method|SelectReleaseForDependency(ModDependencyInfo,ModDatabaseInfo)|L5657",Method,SelectReleaseForDependency,"SelectReleaseForDependency(ModDependencyInfo,ModDatabaseInfo)",5657,5696,40,MainWindow.ModOperations.cs,High,"Mod editing, deletion, fixing, installing, dependencies, and update commands."
Method|SelectReleaseForInstall(ModListItemViewModel)|L5698,Method,SelectReleaseForInstall,SelectReleaseForInstall(ModListItemViewModel),5698,5705,8,MainWindow.ModOperations.cs,High,"Mod editing, deletion, fixing, installing, dependencies, and update commands."
"Method|UpdateModButton_OnClick(object,RoutedEventArgs)|L5707",Method,UpdateModButton_OnClick,"UpdateModButton_OnClick(object,RoutedEventArgs)",5707,5723,17,MainWindow.ModOperations.cs,High,"Mod editing, deletion, fixing, installing, dependencies, and update commands."
"Method|SelectedModVersionComboBox_OnSelectionChanged(object,SelectionChangedEventArgs)|L5725",Method,SelectedModVersionComboBox_OnSelectionChanged,"SelectedModVersionComboBox_OnSelectionChanged(object,SelectionChangedEventArgs)",5725,5749,25,MainWindow.ModOperations.cs,High,"Mod editing, deletion, fixing, installing, dependencies, and update commands."
"Method|SelectedModVersionComboBox_OnDropDownOpened(object,EventArgs)|L5751",Method,SelectedModVersionComboBox_OnDropDownOpened,"SelectedModVersionComboBox_OnDropDownOpened(object,EventArgs)",5751,5771,21,MainWindow.ModOperations.cs,High,"Mod editing, deletion, fixing, installing, dependencies, and update commands."
"Method|UpdateAllModsMenuItem_OnClick(object,RoutedEventArgs)|L5773",Method,UpdateAllModsMenuItem_OnClick,"UpdateAllModsMenuItem_OnClick(object,RoutedEventArgs)",5773,5822,50,MainWindow.ModOperations.cs,High,"Mod editing, deletion, fixing, installing, dependencies, and update commands."
"Method|CheckModsCompatibilityMenuItem_OnClick(object,RoutedEventArgs)|L5824",Method,CheckModsCompatibilityMenuItem_OnClick,"CheckModsCompatibilityMenuItem_OnClick(object,RoutedEventArgs)",5824,5928,105,MainWindow.Compatibility.cs,High,Compatibility checks and release support evaluation.
"Method|EvaluateCompatibility(ModListItemViewModel,string,string,bool)|L5930",Method,EvaluateCompatibility,"EvaluateCompatibility(ModListItemViewModel,string,string,bool)",5930,6005,76,MainWindow.Compatibility.cs,High,Compatibility checks and release support evaluation.
"Method|ReleaseSupportsVersion(ModReleaseInfo,string,bool)|L6007",Method,ReleaseSupportsVersion,"ReleaseSupportsVersion(ModReleaseInfo,string,bool)",6007,6019,13,MainWindow.Compatibility.cs,High,Compatibility checks and release support evaluation.
"Method|ModsMenuItem_OnSubmenuOpened(object,RoutedEventArgs)|L6021",Method,ModsMenuItem_OnSubmenuOpened,"ModsMenuItem_OnSubmenuOpened(object,RoutedEventArgs)",6021,6024,4,MainWindow.Compatibility.cs,High,Compatibility checks and release support evaluation.
"Method|DeleteCachedModsMenuItem_OnClick(object,RoutedEventArgs)|L6026",Method,DeleteCachedModsMenuItem_OnClick,"DeleteCachedModsMenuItem_OnClick(object,RoutedEventArgs)",6026,6079,54,MainWindow.ManagerData.cs,High,Cached-mod deletion.
"Method|SaveInstalledModsPdfMenuItem_OnClick(object,RoutedEventArgs)|L6081",Method,SaveInstalledModsPdfMenuItem_OnClick,"SaveInstalledModsPdfMenuItem_OnClick(object,RoutedEventArgs)",6081,6139,59,MainWindow.Pdf.cs,High,Installed-mod PDF export.
"Method|TrySaveInstalledModsPdf(string,string?,string?,string,IReadOnlyDictionary<string, IReadOnlyList<ModConfigurationSnapshot>>?,string?,IReadOnlyList<ModListItemViewModel>?)|L6141",Method,TrySaveInstalledModsPdf,"TrySaveInstalledModsPdf(string,string?,string?,string,IReadOnlyDictionary<string, IReadOnlyList<ModConfigurationSnapshot>>?,string?,IReadOnlyList<ModListItemViewModel>?)",6141,6266,126,MainWindow.Pdf.cs,High,Installed-mod PDF export.
"Method|ManagerDataFolderMenuItem_OnClick(object,RoutedEventArgs)|L6268",Method,ManagerDataFolderMenuItem_OnClick,"ManagerDataFolderMenuItem_OnClick(object,RoutedEventArgs)",6268,6296,29,MainWindow.ManagerData.cs,High,"Manager data folder relocation, reset, and restart."
"Method|ManagerModDbPageMenuItem_OnClick(object,RoutedEventArgs)|L6298",Method,ManagerModDbPageMenuItem_OnClick,"ManagerModDbPageMenuItem_OnClick(object,RoutedEventArgs)",6298,6301,4,MainWindow.ManagerData.cs,High,"Manager data folder relocation, reset, and restart."
"Method|ChangeManagerFolderMenuItem_OnClick(object,RoutedEventArgs)|L6303",Method,ChangeManagerFolderMenuItem_OnClick,"ChangeManagerFolderMenuItem_OnClick(object,RoutedEventArgs)",6303,6424,122,MainWindow.ManagerData.cs,High,"Manager data folder relocation, reset, and restart."
"Method|MoveDirectoryContents(string,string)|L6426",Method,MoveDirectoryContents,"MoveDirectoryContents(string,string)",6426,6488,63,MainWindow.ManagerData.cs,High,"Manager data folder relocation, reset, and restart."
Method|HandleResetManagerFolder(string)|L6490,Method,HandleResetManagerFolder,HandleResetManagerFolder(string),6490,6584,95,MainWindow.ManagerData.cs,High,"Manager data folder relocation, reset, and restart."
Method|RestartApplication()|L6586,Method,RestartApplication,RestartApplication(),6586,6615,30,MainWindow.ManagerData.cs,High,"Manager data folder relocation, reset, and restart."
"Method|HelpMenuItem_OnClick(object,RoutedEventArgs)|L6617",Method,HelpMenuItem_OnClick,"HelpMenuItem_OnClick(object,RoutedEventArgs)",6617,6628,12,MainWindow.Help.cs,High,"Help, guide, links, Discord, and manager database navigation."
"Method|GuideMenuItem_OnClick(object,RoutedEventArgs)|L6630",Method,GuideMenuItem_OnClick,"GuideMenuItem_OnClick(object,RoutedEventArgs)",6630,6642,13,MainWindow.Help.cs,High,"Help, guide, links, Discord, and manager database navigation."
"Method|ScanForModConfigsMenuItem_OnClick(object,RoutedEventArgs)|L6644",Method,ScanForModConfigsMenuItem_OnClick,"ScanForModConfigsMenuItem_OnClick(object,RoutedEventArgs)",6644,6739,96,MainWindow.Help.cs,High,"Help, guide, links, Discord, and manager database navigation."
"Method|ManagerUpdateLink_OnRequestNavigate(object,RequestNavigateEventArgs)|L6741",Method,ManagerUpdateLink_OnRequestNavigate,"ManagerUpdateLink_OnRequestNavigate(object,RequestNavigateEventArgs)",6741,6745,5,MainWindow.Help.cs,High,"Help, guide, links, Discord, and manager database navigation."
"Method|DiscordButton_OnClick(object,RoutedEventArgs)|L6747",Method,DiscordButton_OnClick,"DiscordButton_OnClick(object,RoutedEventArgs)",6747,6780,34,MainWindow.Help.cs,High,"Help, guide, links, Discord, and manager database navigation."
"Method|ModUsagePromptLink_OnClick(object,RoutedEventArgs)|L6782",Method,ModUsagePromptLink_OnClick,"ModUsagePromptLink_OnClick(object,RoutedEventArgs)",6782,6787,6,MainWindow.Help.cs,High,"Help, guide, links, Discord, and manager database navigation."
Method|OpenManagerModDatabasePage()|L6789,Method,OpenManagerModDatabasePage,OpenManagerModDatabasePage(),6789,6817,29,MainWindow.Help.cs,High,"Help, guide, links, Discord, and manager database navigation."
"Method|ExperimentalCompReviewMenuItem_OnClick(object,RoutedEventArgs)|L6819",Method,ExperimentalCompReviewMenuItem_OnClick,"ExperimentalCompReviewMenuItem_OnClick(object,RoutedEventArgs)",6819,6879,61,MainWindow.Compatibility.cs,High,Experimental compatibility review and mod identifier extraction.
Method|BuildExperimentalCompReviewMessage(ModCompatibilityCommentsService.ExperimentalCompReviewResult)|L6881,Method,BuildExperimentalCompReviewMessage,BuildExperimentalCompReviewMessage(ModCompatibilityCommentsService.ExperimentalCompReviewResult),6881,6901,21,MainWindow.Compatibility.cs,High,Experimental compatibility review and mod identifier extraction.
Method|FormatExperimentalCompReviewScore(double)|L6903,Method,FormatExperimentalCompReviewScore,FormatExperimentalCompReviewScore(double),6903,6907,5,MainWindow.Compatibility.cs,High,Experimental compatibility review and mod identifier extraction.
"Method|DeleteCloudAuthMenuItem_OnClick(object,RoutedEventArgs)|L6909",Method,DeleteCloudAuthMenuItem_OnClick,"DeleteCloudAuthMenuItem_OnClick(object,RoutedEventArgs)",6909,6926,18,MainWindow.Compatibility.cs,High,Experimental compatibility review and mod identifier extraction.
Method|ResolveExperimentalCompReviewIdentifier(ModListItemViewModel)|L6928,Method,ResolveExperimentalCompReviewIdentifier,ResolveExperimentalCompReviewIdentifier(ModListItemViewModel),6928,6936,9,MainWindow.Compatibility.cs,High,Experimental compatibility review and mod identifier extraction.
Method|TryExtractModSlug(string?)|L6938,Method,TryExtractModSlug,TryExtractModSlug(string?),6938,6971,34,MainWindow.Compatibility.cs,High,Experimental compatibility review and mod identifier extraction.
"Method|ClearAllCachesMenuItem_OnClick(object,RoutedEventArgs)|L6973",Method,ClearAllCachesMenuItem_OnClick,"ClearAllCachesMenuItem_OnClick(object,RoutedEventArgs)",6973,7088,116,MainWindow.ManagerData.cs,High,"Cache clearing, auth restore, manager data deletion, and cleanup helpers."
"Method|RestoreFirebaseAuthBackupMenuItem_OnClick(object,RoutedEventArgs)|L7090",Method,RestoreFirebaseAuthBackupMenuItem_OnClick,"RestoreFirebaseAuthBackupMenuItem_OnClick(object,RoutedEventArgs)",7090,7166,77,MainWindow.ManagerData.cs,High,"Cache clearing, auth restore, manager data deletion, and cleanup helpers."
"Method|DeleteAllManagerFilesMenuItem_OnClick(object,RoutedEventArgs)|L7168",Method,DeleteAllManagerFilesMenuItem_OnClick,"DeleteAllManagerFilesMenuItem_OnClick(object,RoutedEventArgs)",7168,7239,72,MainWindow.ManagerData.cs,High,"Cache clearing, auth restore, manager data deletion, and cleanup helpers."
Method|SwitchToInstalledModsTab()|L7241,Method,SwitchToInstalledModsTab,SwitchToInstalledModsTab(),7241,7245,5,MainWindow.ManagerData.cs,High,"Cache clearing, auth restore, manager data deletion, and cleanup helpers."
Method|PrepareForModlistLoad()|L7247,Method,PrepareForModlistLoad,PrepareForModlistLoad(),7247,7251,5,MainWindow.ManagerData.cs,High,"Cache clearing, auth restore, manager data deletion, and cleanup helpers."
Method|UpdateModlistLoadingUiState()|L7254,Method,UpdateModlistLoadingUiState,UpdateModlistLoadingUiState(),7254,7272,19,MainWindow.ManagerData.cs,High,"Cache clearing, auth restore, manager data deletion, and cleanup helpers."
Method|RefreshDeleteCachedModsMenuHeaderAsync()|L7274,Method,RefreshDeleteCachedModsMenuHeaderAsync,RefreshDeleteCachedModsMenuHeaderAsync(),7274,7292,19,MainWindow.ManagerData.cs,High,"Cache clearing, auth restore, manager data deletion, and cleanup helpers."
Method|CalculateDirectorySize(string)|L7294,Method,CalculateDirectorySize,CalculateDirectorySize(string),7294,7353,60,MainWindow.ManagerData.cs,High,"Cache clearing, auth restore, manager data deletion, and cleanup helpers."
Method|GetCachedModsDirectory()|L7355,Method,GetCachedModsDirectory,GetCachedModsDirectory(),7355,7358,4,MainWindow.ManagerData.cs,High,"Cache clearing, auth restore, manager data deletion, and cleanup helpers."
Method|GetManagerDataDirectory()|L7360,Method,GetManagerDataDirectory,GetManagerDataDirectory(),7360,7363,4,MainWindow.ManagerData.cs,High,"Cache clearing, auth restore, manager data deletion, and cleanup helpers."
Method|DeleteAllManagerFiles(string?)|L7365,Method,DeleteAllManagerFiles,DeleteAllManagerFiles(string?),7365,7427,63,MainWindow.ManagerData.cs,High,"Cache clearing, auth restore, manager data deletion, and cleanup helpers."
"Method|AddCandidateDirectory(ISet<string>,string?)|L7429",Method,AddCandidateDirectory,"AddCandidateDirectory(ISet<string>,string?)",7429,7435,7,MainWindow.ManagerData.cs,High,"Cache clearing, auth restore, manager data deletion, and cleanup helpers."
"Method|AddCandidateFile(ISet<string>,string?)|L7437",Method,AddCandidateFile,"AddCandidateFile(ISet<string>,string?)",7437,7443,7,MainWindow.ManagerData.cs,High,"Cache clearing, auth restore, manager data deletion, and cleanup helpers."
"Method|TryCombineSpecialFolder(Environment.SpecialFolder,string)|L7445",Method,TryCombineSpecialFolder,"TryCombineSpecialFolder(Environment.SpecialFolder,string)",7445,7459,15,MainWindow.ManagerData.cs,High,"Cache clearing, auth restore, manager data deletion, and cleanup helpers."
Method|TryGetSpecialFolderPath(Environment.SpecialFolder)|L7461,Method,TryGetSpecialFolderPath,TryGetSpecialFolderPath(Environment.SpecialFolder),7461,7475,15,MainWindow.ManagerData.cs,High,"Cache clearing, auth restore, manager data deletion, and cleanup helpers."
Method|TryNormalizePath(string?)|L7477,Method,TryNormalizePath,TryNormalizePath(string?),7477,7490,14,MainWindow.ManagerData.cs,High,"Cache clearing, auth restore, manager data deletion, and cleanup helpers."
Method|RefreshModsWithErrorHandlingAsync()|L7492,Method,RefreshModsWithErrorHandlingAsync,RefreshModsWithErrorHandlingAsync(),7492,7516,25,MainWindow.ManagerData.cs,High,"Cache clearing, auth restore, manager data deletion, and cleanup helpers."
Method|ClearManagerCaches(bool)|L7518,Method,ClearManagerCaches,ClearManagerCaches(bool),7518,7544,27,MainWindow.ManagerData.cs,High,"Cache clearing, auth restore, manager data deletion, and cleanup helpers."
Method|ClearCachedModsDirectory(string)|L7546,Method,ClearCachedModsDirectory,ClearCachedModsDirectory(string),7546,7551,6,MainWindow.ManagerData.cs,High,"Cache clearing, auth restore, manager data deletion, and cleanup helpers."
"Method|BuildCacheClearErrorMessage(string,Exception)|L7553",Method,BuildCacheClearErrorMessage,"BuildCacheClearErrorMessage(string,Exception)",7553,7570,18,MainWindow.ManagerData.cs,High,"Cache clearing, auth restore, manager data deletion, and cleanup helpers."
Method|OnActiveGameProfileChangedAsync()|L7572,Method,OnActiveGameProfileChangedAsync,OnActiveGameProfileChangedAsync(),7572,7580,9,MainWindow.Profiles.cs,High,"Game/developer profile creation, selection, refresh, and exit command."
"Method|GameProfilesMenuItem_OnSubmenuOpened(object,RoutedEventArgs)|L7582",Method,GameProfilesMenuItem_OnSubmenuOpened,"GameProfilesMenuItem_OnSubmenuOpened(object,RoutedEventArgs)",7582,7586,5,MainWindow.Profiles.cs,High,"Game/developer profile creation, selection, refresh, and exit command."
"Method|CreateGameProfileMenuItem_OnClick(object,RoutedEventArgs)|L7588",Method,CreateGameProfileMenuItem_OnClick,"CreateGameProfileMenuItem_OnClick(object,RoutedEventArgs)",7588,7638,51,MainWindow.Profiles.cs,High,"Game/developer profile creation, selection, refresh, and exit command."
"Method|EditGameProfileMenuItem_OnClick(object,RoutedEventArgs)|L7640",Method,EditGameProfileMenuItem_OnClick,"EditGameProfileMenuItem_OnClick(object,RoutedEventArgs)",7640,7670,31,MainWindow.Profiles.cs,High,"Game/developer profile creation, selection, refresh, and exit command."
"Method|DeleteGameProfileMenuItem_OnClick(object,RoutedEventArgs)|L7672",Method,DeleteGameProfileMenuItem_OnClick,"DeleteGameProfileMenuItem_OnClick(object,RoutedEventArgs)",7672,7698,27,MainWindow.Profiles.cs,High,"Game/developer profile creation, selection, refresh, and exit command."
"Method|GameProfileMenuItem_OnClick(object,RoutedEventArgs)|L7700",Method,GameProfileMenuItem_OnClick,"GameProfileMenuItem_OnClick(object,RoutedEventArgs)",7700,7714,15,MainWindow.Profiles.cs,High,"Game/developer profile creation, selection, refresh, and exit command."
"Method|SelectDataFolderMenuItem_OnClick(object,RoutedEventArgs)|L7716",Method,SelectDataFolderMenuItem_OnClick,"SelectDataFolderMenuItem_OnClick(object,RoutedEventArgs)",7716,7733,18,MainWindow.Profiles.cs,High,"Game/developer profile creation, selection, refresh, and exit command."
"Method|SelectGameFolderMenuItem_OnClick(object,RoutedEventArgs)|L7735",Method,SelectGameFolderMenuItem_OnClick,"SelectGameFolderMenuItem_OnClick(object,RoutedEventArgs)",7735,7750,16,MainWindow.Profiles.cs,High,"Game/developer profile creation, selection, refresh, and exit command."
Method|RefreshDeveloperProfilesMenuEntries()|L7752,Method,RefreshDeveloperProfilesMenuEntries,RefreshDeveloperProfilesMenuEntries(),7752,7790,39,MainWindow.Profiles.cs,High,"Game/developer profile creation, selection, refresh, and exit command."
Method|RefreshGameProfileMenuItems()|L7792,Method,RefreshGameProfileMenuItems,RefreshGameProfileMenuItems(),7792,7832,41,MainWindow.Profiles.cs,High,"Game/developer profile creation, selection, refresh, and exit command."
Method|UpdateGameProfileMenuChecks()|L7834,Method,UpdateGameProfileMenuChecks,UpdateGameProfileMenuChecks(),7834,7841,8,MainWindow.Profiles.cs,High,"Game/developer profile creation, selection, refresh, and exit command."
Method|UpdateActiveGameProfileDisplay()|L7843,Method,UpdateActiveGameProfileDisplay,UpdateActiveGameProfileDisplay(),7843,7860,18,MainWindow.Profiles.cs,High,"Game/developer profile creation, selection, refresh, and exit command."
Method|UpdateDeveloperProfileMenuChecks()|L7862,Method,UpdateDeveloperProfileMenuChecks,UpdateDeveloperProfileMenuChecks(),7862,7880,19,MainWindow.Profiles.cs,High,"Game/developer profile creation, selection, refresh, and exit command."
"Method|DeveloperProfileMenuItem_OnClick(object,RoutedEventArgs)|L7882",Method,DeveloperProfileMenuItem_OnClick,"DeveloperProfileMenuItem_OnClick(object,RoutedEventArgs)",7882,7912,31,MainWindow.Profiles.cs,High,"Game/developer profile creation, selection, refresh, and exit command."
"Method|DeveloperProfileManager_OnCurrentProfileChanged(object?,DeveloperProfileChangedEventArgs)|L7914",Method,DeveloperProfileManager_OnCurrentProfileChanged,"DeveloperProfileManager_OnCurrentProfileChanged(object?,DeveloperProfileChangedEventArgs)",7914,7928,15,MainWindow.Profiles.cs,High,"Game/developer profile creation, selection, refresh, and exit command."
"Method|ExitMenuItem_OnClick(object,RoutedEventArgs)|L7930",Method,ExitMenuItem_OnClick,"ExitMenuItem_OnClick(object,RoutedEventArgs)",7930,7933,4,MainWindow.Profiles.cs,High,"Game/developer profile creation, selection, refresh, and exit command."
"Method|ManageServerTargetsMenuItem_OnClick(object,RoutedEventArgs)|L7935",Method,ManageServerTargetsMenuItem_OnClick,"ManageServerTargetsMenuItem_OnClick(object,RoutedEventArgs)",7935,7946,12,MainWindow.ServerSync.cs,High,"Server target management, SFTP connection, and synchronization."
"Method|SyncToServerMenuItem_OnClick(object,RoutedEventArgs)|L7948",Method,SyncToServerMenuItem_OnClick,"SyncToServerMenuItem_OnClick(object,RoutedEventArgs)",7948,7997,50,MainWindow.ServerSync.cs,High,"Server target management, SFTP connection, and synchronization."
"Method|CreateSftpClientWrapper(ServerTarget,string?,Func<string, HostKeyVerificationResult, Task<bool>>)|L7999",Method,CreateSftpClientWrapper,"CreateSftpClientWrapper(ServerTarget,string?,Func<string, HostKeyVerificationResult, Task<bool>>)",7999,8005,7,MainWindow.ServerSync.cs,High,"Server target management, SFTP connection, and synchronization."
"Method|TestServerConnectionAsync(ServerTarget,string?,Func<string, HostKeyVerificationResult, Task<bool>>)|L8007",Method,TestServerConnectionAsync,"TestServerConnectionAsync(ServerTarget,string?,Func<string, HostKeyVerificationResult, Task<bool>>)",8007,8017,11,MainWindow.ServerSync.cs,High,"Server target management, SFTP connection, and synchronization."
"Method|ShowHostKeyVerificationAsync(string,HostKeyVerificationResult)|L8019",Method,ShowHostKeyVerificationAsync,"ShowHostKeyVerificationAsync(string,HostKeyVerificationResult)",8019,8032,14,MainWindow.ServerSync.cs,High,"Server target management, SFTP connection, and synchronization."
Method|UpdateSyncToServerMenuState()|L8034,Method,UpdateSyncToServerMenuState,UpdateSyncToServerMenuState(),8034,8039,6,MainWindow.ServerSync.cs,High,"Server target management, SFTP connection, and synchronization."
Method|TryEnsureDataBackupBeforeLaunchAsync()|L8041,Method,TryEnsureDataBackupBeforeLaunchAsync,TryEnsureDataBackupBeforeLaunchAsync(),8041,8080,40,MainWindow.GameLaunch.cs,High,"Pre-launch backup, game launch, and shortcut selection."
"Method|LaunchGameButton_OnClick(object,RoutedEventArgs)|L8082",Method,LaunchGameButton_OnClick,"LaunchGameButton_OnClick(object,RoutedEventArgs)",8082,8162,81,MainWindow.GameLaunch.cs,High,"Pre-launch backup, game launch, and shortcut selection."
"Method|SetCustomShortcutMenuItem_OnClick(object,RoutedEventArgs)|L8164",Method,SetCustomShortcutMenuItem_OnClick,"SetCustomShortcutMenuItem_OnClick(object,RoutedEventArgs)",8164,8238,75,MainWindow.GameLaunch.cs,High,"Pre-launch backup, game launch, and shortcut selection."
"Method|RestoreDataFolderMenuItem_OnSubmenuOpened(object,RoutedEventArgs)|L8240",Method,RestoreDataFolderMenuItem_OnSubmenuOpened,"RestoreDataFolderMenuItem_OnSubmenuOpened(object,RoutedEventArgs)",8240,8347,108,MainWindow.Backups.cs,High,"Backup menus, restore workflows, progress overlays, and locations."
"Method|RestoreDataFolderMenuItem_OnBackupClick(object,RoutedEventArgs)|L8349",Method,RestoreDataFolderMenuItem_OnBackupClick,"RestoreDataFolderMenuItem_OnBackupClick(object,RoutedEventArgs)",8349,8372,24,MainWindow.Backups.cs,High,"Backup menus, restore workflows, progress overlays, and locations."
"Method|OpenDataBackupDirectoryMenuItem_OnClick(object?,RoutedEventArgs)|L8374",Method,OpenDataBackupDirectoryMenuItem_OnClick,"OpenDataBackupDirectoryMenuItem_OnClick(object?,RoutedEventArgs)",8374,8412,39,MainWindow.Backups.cs,High,"Backup menus, restore workflows, progress overlays, and locations."
"Method|ChangeBackupLocationMenuItem_OnClick(object?,RoutedEventArgs)|L8414",Method,ChangeBackupLocationMenuItem_OnClick,"ChangeBackupLocationMenuItem_OnClick(object?,RoutedEventArgs)",8414,8456,43,MainWindow.Backups.cs,High,"Backup menus, restore workflows, progress overlays, and locations."
"Method|DeleteDataFolderBackupsMenuItem_OnClick(object?,RoutedEventArgs)|L8458",Method,DeleteDataFolderBackupsMenuItem_OnClick,"DeleteDataFolderBackupsMenuItem_OnClick(object?,RoutedEventArgs)",8458,8526,69,MainWindow.Backups.cs,High,"Backup menus, restore workflows, progress overlays, and locations."
"Method|RestoreBackupMenuItem_OnSubmenuOpened(object,RoutedEventArgs)|L8528",Method,RestoreBackupMenuItem_OnSubmenuOpened,"RestoreBackupMenuItem_OnSubmenuOpened(object,RoutedEventArgs)",8528,8600,73,MainWindow.Backups.cs,High,"Backup menus, restore workflows, progress overlays, and locations."
"Method|RestoreBackupMenuItem_OnBackupClick(object,RoutedEventArgs)|L8602",Method,RestoreBackupMenuItem_OnBackupClick,"RestoreBackupMenuItem_OnBackupClick(object,RoutedEventArgs)",8602,8615,14,MainWindow.Backups.cs,High,"Backup menus, restore workflows, progress overlays, and locations."
"Method|RestoreBackupAsync(string,bool)|L8617",Method,RestoreBackupAsync,"RestoreBackupAsync(string,bool)",8617,8651,35,MainWindow.Backups.cs,High,"Backup menus, restore workflows, progress overlays, and locations."
Method|RestoreDataBackupAsync(DataFolderBackupSummary)|L8653,Method,RestoreDataBackupAsync,RestoreDataBackupAsync(DataFolderBackupSummary),8653,8711,59,MainWindow.Backups.cs,High,"Backup menus, restore workflows, progress overlays, and locations."
Method|CreateDataBackupProgressReporter(string)|L8713,Method,CreateDataBackupProgressReporter,CreateDataBackupProgressReporter(string),8713,8723,11,MainWindow.Backups.cs,High,"Backup menus, restore workflows, progress overlays, and locations."
Method|ShowDataBackupOverlay(string)|L8725,Method,ShowDataBackupOverlay,ShowDataBackupOverlay(string),8725,8730,6,MainWindow.Backups.cs,High,"Backup menus, restore workflows, progress overlays, and locations."
Method|HideDataBackupOverlay()|L8732,Method,HideDataBackupOverlay,HideDataBackupOverlay(),8732,8737,6,MainWindow.Backups.cs,High,"Backup menus, restore workflows, progress overlays, and locations."
"Method|BeginModlistInstallUi(int,string)|L8739",Method,BeginModlistInstallUi,"BeginModlistInstallUi(int,string)",8739,8747,9,MainWindow.Progress.cs,High,Modlist installation and update progress UI.
"Method|UpdateModlistInstallUi(string,double?,double?)|L8749",Method,UpdateModlistInstallUi,"UpdateModlistInstallUi(string,double?,double?)",8749,8759,11,MainWindow.Progress.cs,High,Modlist installation and update progress UI.
Method|CompleteModlistInstallStep(string)|L8761,Method,CompleteModlistInstallStep,CompleteModlistInstallStep(string),8761,8769,9,MainWindow.Progress.cs,High,Modlist installation and update progress UI.
Method|EndModlistInstallUi()|L8771,Method,EndModlistInstallUi,EndModlistInstallUi(),8771,8779,9,MainWindow.Progress.cs,High,Modlist installation and update progress UI.
Method|ClampPercent(double?)|L8781,Method,ClampPercent,ClampPercent(double?),8781,8785,5,MainWindow.Progress.cs,High,Modlist installation and update progress UI.
Method|UpdateModlistDownloadSpeed(double?)|L8787,Method,UpdateModlistDownloadSpeed,UpdateModlistDownloadSpeed(double?),8787,8798,12,MainWindow.Progress.cs,High,Modlist installation and update progress UI.
Method|FormatDownloadSpeed(double)|L8800,Method,FormatDownloadSpeed,FormatDownloadSpeed(double),8800,8813,14,MainWindow.Progress.cs,High,Modlist installation and update progress UI.
Method|CreateModlistInstallProgressReporter(string)|L8815,Method,CreateModlistInstallProgressReporter,CreateModlistInstallProgressReporter(string),8815,8825,11,MainWindow.Progress.cs,High,Modlist installation and update progress UI.
"Method|CreateModUpdateProgressReporter(string,IProgress<ModUpdateProgress>?)|L8827",Method,CreateModUpdateProgressReporter,"CreateModUpdateProgressReporter(string,IProgress<ModUpdateProgress>?)",8827,8837,11,MainWindow.Progress.cs,High,Modlist installation and update progress UI.
"Method|OpenModFolderButton_OnClick(object,RoutedEventArgs)|L8839",Method,OpenModFolderButton_OnClick,"OpenModFolderButton_OnClick(object,RoutedEventArgs)",8839,8842,4,MainWindow.Paths.cs,High,"Folder opening, install/update target paths, and managed-path safety."
"Method|OpenConfigFolderButton_OnClick(object,RoutedEventArgs)|L8844",Method,OpenConfigFolderButton_OnClick,"OpenConfigFolderButton_OnClick(object,RoutedEventArgs)",8844,8847,4,MainWindow.Paths.cs,High,"Folder opening, install/update target paths, and managed-path safety."
"Method|OpenLogsFolderButton_OnClick(object,RoutedEventArgs)|L8849",Method,OpenLogsFolderButton_OnClick,"OpenLogsFolderButton_OnClick(object,RoutedEventArgs)",8849,8852,4,MainWindow.Paths.cs,High,"Folder opening, install/update target paths, and managed-path safety."
"Method|OpenFolder(string?,string)|L8854",Method,OpenFolder,"OpenFolder(string?,string)",8854,8887,34,MainWindow.Paths.cs,High,"Folder opening, install/update target paths, and managed-path safety."
Method|OpenFolderWithShell(string)|L8889,Method,OpenFolderWithShell,OpenFolderWithShell(string),8889,8908,20,MainWindow.Paths.cs,High,"Folder opening, install/update target paths, and managed-path safety."
"Method|TryGetManagedModPath(ModListItemViewModel,out string,out string?)|L8910",Method,TryGetManagedModPath,"TryGetManagedModPath(ModListItemViewModel,out string,out string?)",8910,8948,39,MainWindow.Paths.cs,High,"Folder opening, install/update target paths, and managed-path safety."
"Method|TryGetDependencyInstallTargetPath(string,ModReleaseInfo,out string,out string?)|L8950",Method,TryGetDependencyInstallTargetPath,"TryGetDependencyInstallTargetPath(string,ModReleaseInfo,out string,out string?)",8950,8989,40,MainWindow.Paths.cs,High,"Folder opening, install/update target paths, and managed-path safety."
"Method|TryGetInstallTargetPath(ModListItemViewModel,ModReleaseInfo,out string,out string?)|L8991",Method,TryGetInstallTargetPath,"TryGetInstallTargetPath(ModListItemViewModel,ModReleaseInfo,out string,out string?)",8991,9030,40,MainWindow.Paths.cs,High,"Folder opening, install/update target paths, and managed-path safety."
"Method|TryGetUpdateTargetPath(ModListItemViewModel,ModReleaseInfo,string,out string,out string?)|L9032",Method,TryGetUpdateTargetPath,"TryGetUpdateTargetPath(ModListItemViewModel,ModReleaseInfo,string,out string,out string?)",9032,9077,46,MainWindow.Paths.cs,High,"Folder opening, install/update target paths, and managed-path safety."
Method|IsPathWithinManagedMods(string)|L9079,Method,IsPathWithinManagedMods,IsPathWithinManagedMods(string),9079,9086,8,MainWindow.Paths.cs,High,"Folder opening, install/update target paths, and managed-path safety."
"Method|IsPathUnderDirectory(string,string?)|L9088",Method,IsPathUnderDirectory,"IsPathUnderDirectory(string,string?)",9088,9112,25,MainWindow.Paths.cs,High,"Folder opening, install/update target paths, and managed-path safety."
"Method|IsSameDirectory(string?,string?)|L9114",Method,IsSameDirectory,"IsSameDirectory(string?,string?)",9114,9129,16,MainWindow.Paths.cs,High,"Folder opening, install/update target paths, and managed-path safety."
"Method|SanitizeFileName(string?,string)|L9131",Method,SanitizeFileName,"SanitizeFileName(string?,string)",9131,9141,11,MainWindow.Paths.cs,High,"Folder opening, install/update target paths, and managed-path safety."
Method|EnsureUniqueFilePath(string)|L9143,Method,EnsureUniqueFilePath,EnsureUniqueFilePath(string),9143,9162,20,MainWindow.Paths.cs,High,"Folder opening, install/update target paths, and managed-path safety."
"Method|TryEnsureManagedModTargetIsSafe(string,out string?)|L9164",Method,TryEnsureManagedModTargetIsSafe,"TryEnsureManagedModTargetIsSafe(string,out string?)",9164,9207,44,MainWindow.Paths.cs,High,"Folder opening, install/update target paths, and managed-path safety."
"Method|TrySaveSnapshot(string,string,string,string,string,Func<string?>?,Action<string>?,string,bool,bool,IReadOnlyDictionary<string, IReadOnlyList<ModConfigurationSnapshot>>?,Action<SerializablePreset>?)|L9209",Method,TrySaveSnapshot,"TrySaveSnapshot(string,string,string,string,string,Func<string?>?,Action<string>?,string,bool,bool,IReadOnlyDictionary<string, IReadOnlyList<ModConfigurationSnapshot>>?,Action<SerializablePreset>?)",9209,9288,80,MainWindow.Presets.cs,Medium,Snapshot and serializable preset construction.
"Method|BuildSerializablePreset(string,bool,bool,IReadOnlyDictionary<string, IReadOnlyList<ModConfigurationSnapshot>>?,string?)|L9290",Method,BuildSerializablePreset,"BuildSerializablePreset(string,bool,bool,IReadOnlyDictionary<string, IReadOnlyList<ModConfigurationSnapshot>>?,string?)",9290,9353,64,MainWindow.Presets.cs,Medium,Snapshot and serializable preset construction.
Method|ResolveGameVersion(string?)|L9355,Method,ResolveGameVersion,ResolveGameVersion(string?),9355,9361,7,MainWindow.Presets.cs,Medium,Snapshot and serializable preset construction.
"Method|BuildSerializableConfigList(IReadOnlyDictionary<string, IReadOnlyList<ModConfigurationSnapshot>>?)|L9363",Method,BuildSerializableConfigList,"BuildSerializableConfigList(IReadOnlyDictionary<string, IReadOnlyList<ModConfigurationSnapshot>>?)",9363,9411,49,MainWindow.Presets.cs,Medium,Snapshot and serializable preset construction.
"Method|SavePresetMenuItem_OnClick(object,RoutedEventArgs)|L9417",Method,SavePresetMenuItem_OnClick,"SavePresetMenuItem_OnClick(object,RoutedEventArgs)",9417,9435,19,MainWindow.Modlists.cs,High,"Saving, loading options, JSON creation, and pre-load backups."
Method|TrySaveModlist()|L9437,Method,TrySaveModlist,TrySaveModlist(),9437,9440,4,MainWindow.Modlists.cs,High,"Saving, loading options, JSON creation, and pre-load backups."
"Method|TrySaveModlist(Func<string?>?,out string?)|L9442",Method,TrySaveModlist,"TrySaveModlist(Func<string?>?,out string?)",9442,9540,99,MainWindow.Modlists.cs,High,"Saving, loading options, JSON creation, and pre-load backups."
"Method|TrySaveAutomaticModlist(string,out string,out string)|L9542",Method,TrySaveAutomaticModlist,"TrySaveAutomaticModlist(string,out string,out string)",9542,9580,39,MainWindow.Modlists.cs,High,"Saving, loading options, JSON creation, and pre-load backups."
Method|PromptModlistLoadMode()|L9582,Method,PromptModlistLoadMode,PromptModlistLoadMode(),9582,9616,35,MainWindow.Modlists.cs,High,"Saving, loading options, JSON creation, and pre-load backups."
Method|GetModlistLoadOptions(ModlistLoadMode)|L9618,Method,GetModlistLoadOptions,GetModlistLoadOptions(ModlistLoadMode),9618,9623,6,MainWindow.Modlists.cs,High,"Saving, loading options, JSON creation, and pre-load backups."
Method|EnsureModlistBackupBeforeLoad()|L9625,Method,EnsureModlistBackupBeforeLoad,EnsureModlistBackupBeforeLoad(),9625,9664,40,MainWindow.Modlists.cs,High,"Saving, loading options, JSON creation, and pre-load backups."
"Method|TryBuildCurrentModlistJson(string,string?,string?,string,IReadOnlyDictionary<string, IReadOnlyList<ModConfigurationSnapshot>>?,string?,out string)|L9666",Method,TryBuildCurrentModlistJson,"TryBuildCurrentModlistJson(string,string?,string?,string,IReadOnlyDictionary<string, IReadOnlyList<ModConfigurationSnapshot>>?,string?,out string)",9666,9694,29,MainWindow.Modlists.cs,High,"Saving, loading options, JSON creation, and pre-load backups."
Method|CreateAutomaticBackupAsync(string)|L9696,Method,CreateAutomaticBackupAsync,CreateAutomaticBackupAsync(string),9696,9703,8,MainWindow.Modlists.cs,High,"Saving, loading options, JSON creation, and pre-load backups."
Method|CreateAppStartedBackupAsync()|L9705,Method,CreateAppStartedBackupAsync,CreateAppStartedBackupAsync(),9705,9712,8,MainWindow.Backups.cs,High,"Automatic/app-start backups, config capture, and pruning."
"Method|CreateBackupAsync(string,string,bool,bool)|L9714",Method,CreateBackupAsync,"CreateBackupAsync(string,string,bool,bool)",9714,9789,76,MainWindow.Backups.cs,High,"Automatic/app-start backups, config capture, and pruning."
Method|CaptureConfigurationsForBackup(IReadOnlyList<ModListItemViewModel>)|L9791,Method,CaptureConfigurationsForBackup,CaptureConfigurationsForBackup(IReadOnlyList<ModListItemViewModel>),9791,9845,55,MainWindow.Backups.cs,High,"Automatic/app-start backups, config capture, and pruning."
Method|IsAppStartedBackup(string?)|L9847,Method,IsAppStartedBackup,IsAppStartedBackup(string?),9847,9854,8,MainWindow.Backups.cs,High,"Automatic/app-start backups, config capture, and pruning."
Method|PruneAutomaticBackups(string)|L9856,Method,PruneAutomaticBackups,PruneAutomaticBackups(string),9856,9885,30,MainWindow.Backups.cs,High,"Automatic/app-start backups, config capture, and pruning."
Method|PruneAppStartedBackups(string)|L9887,Method,PruneAppStartedBackups,PruneAppStartedBackups(string),9887,9916,30,MainWindow.Backups.cs,High,"Automatic/app-start backups, config capture, and pruning."
Method|BuildCloudModlistName()|L9918,Method,BuildCloudModlistName,BuildCloudModlistName(),9918,9921,4,MainWindow.Pdf.cs,Medium,Cloud naming plus PDF generation and save command.
Method|EnsureQuestPdfLicense()|L9923,Method,EnsureQuestPdfLicense,EnsureQuestPdfLicense(),9923,9929,7,MainWindow.Pdf.cs,Medium,Cloud naming plus PDF generation and save command.
Method|GetLines(string)|L9931,Method,GetLines,GetLines(string),9931,9937,7,MainWindow.Pdf.cs,Medium,Cloud naming plus PDF generation and save command.
"Method|GenerateInstalledModsPdf(string,string,string?,string?,string,string?,IReadOnlyList<ModListItemViewModel>,SerializablePreset,SerializableConfigList?)|L9939",Method,GenerateInstalledModsPdf,"GenerateInstalledModsPdf(string,string,string?,string?,string,string?,IReadOnlyList<ModListItemViewModel>,SerializablePreset,SerializableConfigList?)",9939,10051,113,MainWindow.Pdf.cs,Medium,Cloud naming plus PDF generation and save command.
Method|GetUploaderNameForPdf()|L10053,Method,GetUploaderNameForPdf,GetUploaderNameForPdf(),10053,10065,13,MainWindow.Pdf.cs,Medium,Cloud naming plus PDF generation and save command.
Method|DetermineUploaderName(FirebaseModlistStore)|L10067,Method,DetermineUploaderName,DetermineUploaderName(FirebaseModlistStore),10067,10072,6,MainWindow.Pdf.cs,Medium,Cloud naming plus PDF generation and save command.
"Method|SaveModlistMenuItem_OnClick(object,RoutedEventArgs)|L10074",Method,SaveModlistMenuItem_OnClick,"SaveModlistMenuItem_OnClick(object,RoutedEventArgs)",10074,10083,10,MainWindow.Pdf.cs,Medium,Cloud naming plus PDF generation and save command.
Method|SaveModlistToCloudAsync()|L10085,Method,SaveModlistToCloudAsync,SaveModlistToCloudAsync(),10085,10175,91,MainWindow.CloudModlists.cs,High,"Cloud save, mod config packaging, and cloud availability checks."
Method|NormalizeCloudVersion(string?)|L10177,Method,NormalizeCloudVersion,NormalizeCloudVersion(string?),10177,10180,4,MainWindow.CloudModlists.cs,High,"Cloud save, mod config packaging, and cloud availability checks."
Method|BuildModConfigOptions(bool)|L10182,Method,BuildModConfigOptions,BuildModConfigOptions(bool),10182,10209,28,MainWindow.CloudModlists.cs,High,"Cloud save, mod config packaging, and cloud availability checks."
Method|TryReadModConfigurations(IReadOnlyList<ModConfigOption>)|L10211,Method,TryReadModConfigurations,TryReadModConfigurations(IReadOnlyList<ModConfigOption>),10211,10259,49,MainWindow.CloudModlists.cs,High,"Cloud save, mod config packaging, and cloud availability checks."
"Method|TryGetRelativeConfigPath(string,string)|L10261",Method,TryGetRelativeConfigPath,"TryGetRelativeConfigPath(string,string)",10261,10277,17,MainWindow.CloudModlists.cs,High,"Cloud save, mod config packaging, and cloud availability checks."
"Method|NormalizeRelativeConfigPath(string?,string)|L10279",Method,NormalizeRelativeConfigPath,"NormalizeRelativeConfigPath(string?,string)",10279,10296,18,MainWindow.CloudModlists.cs,High,"Cloud save, mod config packaging, and cloud availability checks."
"Method|EnsureUniqueRelativePath(string,HashSet<string>)|L10298",Method,EnsureUniqueRelativePath,"EnsureUniqueRelativePath(string,HashSet<string>)",10298,10315,18,MainWindow.CloudModlists.cs,High,"Cloud save, mod config packaging, and cloud availability checks."
Method|GetSupportedConfigFiles(string)|L10317,Method,GetSupportedConfigFiles,GetSupportedConfigFiles(string),10317,10323,7,MainWindow.CloudModlists.cs,High,"Cloud save, mod config packaging, and cloud availability checks."
Method|IsSupportedConfigExtension(string?)|L10325,Method,IsSupportedConfigExtension,IsSupportedConfigExtension(string?),10325,10334,10,MainWindow.CloudModlists.cs,High,"Cloud save, mod config packaging, and cloud availability checks."
"Method|GetSafeConfigFileName(string?,string?)|L10336",Method,GetSafeConfigFileName,"GetSafeConfigFileName(string?,string?)",10336,10362,27,MainWindow.CloudModlists.cs,High,"Cloud save, mod config packaging, and cloud availability checks."
Method|ResolveConfigExtension(string?)|L10364,Method,ResolveConfigExtension,ResolveConfigExtension(string?),10364,10373,10,MainWindow.CloudModlists.cs,High,"Cloud save, mod config packaging, and cloud availability checks."
Method|SanitizeForFileName(string?)|L10375,Method,SanitizeForFileName,SanitizeForFileName(string?),10375,10385,11,MainWindow.CloudModlists.cs,High,"Cloud save, mod config packaging, and cloud availability checks."
"Method|SaveModlistToCloudMenuItem_OnClick(object,RoutedEventArgs)|L10387",Method,SaveModlistToCloudMenuItem_OnClick,"SaveModlistToCloudMenuItem_OnClick(object,RoutedEventArgs)",10387,10394,8,MainWindow.CloudModlists.cs,High,"Cloud save, mod config packaging, and cloud availability checks."
"Method|SaveCloudModlistButton_OnClick(object,RoutedEventArgs)|L10396",Method,SaveCloudModlistButton_OnClick,"SaveCloudModlistButton_OnClick(object,RoutedEventArgs)",10396,10400,5,MainWindow.CloudModlists.cs,High,"Cloud save, mod config packaging, and cloud availability checks."
"Method|ModifyCloudModlistsButton_OnClick(object,RoutedEventArgs)|L10402",Method,ModifyCloudModlistsButton_OnClick,"ModifyCloudModlistsButton_OnClick(object,RoutedEventArgs)",10402,10406,5,MainWindow.CloudModlists.cs,High,"Cloud save, mod config packaging, and cloud availability checks."
"Method|IsCloudUploaderNameAvailableAsync(FirebaseModlistStore,string)|L10408",Method,IsCloudUploaderNameAvailableAsync,"IsCloudUploaderNameAvailableAsync(FirebaseModlistStore,string)",10408,10429,22,MainWindow.CloudModlists.cs,High,"Cloud save, mod config packaging, and cloud availability checks."
"Method|LocalModlistsDataGrid_OnSelectionChanged(object,SelectionChangedEventArgs)|L10431",Method,LocalModlistsDataGrid_OnSelectionChanged,"LocalModlistsDataGrid_OnSelectionChanged(object,SelectionChangedEventArgs)",10431,10444,14,MainWindow.Modlists.cs,High,"Local/cloud modlist UI selection, install, delete, modify, and load actions."
"Method|SaveLocalModlistButton_OnClick(object,RoutedEventArgs)|L10446",Method,SaveLocalModlistButton_OnClick,"SaveLocalModlistButton_OnClick(object,RoutedEventArgs)",10446,10458,13,MainWindow.Modlists.cs,High,"Local/cloud modlist UI selection, install, delete, modify, and load actions."
"Method|InstallLocalModlistButton_OnClick(object,RoutedEventArgs)|L10460",Method,InstallLocalModlistButton_OnClick,"InstallLocalModlistButton_OnClick(object,RoutedEventArgs)",10460,10478,19,MainWindow.Modlists.cs,High,"Local/cloud modlist UI selection, install, delete, modify, and load actions."
"Method|OpenModlistsFolderButton_OnClick(object,RoutedEventArgs)|L10480",Method,OpenModlistsFolderButton_OnClick,"OpenModlistsFolderButton_OnClick(object,RoutedEventArgs)",10480,10497,18,MainWindow.Modlists.cs,High,"Local/cloud modlist UI selection, install, delete, modify, and load actions."
"Method|DeleteLocalModlistsButton_OnClick(object,RoutedEventArgs)|L10499",Method,DeleteLocalModlistsButton_OnClick,"DeleteLocalModlistsButton_OnClick(object,RoutedEventArgs)",10499,10565,67,MainWindow.Modlists.cs,High,"Local/cloud modlist UI selection, install, delete, modify, and load actions."
"Method|ModifyLocalModlistButton_OnClick(object,RoutedEventArgs)|L10567",Method,ModifyLocalModlistButton_OnClick,"ModifyLocalModlistButton_OnClick(object,RoutedEventArgs)",10567,10651,85,MainWindow.Modlists.cs,High,"Local/cloud modlist UI selection, install, delete, modify, and load actions."
"Method|RefreshCloudModlistsButton_OnClick(object,RoutedEventArgs)|L10653",Method,RefreshCloudModlistsButton_OnClick,"RefreshCloudModlistsButton_OnClick(object,RoutedEventArgs)",10653,10656,4,MainWindow.Modlists.cs,High,"Local/cloud modlist UI selection, install, delete, modify, and load actions."
"Method|CloudModlistsDataGrid_OnSelectionChanged(object,SelectionChangedEventArgs)|L10658",Method,CloudModlistsDataGrid_OnSelectionChanged,"CloudModlistsDataGrid_OnSelectionChanged(object,SelectionChangedEventArgs)",10658,10664,7,MainWindow.Modlists.cs,High,"Local/cloud modlist UI selection, install, delete, modify, and load actions."
"Method|InstallCloudModlistButton_OnClick(object,RoutedEventArgs)|L10666",Method,InstallCloudModlistButton_OnClick,"InstallCloudModlistButton_OnClick(object,RoutedEventArgs)",10666,10738,73,MainWindow.Modlists.cs,High,"Local/cloud modlist UI selection, install, delete, modify, and load actions."
"Method|LoadModlistFromCloudMenuItem_OnClick(object,RoutedEventArgs)|L10740",Method,LoadModlistFromCloudMenuItem_OnClick,"LoadModlistFromCloudMenuItem_OnClick(object,RoutedEventArgs)",10740,10810,71,MainWindow.Modlists.cs,High,"Local/cloud modlist UI selection, install, delete, modify, and load actions."
"Method|DeleteCloudModlistMenuItem_OnClick(object,RoutedEventArgs)|L10812",Method,DeleteCloudModlistMenuItem_OnClick,"DeleteCloudModlistMenuItem_OnClick(object,RoutedEventArgs)",10812,10854,43,MainWindow.Modlists.cs,High,"Local/cloud modlist UI selection, install, delete, modify, and load actions."
"Method|LoadPresetMenuItem_OnSubmenuOpened(object,RoutedEventArgs)|L10856",Method,LoadPresetMenuItem_OnSubmenuOpened,"LoadPresetMenuItem_OnSubmenuOpened(object,RoutedEventArgs)",10856,10924,69,MainWindow.Presets.cs,High,"Preset menus, file/PDF/JSON loading, drag-drop, and preset building."
"Method|LoadPresetMenuItem_OnClick(object,RoutedEventArgs)|L10926",Method,LoadPresetMenuItem_OnClick,"LoadPresetMenuItem_OnClick(object,RoutedEventArgs)",10926,10955,30,MainWindow.Presets.cs,High,"Preset menus, file/PDF/JSON loading, drag-drop, and preset building."
"Method|LoadPresetMenuItem_OnPresetClick(object,RoutedEventArgs)|L10957",Method,LoadPresetMenuItem_OnPresetClick,"LoadPresetMenuItem_OnPresetClick(object,RoutedEventArgs)",10957,10962,6,MainWindow.Presets.cs,High,"Preset menus, file/PDF/JSON loading, drag-drop, and preset building."
Method|LoadPresetFromFileAsync(string)|L10964,Method,LoadPresetFromFileAsync,LoadPresetFromFileAsync(string),10964,10994,31,MainWindow.Presets.cs,High,"Preset menus, file/PDF/JSON loading, drag-drop, and preset building."
"Method|LoadModlistMenuItem_OnClick(object,RoutedEventArgs)|L10996",Method,LoadModlistMenuItem_OnClick,"LoadModlistMenuItem_OnClick(object,RoutedEventArgs)",10996,11015,20,MainWindow.Presets.cs,High,"Preset menus, file/PDF/JSON loading, drag-drop, and preset building."
Method|LoadModlistFromFileAsync(string)|L11017,Method,LoadModlistFromFileAsync,LoadModlistFromFileAsync(string),11017,11060,44,MainWindow.Presets.cs,High,"Preset menus, file/PDF/JSON loading, drag-drop, and preset building."
"Method|MainWindow_OnPreviewDragEnter(object,DragEventArgs)|L11062",Method,MainWindow_OnPreviewDragEnter,"MainWindow_OnPreviewDragEnter(object,DragEventArgs)",11062,11065,4,MainWindow.Presets.cs,High,"Preset menus, file/PDF/JSON loading, drag-drop, and preset building."
"Method|MainWindow_OnPreviewDragOver(object,DragEventArgs)|L11067",Method,MainWindow_OnPreviewDragOver,"MainWindow_OnPreviewDragOver(object,DragEventArgs)",11067,11070,4,MainWindow.Presets.cs,High,"Preset menus, file/PDF/JSON loading, drag-drop, and preset building."
"Method|MainWindow_OnPreviewDrop(object,DragEventArgs)|L11072",Method,MainWindow_OnPreviewDrop,"MainWindow_OnPreviewDrop(object,DragEventArgs)",11072,11085,14,MainWindow.Presets.cs,High,"Preset menus, file/PDF/JSON loading, drag-drop, and preset building."
Method|HandleModlistDragEvent(DragEventArgs)|L11087,Method,HandleModlistDragEvent,HandleModlistDragEvent(DragEventArgs),11087,11098,12,MainWindow.Presets.cs,High,"Preset menus, file/PDF/JSON loading, drag-drop, and preset building."
"Method|TryGetDroppedModlistFile(DragEventArgs,out string?)|L11100",Method,TryGetDroppedModlistFile,"TryGetDroppedModlistFile(DragEventArgs,out string?)",11100,11116,17,MainWindow.Presets.cs,High,"Preset menus, file/PDF/JSON loading, drag-drop, and preset building."
Method|HasSupportedModlistExtension(string)|L11118,Method,HasSupportedModlistExtension,HasSupportedModlistExtension(string),11118,11123,6,MainWindow.Presets.cs,High,"Preset menus, file/PDF/JSON loading, drag-drop, and preset building."
"Method|TryLoadPresetFromFile(string,string,PresetLoadOptions,out ModPreset?,out string?)|L11125",Method,TryLoadPresetFromFile,"TryLoadPresetFromFile(string,string,PresetLoadOptions,out ModPreset?,out string?)",11125,11160,36,MainWindow.Presets.cs,High,"Preset menus, file/PDF/JSON loading, drag-drop, and preset building."
"Method|TryLoadPresetFromPdf(string,string,PresetLoadOptions,out ModPreset?,out string?)|L11162",Method,TryLoadPresetFromPdf,"TryLoadPresetFromPdf(string,string,PresetLoadOptions,out ModPreset?,out string?)",11162,11259,98,MainWindow.Presets.cs,High,"Preset menus, file/PDF/JSON loading, drag-drop, and preset building."
"Method|TryLoadPresetFromJson(string,string,PresetLoadOptions,out ModPreset?,out string?,string?,string?)|L11261",Method,TryLoadPresetFromJson,"TryLoadPresetFromJson(string,string,PresetLoadOptions,out ModPreset?,out string?,string?,string?)",11261,11299,39,MainWindow.Presets.cs,High,"Preset menus, file/PDF/JSON loading, drag-drop, and preset building."
"Method|TryBuildPresetFromSerializable(SerializablePreset,string,PresetLoadOptions,out ModPreset?,out string?,string?)|L11301",Method,TryBuildPresetFromSerializable,"TryBuildPresetFromSerializable(SerializablePreset,string,PresetLoadOptions,out ModPreset?,out string?,string?)",11301,11415,115,MainWindow.Presets.cs,High,"Preset menus, file/PDF/JSON loading, drag-drop, and preset building."
"Method|ApplyConfigListToPreset(SerializablePreset,SerializableConfigList?)|L11417",Method,ApplyConfigListToPreset,"ApplyConfigListToPreset(SerializablePreset,SerializableConfigList?)",11417,11436,20,MainWindow.Presets.cs,High,"Preset menus, file/PDF/JSON loading, drag-drop, and preset building."
Method|BuildConfigKey(SerializableModConfiguration)|L11438,Method,BuildConfigKey,BuildConfigKey(SerializableModConfiguration),11438,11450,13,MainWindow.Presets.cs,High,"Preset menus, file/PDF/JSON loading, drag-drop, and preset building."
"Method|ExecuteCloudOperationAsync(Func<FirebaseModlistStore, Task>,string)|L11456",Method,ExecuteCloudOperationAsync,"ExecuteCloudOperationAsync(Func<FirebaseModlistStore, Task>,string)",11456,11523,68,MainWindow.CloudModlists.cs,High,"Cloud operations, migration, initialization, management, rename, and delete."
Method|MigrateLegacyFirebaseDataIfNeededAsync()|L11525,Method,MigrateLegacyFirebaseDataIfNeededAsync,MigrateLegacyFirebaseDataIfNeededAsync(),11525,11555,31,MainWindow.CloudModlists.cs,High,"Cloud operations, migration, initialization, management, rename, and delete."
Method|EnsureCloudStoreInitializedAsync()|L11557,Method,EnsureCloudStoreInitializedAsync,EnsureCloudStoreInitializedAsync(),11557,11587,31,MainWindow.CloudModlists.cs,High,"Cloud operations, migration, initialization, management, rename, and delete."
Method|PromptForCloudSaveReplacement(IReadOnlyList<CloudModlistSlot>)|L11589,Method,PromptForCloudSaveReplacement,PromptForCloudSaveReplacement(IReadOnlyList<CloudModlistSlot>),11589,11602,14,MainWindow.CloudModlists.cs,High,"Cloud operations, migration, initialization, management, rename, and delete."
Method|ShowCloudModlistManagementDialogAsync(FirebaseModlistStore)|L11604,Method,ShowCloudModlistManagementDialogAsync,ShowCloudModlistManagementDialogAsync(FirebaseModlistStore),11604,11625,22,MainWindow.CloudModlists.cs,High,"Cloud operations, migration, initialization, management, rename, and delete."
Method|BuildCloudModlistManagementEntriesAsync(FirebaseModlistStore)|L11627,Method,BuildCloudModlistManagementEntriesAsync,BuildCloudModlistManagementEntriesAsync(FirebaseModlistStore),11627,11646,20,MainWindow.CloudModlists.cs,High,"Cloud operations, migration, initialization, management, rename, and delete."
"Method|RenameCloudModlistAsync(FirebaseModlistStore,CloudModlistManagementEntry,string)|L11648",Method,RenameCloudModlistAsync,"RenameCloudModlistAsync(FirebaseModlistStore,CloudModlistManagementEntry,string)",11648,11717,70,MainWindow.CloudModlists.cs,High,"Cloud operations, migration, initialization, management, rename, and delete."
"Method|DeleteCloudModlistAsync(FirebaseModlistStore,CloudModlistManagementEntry)|L11719",Method,DeleteCloudModlistAsync,"DeleteCloudModlistAsync(FirebaseModlistStore,CloudModlistManagementEntry)",11719,11749,31,MainWindow.CloudModlists.cs,High,"Cloud operations, migration, initialization, management, rename, and delete."
"Method|DeleteAllCloudModlistsAndAuthorizationAsync(FirebaseModlistStore,bool)|L11751",Method,DeleteAllCloudModlistsAndAuthorizationAsync,"DeleteAllCloudModlistsAndAuthorizationAsync(FirebaseModlistStore,bool)",11751,11776,26,MainWindow.CloudModlists.cs,High,"Cloud operations, migration, initialization, management, rename, and delete."
Method|UpdateCloudModlistsAfterChangeAsync()|L11778,Method,UpdateCloudModlistsAfterChangeAsync,UpdateCloudModlistsAfterChangeAsync(),11778,11784,7,MainWindow.CloudModlists.cs,High,"Cloud operations, migration, initialization, management, rename, and delete."
"Method|ReplaceCloudModlistName(string,string)|L11786",Method,ReplaceCloudModlistName,"ReplaceCloudModlistName(string,string)",11786,11815,30,MainWindow.Modlists.cs,High,"Local/cloud modlist refresh, entries, selection, controls, and metadata."
"Method|GetCloudModlistSlotsAsync(FirebaseModlistStore,bool,bool)|L11817",Method,GetCloudModlistSlotsAsync,"GetCloudModlistSlotsAsync(FirebaseModlistStore,bool,bool)",11817,11853,37,MainWindow.Modlists.cs,High,"Local/cloud modlist refresh, entries, selection, controls, and metadata."
"Method|RefreshLocalModlists(bool,IReadOnlyCollection<string>?)|L11855",Method,RefreshLocalModlists,"RefreshLocalModlists(bool,IReadOnlyCollection<string>?)",11855,11918,64,MainWindow.Modlists.cs,High,"Local/cloud modlist refresh, entries, selection, controls, and metadata."
Method|BuildLocalModlistEntries(out List<string>)|L11920,Method,BuildLocalModlistEntries,BuildLocalModlistEntries(out List<string>),11920,11952,33,MainWindow.Modlists.cs,High,"Local/cloud modlist refresh, entries, selection, controls, and metadata."
"Method|TryCreateLocalModlistEntry(string,out LocalModlistListEntry?,out string?)|L11954",Method,TryCreateLocalModlistEntry,"TryCreateLocalModlistEntry(string,out LocalModlistListEntry?,out string?)",11954,12028,75,MainWindow.Modlists.cs,High,"Local/cloud modlist refresh, entries, selection, controls, and metadata."
"Method|TryCreateLocalModlistEntryFromJson(string,string,out LocalModlistListEntry?,out string?)|L12030",Method,TryCreateLocalModlistEntryFromJson,"TryCreateLocalModlistEntryFromJson(string,string,out LocalModlistListEntry?,out string?)",12030,12064,35,MainWindow.Modlists.cs,High,"Local/cloud modlist refresh, entries, selection, controls, and metadata."
Method|RefreshCloudModlistsAsync(bool)|L12066,Method,RefreshCloudModlistsAsync,RefreshCloudModlistsAsync(bool),12066,12096,31,MainWindow.Modlists.cs,High,"Local/cloud modlist refresh, entries, selection, controls, and metadata."
Method|BuildCloudModlistEntries(IEnumerable<CloudModlistRegistryEntry>)|L12098,Method,BuildCloudModlistEntries,BuildCloudModlistEntries(IEnumerable<CloudModlistRegistryEntry>),12098,12140,43,MainWindow.Modlists.cs,High,"Local/cloud modlist refresh, entries, selection, controls, and metadata."
Method|EnsureCloudModlistContentAsync(CloudModlistListEntry)|L12142,Method,EnsureCloudModlistContentAsync,EnsureCloudModlistContentAsync(CloudModlistListEntry),12142,12183,42,MainWindow.Modlists.cs,High,"Local/cloud modlist refresh, entries, selection, controls, and metadata."
Method|SetLocalModlistSelection(IReadOnlyList<LocalModlistListEntry>)|L12185,Method,SetLocalModlistSelection,SetLocalModlistSelection(IReadOnlyList<LocalModlistListEntry>),12185,12211,27,MainWindow.Modlists.cs,High,"Local/cloud modlist refresh, entries, selection, controls, and metadata."
Method|SetCloudModlistSelection(CloudModlistListEntry?)|L12213,Method,SetCloudModlistSelection,SetCloudModlistSelection(CloudModlistListEntry?),12213,12223,11,MainWindow.Modlists.cs,High,"Local/cloud modlist refresh, entries, selection, controls, and metadata."
Method|UpdateCloudModlistControlsEnabledState()|L12225,Method,UpdateCloudModlistControlsEnabledState,UpdateCloudModlistControlsEnabledState(),12225,12241,17,MainWindow.Modlists.cs,High,"Local/cloud modlist refresh, entries, selection, controls, and metadata."
Method|UpdateLocalModlistControlsEnabledState()|L12243,Method,UpdateLocalModlistControlsEnabledState,UpdateLocalModlistControlsEnabledState(),12243,12256,14,MainWindow.Modlists.cs,High,"Local/cloud modlist refresh, entries, selection, controls, and metadata."
Method|RefreshManagerUpdateLinkAsync()|L12258,Method,RefreshManagerUpdateLinkAsync,RefreshManagerUpdateLinkAsync(),12258,12295,38,MainWindow.Modlists.cs,High,"Local/cloud modlist refresh, entries, selection, controls, and metadata."
Method|GetManagerInformationalVersion()|L12297,Method,GetManagerInformationalVersion,GetManagerInformationalVersion(),12297,12321,25,MainWindow.Modlists.cs,High,"Local/cloud modlist refresh, entries, selection, controls, and metadata."
"Method|BuildCloudSlotDisplay(string,ModlistMetadata,bool)|L12323",Method,BuildCloudSlotDisplay,"BuildCloudSlotDisplay(string,ModlistMetadata,bool)",12323,12331,9,MainWindow.Modlists.cs,High,"Local/cloud modlist refresh, entries, selection, controls, and metadata."
Method|FormatCloudSlotLabel(string)|L12333,Method,FormatCloudSlotLabel,FormatCloudSlotLabel(string),12333,12341,9,MainWindow.Modlists.cs,High,"Local/cloud modlist refresh, entries, selection, controls, and metadata."
Method|ExtractModlistName(string?)|L12343,Method,ExtractModlistName,ExtractModlistName(string?),12343,12346,4,MainWindow.Modlists.cs,High,"Local/cloud modlist refresh, entries, selection, controls, and metadata."
Method|ExtractModlistMetadata(string?)|L12348,Method,ExtractModlistMetadata,ExtractModlistMetadata(string?),12348,12388,41,MainWindow.Paths.cs,Medium,"Preset/modlist directories, local backup paths, and unique file naming."
"Method|TryGetTrimmedProperty(JsonElement,string)|L12390",Method,TryGetTrimmedProperty,"TryGetTrimmedProperty(JsonElement,string)",12390,12400,11,MainWindow.Paths.cs,Medium,"Preset/modlist directories, local backup paths, and unique file naming."
Method|EnsurePresetDirectory()|L12402,Method,EnsurePresetDirectory,EnsurePresetDirectory(),12402,12408,7,MainWindow.Paths.cs,Medium,"Preset/modlist directories, local backup paths, and unique file naming."
Method|EnsureBackupDirectory()|L12410,Method,EnsureBackupDirectory,EnsureBackupDirectory(),12410,12417,8,MainWindow.Paths.cs,Medium,"Preset/modlist directories, local backup paths, and unique file naming."
Method|EnsureLocalModBackupRootDirectory()|L12419,Method,EnsureLocalModBackupRootDirectory,EnsureLocalModBackupRootDirectory(),12419,12425,7,MainWindow.Paths.cs,Medium,"Preset/modlist directories, local backup paths, and unique file naming."
Method|CreateLocalModBackupSessionDirectory()|L12427,Method,CreateLocalModBackupSessionDirectory,CreateLocalModBackupSessionDirectory(),12427,12436,10,MainWindow.Paths.cs,Medium,"Preset/modlist directories, local backup paths, and unique file naming."
Method|EnsureUniqueDirectoryPath(string)|L12438,Method,EnsureUniqueDirectoryPath,EnsureUniqueDirectoryPath(string),12438,12451,14,MainWindow.Paths.cs,Medium,"Preset/modlist directories, local backup paths, and unique file naming."
"Method|CopyDirectoryContents(string,string)|L12453",Method,CopyDirectoryContents,"CopyDirectoryContents(string,string)",12453,12473,21,MainWindow.Paths.cs,Medium,"Preset/modlist directories, local backup paths, and unique file naming."
"Method|GetLocalModBackupEntryDirectory(string,ModListItemViewModel)|L12475",Method,GetLocalModBackupEntryDirectory,"GetLocalModBackupEntryDirectory(string,ModListItemViewModel)",12475,12482,8,MainWindow.Paths.cs,Medium,"Preset/modlist directories, local backup paths, and unique file naming."
"Method|BackupLocalModAtPath(string,string)|L12484",Method,BackupLocalModAtPath,"BackupLocalModAtPath(string,string)",12484,12500,17,MainWindow.Paths.cs,Medium,"Preset/modlist directories, local backup paths, and unique file naming."
Method|EnsureModListDirectory()|L12502,Method,EnsureModListDirectory,EnsureModListDirectory(),12502,12508,7,MainWindow.Paths.cs,Medium,"Preset/modlist directories, local backup paths, and unique file naming."
Method|EnsureRebuiltModListDirectory()|L12510,Method,EnsureRebuiltModListDirectory,EnsureRebuiltModListDirectory(),12510,12516,7,MainWindow.Paths.cs,Medium,"Preset/modlist directories, local backup paths, and unique file naming."
Method|EnsureCloudModListCacheDirectory()|L12518,Method,EnsureCloudModListCacheDirectory,EnsureCloudModListCacheDirectory(),12518,12524,7,MainWindow.Paths.cs,Medium,"Preset/modlist directories, local backup paths, and unique file naming."
"Method|IsPathWithinDirectory(string,string)|L12526",Method,IsPathWithinDirectory,"IsPathWithinDirectory(string,string)",12526,12539,14,MainWindow.Paths.cs,Medium,"Preset/modlist directories, local backup paths, and unique file naming."
"Method|BuildSuggestedFileName(string?,string)|L12541",Method,BuildSuggestedFileName,"BuildSuggestedFileName(string?,string)",12541,12551,11,MainWindow.Paths.cs,Medium,"Preset/modlist directories, local backup paths, and unique file naming."
"Method|GetUniqueFilePath(string,string,string)|L12553",Method,GetUniqueFilePath,"GetUniqueFilePath(string,string,string)",12553,12568,16,MainWindow.Paths.cs,Medium,"Preset/modlist directories, local backup paths, and unique file naming."
"Method|GetSnapshotNameFromFilePath(string,string)|L12570",Method,GetSnapshotNameFromFilePath,"GetSnapshotNameFromFilePath(string,string)",12570,12574,5,MainWindow.Paths.cs,Medium,"Preset/modlist directories, local backup paths, and unique file naming."
"Method|ApplyPresetAsync(ModPreset,bool)|L12576",Method,ApplyPresetAsync,"ApplyPresetAsync(ModPreset,bool)",12576,12616,41,MainWindow.Presets.cs,High,"Preset application, config import, version installation, and exclusive mode."
Method|ImportPresetConfigsAsync(ModPreset)|L12618,Method,ImportPresetConfigsAsync,ImportPresetConfigsAsync(ModPreset),12618,12804,187,MainWindow.Presets.cs,High,"Preset application, config import, version installation, and exclusive mode."
Method|ApplyPresetModVersionsAsync(ModPreset)|L12806,Method,ApplyPresetModVersionsAsync,ApplyPresetModVersionsAsync(ModPreset),12806,13039,234,MainWindow.Presets.cs,High,"Preset application, config import, version installation, and exclusive mode."
"Method|TryInstallPresetModAsync(ModPresetModState,IProgress<ModUpdateProgress>?)|L13041",Method,TryInstallPresetModAsync,"TryInstallPresetModAsync(ModPresetModState,IProgress<ModUpdateProgress>?)",13041,13107,67,MainWindow.Presets.cs,High,"Preset application, config import, version installation, and exclusive mode."
Method|ApplyExclusivePresetAsync(ModPreset)|L13110,Method,ApplyExclusivePresetAsync,ApplyExclusivePresetAsync(ModPreset),13110,13237,128,MainWindow.Presets.cs,High,"Preset application, config import, version installation, and exclusive mode."
"Method|VersionsMatch(string?,string?)|L13239",Method,VersionsMatch,"VersionsMatch(string?,string?)",13239,13257,19,MainWindow.Presets.cs,High,"Preset application, config import, version installation, and exclusive mode."
"Method|LatestVersionTextBlock_OnToolTipOpening(object,ToolTipEventArgs)|L13259",Method,LatestVersionTextBlock_OnToolTipOpening,"LatestVersionTextBlock_OnToolTipOpening(object,ToolTipEventArgs)",13259,13267,9,MainWindow.ModGrid.cs,High,"Tooltips, scrolling, selection model, selected-mod controls, and scroll-view helpers."
"Method|LatestVersionTextBlock_OnToolTipClosing(object,ToolTipEventArgs)|L13269",Method,LatestVersionTextBlock_OnToolTipClosing,"LatestVersionTextBlock_OnToolTipClosing(object,ToolTipEventArgs)",13269,13276,8,MainWindow.ModGrid.cs,High,"Tooltips, scrolling, selection model, selected-mod controls, and scroll-view helpers."
"Method|ChangelogToolTip_OnPreviewMouseWheel(object,MouseWheelEventArgs)|L13278",Method,ChangelogToolTip_OnPreviewMouseWheel,"ChangelogToolTip_OnPreviewMouseWheel(object,MouseWheelEventArgs)",13278,13293,16,MainWindow.ModGrid.cs,High,"Tooltips, scrolling, selection model, selected-mod controls, and scroll-view helpers."
"Method|ModsDataGrid_OnPreviewMouseWheel(object,MouseWheelEventArgs)|L13295",Method,ModsDataGrid_OnPreviewMouseWheel,"ModsDataGrid_OnPreviewMouseWheel(object,MouseWheelEventArgs)",13295,13318,24,MainWindow.ModGrid.cs,High,"Tooltips, scrolling, selection model, selected-mod controls, and scroll-view helpers."
Method|IsDescendantOfToolTip(DependencyObject?)|L13320,Method,IsDescendantOfToolTip,IsDescendantOfToolTip(DependencyObject?),13320,13330,11,MainWindow.ModGrid.cs,High,"Tooltips, scrolling, selection model, selected-mod controls, and scroll-view helpers."
Method|GetParent(DependencyObject)|L13332,Method,GetParent,GetParent(DependencyObject),13332,13346,15,MainWindow.ModGrid.cs,High,"Tooltips, scrolling, selection model, selected-mod controls, and scroll-view helpers."
Method|FindAncestor<T>(DependencyObject?)|L13348,Method,FindAncestor,FindAncestor<T>(DependencyObject?),13348,13359,12,MainWindow.ModGrid.cs,High,"Tooltips, scrolling, selection model, selected-mod controls, and scroll-view helpers."
Method|GetCurrentScrollMultiplier()|L13361,Method,GetCurrentScrollMultiplier,GetCurrentScrollMultiplier(),13361,13364,4,MainWindow.ModGrid.cs,High,"Tooltips, scrolling, selection model, selected-mod controls, and scroll-view helpers."
"Method|ShouldPreserveModsViewState(ICollectionView?,ICollectionView?)|L13366",Method,ShouldPreserveModsViewState,"ShouldPreserveModsViewState(ICollectionView?,ICollectionView?)",13366,13379,14,MainWindow.ModGrid.cs,High,"Tooltips, scrolling, selection model, selected-mod controls, and scroll-view helpers."
"Method|AttachToModsView(ICollectionView?,bool)|L13381",Method,AttachToModsView,"AttachToModsView(ICollectionView?,bool)",13381,13412,32,MainWindow.ModGrid.cs,High,"Tooltips, scrolling, selection model, selected-mod controls, and scroll-view helpers."
"Method|ModsView_OnCollectionChanged(object?,NotifyCollectionChangedEventArgs)|L13414",Method,ModsView_OnCollectionChanged,"ModsView_OnCollectionChanged(object?,NotifyCollectionChangedEventArgs)",13414,13422,9,MainWindow.ModGrid.cs,High,"Tooltips, scrolling, selection model, selected-mod controls, and scroll-view helpers."
Method|HandleModRowSelection(ModListItemViewModel)|L13428,Method,HandleModRowSelection,HandleModRowSelection(ModListItemViewModel),13428,13471,44,MainWindow.ModGrid.cs,High,"Tooltips, scrolling, selection model, selected-mod controls, and scroll-view helpers."
Method|SelectAllModsInCurrentView()|L13473,Method,SelectAllModsInCurrentView,SelectAllModsInCurrentView(),13473,13485,13,MainWindow.ModGrid.cs,High,"Tooltips, scrolling, selection model, selected-mod controls, and scroll-view helpers."
"Method|ApplyRangeSelection(ModListItemViewModel,ModListItemViewModel,bool)|L13487",Method,ApplyRangeSelection,"ApplyRangeSelection(ModListItemViewModel,ModListItemViewModel,bool)",13487,13508,22,MainWindow.ModGrid.cs,High,"Tooltips, scrolling, selection model, selected-mod controls, and scroll-view helpers."
Method|GetModsInViewOrder()|L13510,Method,GetModsInViewOrder,GetModsInViewOrder(),13510,13516,7,MainWindow.ModGrid.cs,High,"Tooltips, scrolling, selection model, selected-mod controls, and scroll-view helpers."
Method|AddToSelection(ModListItemViewModel)|L13518,Method,AddToSelection,AddToSelection(ModListItemViewModel),13518,13526,9,MainWindow.ModGrid.cs,High,"Tooltips, scrolling, selection model, selected-mod controls, and scroll-view helpers."
Method|RemoveFromSelection(ModListItemViewModel)|L13528,Method,RemoveFromSelection,RemoveFromSelection(ModListItemViewModel),13528,13535,8,MainWindow.ModGrid.cs,High,"Tooltips, scrolling, selection model, selected-mod controls, and scroll-view helpers."
Method|ClearSelection(bool)|L13537,Method,ClearSelection,ClearSelection(bool),13537,13553,17,MainWindow.ModGrid.cs,High,"Tooltips, scrolling, selection model, selected-mod controls, and scroll-view helpers."
Method|ClearModDatabaseSelections()|L13555,Method,ClearModDatabaseSelections,ClearModDatabaseSelections(),13555,13578,24,MainWindow.ModGrid.cs,High,"Tooltips, scrolling, selection model, selected-mod controls, and scroll-view helpers."
"Method|RestoreSelectionFromSourcePaths(IReadOnlyList<string>,string?)|L13580",Method,RestoreSelectionFromSourcePaths,"RestoreSelectionFromSourcePaths(IReadOnlyList<string>,string?)",13580,13625,46,MainWindow.ModGrid.cs,High,"Tooltips, scrolling, selection model, selected-mod controls, and scroll-view helpers."
"Method|UpdateSelectionAnchorAfterRestore(IReadOnlyList<ModListItemViewModel>,string?)|L13627",Method,UpdateSelectionAnchorAfterRestore,"UpdateSelectionAnchorAfterRestore(IReadOnlyList<ModListItemViewModel>,string?)",13627,13645,19,MainWindow.ModGrid.cs,High,"Tooltips, scrolling, selection model, selected-mod controls, and scroll-view helpers."
Method|SubscribeToSelectedMod(ModListItemViewModel)|L13647,Method,SubscribeToSelectedMod,SubscribeToSelectedMod(ModListItemViewModel),13647,13679,33,MainWindow.ModGrid.cs,High,"Tooltips, scrolling, selection model, selected-mod controls, and scroll-view helpers."
Method|UnsubscribeFromSelectedMod(ModListItemViewModel)|L13681,Method,UnsubscribeFromSelectedMod,UnsubscribeFromSelectedMod(ModListItemViewModel),13681,13688,8,MainWindow.ModGrid.cs,High,"Tooltips, scrolling, selection model, selected-mod controls, and scroll-view helpers."
Method|RefreshSelectedModFixButton(ModListItemViewModel)|L13690,Method,RefreshSelectedModFixButton,RefreshSelectedModFixButton(ModListItemViewModel),13690,13694,5,MainWindow.ModGrid.cs,High,"Tooltips, scrolling, selection model, selected-mod controls, and scroll-view helpers."
Method|RefreshSelectedModCopyForServerButton(ModListItemViewModel)|L13696,Method,RefreshSelectedModCopyForServerButton,RefreshSelectedModCopyForServerButton(ModListItemViewModel),13696,13701,6,MainWindow.ModGrid.cs,High,"Tooltips, scrolling, selection model, selected-mod controls, and scroll-view helpers."
Method|UpdateSelectedModButtons()|L13703,Method,UpdateSelectedModButtons,UpdateSelectedModButtons(),13703,13736,34,MainWindow.ModGrid.cs,High,"Tooltips, scrolling, selection model, selected-mod controls, and scroll-view helpers."
Method|UpdateServerOptionsState(bool)|L13738,Method,UpdateServerOptionsState,UpdateServerOptionsState(bool),13738,13751,14,MainWindow.ModGrid.cs,High,"Tooltips, scrolling, selection model, selected-mod controls, and scroll-view helpers."
Method|UpdateSelectedModFixButton(ModListItemViewModel?)|L13753,Method,UpdateSelectedModFixButton,UpdateSelectedModFixButton(ModListItemViewModel?),13753,13768,16,MainWindow.ModGrid.cs,High,"Tooltips, scrolling, selection model, selected-mod controls, and scroll-view helpers."
Method|UpdateSelectedModCopyForServerButton(ModListItemViewModel?)|L13770,Method,UpdateSelectedModCopyForServerButton,UpdateSelectedModCopyForServerButton(ModListItemViewModel?),13770,13794,25,MainWindow.ModGrid.cs,High,"Tooltips, scrolling, selection model, selected-mod controls, and scroll-view helpers."
"Method|UpdateSelectedModButton(WpfButton?,ModListItemViewModel?,bool,bool)|L13796",Method,UpdateSelectedModButton,"UpdateSelectedModButton(WpfButton?,ModListItemViewModel?,bool,bool)",13796,13814,19,MainWindow.ModGrid.cs,High,"Tooltips, scrolling, selection model, selected-mod controls, and scroll-view helpers."
Method|UpdateSelectedModEditConfigButton(ModListItemViewModel?)|L13816,Method,UpdateSelectedModEditConfigButton,UpdateSelectedModEditConfigButton(ModListItemViewModel?),13816,13837,22,MainWindow.ModGrid.cs,High,"Tooltips, scrolling, selection model, selected-mod controls, and scroll-view helpers."
Method|ShouldIgnoreRowSelection(DependencyObject?)|L13839,Method,ShouldIgnoreRowSelection,ShouldIgnoreRowSelection(DependencyObject?),13839,13853,15,MainWindow.ModGrid.cs,High,"Tooltips, scrolling, selection model, selected-mod controls, and scroll-view helpers."
Method|GetModsScrollViewer()|L13855,Method,GetModsScrollViewer,GetModsScrollViewer(),13855,13867,13,MainWindow.ModGrid.cs,High,"Tooltips, scrolling, selection model, selected-mod controls, and scroll-view helpers."
Method|ClearScrollViewerCache()|L13869,Method,ClearScrollViewerCache,ClearScrollViewerCache(),13869,13873,5,MainWindow.ModGrid.cs,High,"Tooltips, scrolling, selection model, selected-mod controls, and scroll-view helpers."
Method|FindDescendantScrollViewer(DependencyObject?)|L13875,Method,FindDescendantScrollViewer,FindDescendantScrollViewer(DependencyObject?),13875,13889,15,MainWindow.ModGrid.cs,High,"Tooltips, scrolling, selection model, selected-mod controls, and scroll-view helpers."
"Method|UpdateModsAsync(IReadOnlyList<ModListItemViewModel>,bool,IReadOnlyDictionary<ModListItemViewModel, ModReleaseInfo>?,bool,Func<ModListItemViewModel, ModReleaseInfo, IProgress<ModUpdateProgress>?>?,Action<ModListItemViewModel, ModReleaseInfo, ModUpdateResult>?)|L13891",Method,UpdateModsAsync,"UpdateModsAsync(IReadOnlyList<ModListItemViewModel>,bool,IReadOnlyDictionary<ModListItemViewModel, ModReleaseInfo>?,bool,Func<ModListItemViewModel, ModReleaseInfo, IProgress<ModUpdateProgress>?>?,Action<ModListItemViewModel, ModReleaseInfo, ModUpdateResult>?)",13891,14090,200,MainWindow.Updates.cs,High,"Bulk updates, release selection, changelog, and update summary."
"Method|SelectReleaseForMod(ModListItemViewModel,bool,ref ModUpdateReleasePreference?,List<ModUpdateOperationResult>,ref bool)|L14092",Method,SelectReleaseForMod,"SelectReleaseForMod(ModListItemViewModel,bool,ref ModUpdateReleasePreference?,List<ModUpdateOperationResult>,ref bool)",14092,14112,21,MainWindow.Updates.cs,High,"Bulk updates, release selection, changelog, and update summary."
Method|ShowBulkUpdateChangelogDialog(IReadOnlyList<ModUpdateOperationResult>)|L14114,Method,ShowBulkUpdateChangelogDialog,ShowBulkUpdateChangelogDialog(IReadOnlyList<ModUpdateOperationResult>),14114,14145,32,MainWindow.Updates.cs,High,"Bulk updates, release selection, changelog, and update summary."
Method|BuildChangelogSummary(IReadOnlyList<ModListItemViewModel.ReleaseChangelog>)|L14147,Method,BuildChangelogSummary,BuildChangelogSummary(IReadOnlyList<ModListItemViewModel.ReleaseChangelog>),14147,14163,17,MainWindow.Updates.cs,High,"Bulk updates, release selection, changelog, and update summary."
"Method|ShowUpdateSummary(IReadOnlyList<ModUpdateOperationResult>,bool,bool)|L14165",Method,ShowUpdateSummary,"ShowUpdateSummary(IReadOnlyList<ModUpdateOperationResult>,bool,bool)",14165,14209,45,MainWindow.Updates.cs,High,"Bulk updates, release selection, changelog, and update summary."
"Method|ActiveToggle_OnPreviewMouseLeftButtonDown(object,MouseButtonEventArgs)|L14211",Method,ActiveToggle_OnPreviewMouseLeftButtonDown,"ActiveToggle_OnPreviewMouseLeftButtonDown(object,MouseButtonEventArgs)",14211,14221,11,MainWindow.ModOperations.cs,High,Active-toggle interaction and multi-toggle handling.
"Method|ActiveToggle_OnPreviewMouseLeftButtonUp(object,MouseButtonEventArgs)|L14223",Method,ActiveToggle_OnPreviewMouseLeftButtonUp,"ActiveToggle_OnPreviewMouseLeftButtonUp(object,MouseButtonEventArgs)",14223,14226,4,MainWindow.ModOperations.cs,High,Active-toggle interaction and multi-toggle handling.
"Method|ActiveToggle_OnPreviewMouseMove(object,MouseEventArgs)|L14228",Method,ActiveToggle_OnPreviewMouseMove,"ActiveToggle_OnPreviewMouseMove(object,MouseEventArgs)",14228,14233,6,MainWindow.ModOperations.cs,High,Active-toggle interaction and multi-toggle handling.
"Method|ActiveToggle_OnToggled(object,RoutedEventArgs)|L14235",Method,ActiveToggle_OnToggled,"ActiveToggle_OnToggled(object,RoutedEventArgs)",14235,14262,28,MainWindow.ModOperations.cs,High,Active-toggle interaction and multi-toggle handling.
Method|OnActivated(EventArgs)|L14264,Method,OnActivated,OnActivated(EventArgs),14264,14271,8,MainWindow.WindowState.cs,High,"Window activation, deactivation, and final closed lifecycle."
Method|OnDeactivated(EventArgs)|L14273,Method,OnDeactivated,OnDeactivated(EventArgs),14273,14277,5,MainWindow.WindowState.cs,High,"Window activation, deactivation, and final closed lifecycle."
Method|OnClosed(EventArgs)|L14279,Method,OnClosed,OnClosed(EventArgs),14279,14288,10,MainWindow.WindowState.cs,High,"Window activation, deactivation, and final closed lifecycle."
Nested record|PresetLoadOptions|L14294,Nested record,PresetLoadOptions,PresetLoadOptions,14294,14294,1,MainWindow.Presets.cs,High,Nested type is specific to preset/modlist loading.
Nested enum|ModlistLoadMode|L14296,Nested enum,ModlistLoadMode,ModlistLoadMode,14296,14300,5,MainWindow.Presets.cs,High,Nested type is specific to preset/modlist loading.
Nested record|ManagerDeletionResult|L14302,Nested record,ManagerDeletionResult,ManagerDeletionResult,14302,14302,1,MainWindow.Modlists.cs,Medium,Nested type supports modlist/manager metadata workflows.
Nested record|InstalledModLogIdentifier|L14304,Nested record,InstalledModLogIdentifier,InstalledModLogIdentifier,14304,14304,1,MainWindow.Core.cs,Medium,Nested type is shared or not clearly isolated.
Nested class|ModUsagePromptData|L14306,Nested class,ModUsagePromptData,ModUsagePromptData,14306,14323,18,MainWindow.ModUsage.cs,High,Nested type supports mod-usage prompt UI.
Nested enum|InstalledModsColumn|L14325,Nested enum,InstalledModsColumn,InstalledModsColumn,14325,14339,15,MainWindow.ColumnVisibility.cs,High,Nested type defines installed-mod grid columns.
"Delegate|PathValidator(string?,out string?,out string?)|L14341",Delegate,PathValidator,"PathValidator(string?,out string?,out string?)",14341,14341,1,MainWindow.Core.cs,High,"Shared state, dependency fields, WPF dependency properties, constructor, or delegate kept centralized during first-pass decomposition."
Nested struct|CompatibilityEvaluation|L14343,Nested struct,CompatibilityEvaluation,CompatibilityEvaluation,14343,14369,27,MainWindow.Compatibility.cs,High,Nested type supports compatibility evaluation.
Nested class|ModlistMetadata|L14371,Nested class,ModlistMetadata,ModlistMetadata,14371,14397,27,MainWindow.Modlists.cs,Medium,Nested type supports modlist/manager metadata workflows.
Nested record|PresetModInstallResult|L14399,Nested record,PresetModInstallResult,PresetModInstallResult,14399,14403,5,MainWindow.Presets.cs,High,Nested type is specific to preset/modlist loading.
Nested enum|ModUpdateReleasePreference|L14405,Nested enum,ModUpdateReleasePreference,ModUpdateReleasePreference,14405,14409,5,MainWindow.Updates.cs,High,Nested type supports mod update workflows.
Nested record|ModUpdateOperationResult|L14411,Nested record,ModUpdateOperationResult,ModUpdateOperationResult,14411,14439,29,MainWindow.Updates.cs,High,Nested type supports mod update workflows.
