MemberId,Name,Signature,StartLine,EndLine,LineCount,CalledMethodNames,ResolvedTargetIds,AmbiguousMethodNames,UnresolvedMethodNames,CallCount,ResolvedCount,AmbiguousCount,UnresolvedCount
Method|CreateHostKeyVerifierWithStorage()|L97,CreateHostKeyVerifierWithStorage,CreateHostKeyVerifierWithStorage(),97,108,12,,,,,0,0,0,0
"Method|ReportStatus(string,bool)|L502",ReportStatus,"ReportStatus(string,bool)",502,505,4,ReportStatus,"Method|ReportStatus(string,bool)|L502",,,1,1,0,0
Method|InitializeColumnVisibilityMenu()|L511,InitializeColumnVisibilityMenu,InitializeColumnVisibilityMenu(),511,523,13,RegisterColumnMenuItem,"Method|RegisterColumnMenuItem(MenuItem?,InstalledModsColumn)|L525",,,1,1,0,0
"Method|RegisterColumnMenuItem(MenuItem?,InstalledModsColumn)|L525",RegisterColumnMenuItem,"RegisterColumnMenuItem(MenuItem?,InstalledModsColumn)",525,537,13,ApplyInstalledColumnVisibility;NotifyViewModelOfInstalledColumnVisibility,"Method|ApplyInstalledColumnVisibility(InstalledModsColumn,bool)|L549;Method|NotifyViewModelOfInstalledColumnVisibility(InstalledModsColumn,bool)|L571",,,2,2,0,0
"Method|InstalledModsColumnMenuItem_OnChecked(object,RoutedEventArgs)|L539",InstalledModsColumnMenuItem_OnChecked,"InstalledModsColumnMenuItem_OnChecked(object,RoutedEventArgs)",539,547,9,ApplyInstalledColumnVisibility;NotifyViewModelOfInstalledColumnVisibility,"Method|ApplyInstalledColumnVisibility(InstalledModsColumn,bool)|L549;Method|NotifyViewModelOfInstalledColumnVisibility(InstalledModsColumn,bool)|L571",,,2,2,0,0
"Method|ApplyInstalledColumnVisibility(InstalledModsColumn,bool)|L549",ApplyInstalledColumnVisibility,"ApplyInstalledColumnVisibility(InstalledModsColumn,bool)",549,569,21,,,,,0,0,0,0
"Method|NotifyViewModelOfInstalledColumnVisibility(InstalledModsColumn,bool)|L571",NotifyViewModelOfInstalledColumnVisibility,"NotifyViewModelOfInstalledColumnVisibility(InstalledModsColumn,bool)",571,574,4,,,,,0,0,0,0
Method|ApplyColumnVisibilityPreferencesToViewModel()|L576,ApplyColumnVisibilityPreferencesToViewModel,ApplyColumnVisibilityPreferencesToViewModel(),576,582,7,NotifyViewModelOfInstalledColumnVisibility,"Method|NotifyViewModelOfInstalledColumnVisibility(InstalledModsColumn,bool)|L571",,,1,1,0,0
"Method|MainWindow_Loaded(object,RoutedEventArgs)|L590",MainWindow_Loaded,"MainWindow_Loaded(object,RoutedEventArgs)",590,621,32,ApplyStoredModInfoPanelPosition;CheckAndPromptMigrationAsync;CreateAppStartedBackupAsync;EnsureInstalledModsCachedAsync;InitializeViewModelAsync;MigrateLegacyFirebaseDataIfNeededAsync;MigrateLegacyRebuiltModlistsIfNeeded;PromptCacheRefreshIfNeededAsync;RefreshDeleteCachedModsMenuHeaderAsync;RefreshManagerUpdateLinkAsync;SyncInstalledModsToModBrowser,"Method|ApplyStoredModInfoPanelPosition()|L1205;Method|CheckAndPromptMigrationAsync()|L719;Method|CreateAppStartedBackupAsync()|L9705;Method|EnsureInstalledModsCachedAsync(MainViewModel,bool)|L1088;Method|InitializeViewModelAsync(MainViewModel)|L3638;Method|MigrateLegacyFirebaseDataIfNeededAsync()|L11525;Method|MigrateLegacyRebuiltModlistsIfNeeded()|L623;Method|PromptCacheRefreshIfNeededAsync()|L671;Method|RefreshDeleteCachedModsMenuHeaderAsync()|L7274;Method|RefreshManagerUpdateLinkAsync()|L12258;Method|SyncInstalledModsToModBrowser()|L2693",,,11,11,0,0
Method|MigrateLegacyRebuiltModlistsIfNeeded()|L623,MigrateLegacyRebuiltModlistsIfNeeded,MigrateLegacyRebuiltModlistsIfNeeded(),623,669,47,EnsureModListDirectory;EnsureUniqueDirectoryPath;EnsureUniqueFilePath;ReportStatus,"Method|EnsureModListDirectory()|L12502;Method|EnsureUniqueDirectoryPath(string)|L12438;Method|EnsureUniqueFilePath(string)|L9143;Method|ReportStatus(string,bool)|L502",,,4,4,0,0
Method|PromptCacheRefreshIfNeededAsync()|L671,PromptCacheRefreshIfNeededAsync,PromptCacheRefreshIfNeededAsync(),671,691,21,ClearManagerCachesForVersionUpdateAsync,Method|ClearManagerCachesForVersionUpdateAsync()|L693,,,1,1,0,0
Method|ClearManagerCachesForVersionUpdateAsync()|L693,ClearManagerCachesForVersionUpdateAsync,ClearManagerCachesForVersionUpdateAsync(),693,717,25,ClearManagerCaches;RefreshDeleteCachedModsMenuHeaderAsync,Method|ClearManagerCaches(bool)|L7518;Method|RefreshDeleteCachedModsMenuHeaderAsync()|L7274,,,2,2,0,0
Method|CheckAndPromptMigrationAsync()|L719,CheckAndPromptMigrationAsync,CheckAndPromptMigrationAsync(),719,751,33,PerformMigrationAsync,Method|PerformMigrationAsync()|L753,,,1,1,0,0
Method|PerformMigrationAsync()|L753,PerformMigrationAsync,PerformMigrationAsync(),753,816,64,,,,,0,0,0,0
Method|TryShowModUsagePromptAsync()|L818,TryShowModUsagePromptAsync,TryShowModUsagePromptAsync(),818,863,46,PrepareModUsagePromptData;UpdateModUsagePromptIndicator,Method|PrepareModUsagePromptData()|L865;Method|UpdateModUsagePromptIndicator(bool)|L955,,,2,2,0,0
Method|PrepareModUsagePromptData()|L865,PrepareModUsagePromptData,PrepareModUsagePromptData(),865,953,89,,,,,0,0,0,0
Method|UpdateModUsagePromptIndicator(bool)|L955,UpdateModUsagePromptIndicator,UpdateModUsagePromptIndicator(bool),955,960,6,,,,,0,0,0,0
Method|ShowModUsagePromptDialogAsync()|L962,ShowModUsagePromptDialogAsync,ShowModUsagePromptDialogAsync(),962,1086,125,PrepareModUsagePromptData;StopGameSessionMonitor;TryShowModUsagePromptAsync;UpdateModUsagePromptIndicator,Method|PrepareModUsagePromptData()|L865;Method|StopGameSessionMonitor()|L3734;Method|TryShowModUsagePromptAsync()|L818;Method|UpdateModUsagePromptIndicator(bool)|L955,,,4,4,0,0
"Method|EnsureInstalledModsCachedAsync(MainViewModel,bool)|L1088",EnsureInstalledModsCachedAsync,"EnsureInstalledModsCachedAsync(MainViewModel,bool)",1088,1105,18,,,,,0,0,0,0
"Method|MainWindow_OnClosing(object?,CancelEventArgs)|L1107",MainWindow_OnClosing,"MainWindow_OnClosing(object?,CancelEventArgs)",1107,1150,44,DisposeCurrentViewModel;SaveUploaderName;SaveWindowDimensions,Method|DisposeCurrentViewModel()|L3669;Method|SaveUploaderName()|L1715;Method|SaveWindowDimensions()|L1654,,,3,3,0,0
"Method|RootGrid_OnSizeChanged(object,SizeChangedEventArgs)|L1152",RootGrid_OnSizeChanged,"RootGrid_OnSizeChanged(object,SizeChangedEventArgs)",1152,1157,6,EnsureModInfoPanelWithinBounds,Method|EnsureModInfoPanelWithinBounds(bool)|L1217,,,1,1,0,0
"Method|ModInfoBorder_OnMouseLeftButtonDown(object,MouseButtonEventArgs)|L1163",ModInfoBorder_OnMouseLeftButtonDown,"ModInfoBorder_OnMouseLeftButtonDown(object,MouseButtonEventArgs)",1163,1173,11,IsModInfoDragInitiationBlocked,Method|IsModInfoDragInitiationBlocked(DependencyObject?)|L1306,,,1,1,0,0
"Method|ModInfoBorder_OnMouseMove(object,MouseEventArgs)|L1175",ModInfoBorder_OnMouseMove,"ModInfoBorder_OnMouseMove(object,MouseEventArgs)",1175,1185,11,SetModInfoPanelPosition,"Method|SetModInfoPanelPosition(double,double,bool)|L1231",,,1,1,0,0
"Method|ModInfoBorder_OnMouseLeftButtonUp(object,MouseButtonEventArgs)|L1187",ModInfoBorder_OnMouseLeftButtonUp,"ModInfoBorder_OnMouseLeftButtonUp(object,MouseButtonEventArgs)",1187,1195,9,EnsureModInfoPanelWithinBounds,Method|EnsureModInfoPanelWithinBounds(bool)|L1217,,,1,1,0,0
"Method|ModInfoBorder_OnLostMouseCapture(object,MouseEventArgs)|L1197",ModInfoBorder_OnLostMouseCapture,"ModInfoBorder_OnLostMouseCapture(object,MouseEventArgs)",1197,1203,7,EnsureModInfoPanelWithinBounds,Method|EnsureModInfoPanelWithinBounds(bool)|L1217,,,1,1,0,0
Method|ApplyStoredModInfoPanelPosition()|L1205,ApplyStoredModInfoPanelPosition,ApplyStoredModInfoPanelPosition(),1205,1215,11,ComputeDefaultModInfoPanelLeft;SetModInfoPanelPosition,"Method|ComputeDefaultModInfoPanelLeft()|L1262;Method|SetModInfoPanelPosition(double,double,bool)|L1231",,,2,2,0,0
Method|EnsureModInfoPanelWithinBounds(bool)|L1217,EnsureModInfoPanelWithinBounds,EnsureModInfoPanelWithinBounds(bool),1217,1229,13,ComputeDefaultModInfoPanelLeft;SetModInfoPanelPosition,"Method|ComputeDefaultModInfoPanelLeft()|L1262;Method|SetModInfoPanelPosition(double,double,bool)|L1231",,,2,2,0,0
"Method|SetModInfoPanelPosition(double,double,bool)|L1231",SetModInfoPanelPosition,"SetModInfoPanelPosition(double,double,bool)",1231,1260,30,GetModInfoPanelHeight;GetModInfoPanelWidth;SetModInfoPanelPosition,"Method|GetModInfoPanelHeight()|L1296;Method|GetModInfoPanelWidth()|L1286;Method|SetModInfoPanelPosition(double,double,bool)|L1231",,,3,3,0,0
Method|ComputeDefaultModInfoPanelLeft()|L1262,ComputeDefaultModInfoPanelLeft,ComputeDefaultModInfoPanelLeft(),1262,1284,23,GetModInfoPanelWidth,Method|GetModInfoPanelWidth()|L1286,,,1,1,0,0
Method|GetModInfoPanelWidth()|L1286,GetModInfoPanelWidth,GetModInfoPanelWidth(),1286,1294,9,,,,,0,0,0,0
Method|GetModInfoPanelHeight()|L1296,GetModInfoPanelHeight,GetModInfoPanelHeight(),1296,1304,9,,,,,0,0,0,0
Method|IsModInfoDragInitiationBlocked(DependencyObject?)|L1306,IsModInfoDragInitiationBlocked,IsModInfoDragInitiationBlocked(DependencyObject?),1306,1319,14,,,,,0,0,0,0
"Method|DisableAutoRefreshMenuItem_OnClick(object,RoutedEventArgs)|L1325",DisableAutoRefreshMenuItem_OnClick,"DisableAutoRefreshMenuItem_OnClick(object,RoutedEventArgs)",1325,1355,31,,,,,0,0,0,0
"Method|AutomaticDataBackupsMenuItem_OnClick(object,RoutedEventArgs)|L1357",AutomaticDataBackupsMenuItem_OnClick,"AutomaticDataBackupsMenuItem_OnClick(object,RoutedEventArgs)",1357,1390,34,,,,,0,0,0,0
"Method|DisableInternetAccessMenuItem_OnClick(object,RoutedEventArgs)|L1392",DisableInternetAccessMenuItem_OnClick,"DisableInternetAccessMenuItem_OnClick(object,RoutedEventArgs)",1392,1401,10,,,,,0,0,0,0
"Method|ThemeMenuItem_OnClick(object,RoutedEventArgs)|L1403",ThemeMenuItem_OnClick,"ThemeMenuItem_OnClick(object,RoutedEventArgs)",1403,1435,33,ClearScrollViewerCache;GenerateSurprisePalette;UpdateThemeMenuSelection,"Method|ClearScrollViewerCache()|L13869;Method|GenerateSurprisePalette()|L1461;Method|UpdateThemeMenuSelection(ColorTheme,string?)|L1442",,,3,3,0,0
"Method|EditThemeMenuItem_OnClick(object,RoutedEventArgs)|L1437",EditThemeMenuItem_OnClick,"EditThemeMenuItem_OnClick(object,RoutedEventArgs)",1437,1440,4,ShowCustomThemeEditor,Method|ShowCustomThemeEditor()|L1538,,,1,1,0,0
"Method|UpdateThemeMenuSelection(ColorTheme,string?)|L1442",UpdateThemeMenuSelection,"UpdateThemeMenuSelection(ColorTheme,string?)",1442,1459,18,,,,,0,0,0,0
Method|GenerateSurprisePalette()|L1461,GenerateSurprisePalette,GenerateSurprisePalette(),1461,1469,9,GenerateRandomColor,Method|GenerateRandomColor(string)|L1471,,,1,1,0,0
Method|GenerateRandomColor(string)|L1471,GenerateRandomColor,GenerateRandomColor(string),1471,1486,16,,,,,0,0,0,0
Method|RefreshCustomThemeMenuItems()|L1488,RefreshCustomThemeMenuItems,RefreshCustomThemeMenuItems(),1488,1536,49,,,,,0,0,0,0
Method|ShowCustomThemeEditor()|L1538,ShowCustomThemeEditor,ShowCustomThemeEditor(),1538,1560,23,ClearScrollViewerCache;RefreshCustomThemeMenuItems;UpdateThemeMenuSelection,"Method|ClearScrollViewerCache()|L13869;Method|RefreshCustomThemeMenuItems()|L1488;Method|UpdateThemeMenuSelection(ColorTheme,string?)|L1442",,,3,3,0,0
"Method|AlwaysClearModlistsMenuItem_OnClick(object,RoutedEventArgs)|L1562",AlwaysClearModlistsMenuItem_OnClick,"AlwaysClearModlistsMenuItem_OnClick(object,RoutedEventArgs)",1562,1568,7,HandleModlistAutoLoadMenuClick,"Method|HandleModlistAutoLoadMenuClick(object,ModlistAutoLoadBehavior,ModlistAutoLoadBehavior)|L1578",,,1,1,0,0
"Method|AlwaysAddModlistsMenuItem_OnClick(object,RoutedEventArgs)|L1570",AlwaysAddModlistsMenuItem_OnClick,"AlwaysAddModlistsMenuItem_OnClick(object,RoutedEventArgs)",1570,1576,7,HandleModlistAutoLoadMenuClick,"Method|HandleModlistAutoLoadMenuClick(object,ModlistAutoLoadBehavior,ModlistAutoLoadBehavior)|L1578",,,1,1,0,0
"Method|HandleModlistAutoLoadMenuClick(object,ModlistAutoLoadBehavior,ModlistAutoLoadBehavior)|L1578",HandleModlistAutoLoadMenuClick,"HandleModlistAutoLoadMenuClick(object,ModlistAutoLoadBehavior,ModlistAutoLoadBehavior)",1578,1585,8,SetModlistAutoLoadBehavior,Method|SetModlistAutoLoadBehavior(ModlistAutoLoadBehavior)|L1587,,,1,1,0,0
Method|SetModlistAutoLoadBehavior(ModlistAutoLoadBehavior)|L1587,SetModlistAutoLoadBehavior,SetModlistAutoLoadBehavior(ModlistAutoLoadBehavior),1587,1591,5,UpdateModlistAutoLoadMenu,Method|UpdateModlistAutoLoadMenu(ModlistAutoLoadBehavior)|L1593,,,1,1,0,0
Method|UpdateModlistAutoLoadMenu(ModlistAutoLoadBehavior)|L1593,UpdateModlistAutoLoadMenu,UpdateModlistAutoLoadMenu(ModlistAutoLoadBehavior),1593,1600,8,,,,,0,0,0,0
Method|UpdateGameVersionMenuItem(string?)|L1602,UpdateGameVersionMenuItem,UpdateGameVersionMenuItem(string?),1602,1614,13,,,,,0,0,0,0
Method|ApplyStoredWindowDimensions()|L1616,ApplyStoredWindowDimensions,ApplyStoredWindowDimensions(),1616,1637,22,IsWindowPositionOnScreen,"Method|IsWindowPositionOnScreen(double,double)|L1639",,,1,1,0,0
"Method|IsWindowPositionOnScreen(double,double)|L1639",IsWindowPositionOnScreen,"IsWindowPositionOnScreen(double,double)",1639,1652,14,,,,,0,0,0,0
Method|SaveWindowDimensions()|L1654,SaveWindowDimensions,SaveWindowDimensions(),1654,1664,11,,,,,0,0,0,0
Method|SetUsernameDisplay(string?)|L1666,SetUsernameDisplay,SetUsernameDisplay(string?),1666,1671,6,,,,,0,0,0,0
Method|ResolveUploaderName(string?)|L1673,ResolveUploaderName,ResolveUploaderName(string?),1673,1699,27,,,,,0,0,0,0
Method|ApplyPlayerIdentityToUiAndCloudStore()|L1701,ApplyPlayerIdentityToUiAndCloudStore,ApplyPlayerIdentityToUiAndCloudStore(),1701,1706,6,ApplyPlayerIdentityToCloudStore;ResolveUploaderName;SetUsernameDisplay,Method|ApplyPlayerIdentityToCloudStore(FirebaseModlistStore?)|L1708;Method|ResolveUploaderName(string?)|L1673;Method|SetUsernameDisplay(string?)|L1666,,,3,3,0,0
Method|ApplyPlayerIdentityToCloudStore(FirebaseModlistStore?)|L1708,ApplyPlayerIdentityToCloudStore,ApplyPlayerIdentityToCloudStore(FirebaseModlistStore?),1708,1713,6,,,,,0,0,0,0
Method|SaveUploaderName()|L1715,SaveUploaderName,SaveUploaderName(),1715,1721,7,ResolveUploaderName;SetUsernameDisplay,Method|ResolveUploaderName(string?)|L1673;Method|SetUsernameDisplay(string?)|L1666,,,2,2,0,0
"Method|EnableServerOptionsMenuItem_OnClick(object,RoutedEventArgs)|L1723",EnableServerOptionsMenuItem_OnClick,"EnableServerOptionsMenuItem_OnClick(object,RoutedEventArgs)",1723,1730,8,UpdateServerOptionsState,Method|UpdateServerOptionsState(bool)|L13738,,,1,1,0,0
"Method|UseFasterThumbnailsMenuItem_OnClick(object,RoutedEventArgs)|L1732",UseFasterThumbnailsMenuItem_OnClick,"UseFasterThumbnailsMenuItem_OnClick(object,RoutedEventArgs)",1732,1738,7,,,,,0,0,0,0
"Method|DisableHoverEffectsMenuItem_OnClick(object,RoutedEventArgs)|L1740",DisableHoverEffectsMenuItem_OnClick,"DisableHoverEffectsMenuItem_OnClick(object,RoutedEventArgs)",1740,1751,12,RefreshHoverOverlayState,Method|RefreshHoverOverlayState()|L4942,,,1,1,0,0
"Method|LogModUpdateMenuItem_OnClick(object,RoutedEventArgs)|L1753",LogModUpdateMenuItem_OnClick,"LogModUpdateMenuItem_OnClick(object,RoutedEventArgs)",1753,1759,7,,,,,0,0,0,0
"Method|LogModInstallMenuItem_OnClick(object,RoutedEventArgs)|L1761",LogModInstallMenuItem_OnClick,"LogModInstallMenuItem_OnClick(object,RoutedEventArgs)",1761,1767,7,,,,,0,0,0,0
"Method|LogModDeletionMenuItem_OnClick(object,RoutedEventArgs)|L1769",LogModDeletionMenuItem_OnClick,"LogModDeletionMenuItem_OnClick(object,RoutedEventArgs)",1769,1775,7,,,,,0,0,0,0
"Method|LogAppLifecycleMenuItem_OnClick(object,RoutedEventArgs)|L1777",LogAppLifecycleMenuItem_OnClick,"LogAppLifecycleMenuItem_OnClick(object,RoutedEventArgs)",1777,1783,7,,,,,0,0,0,0
"Method|LogErrorsAndExceptionsMenuItem_OnClick(object,RoutedEventArgs)|L1785",LogErrorsAndExceptionsMenuItem_OnClick,"LogErrorsAndExceptionsMenuItem_OnClick(object,RoutedEventArgs)",1785,1792,8,InitializeTraceListener,Method|InitializeTraceListener()|L1794,,,1,1,0,0
Method|InitializeTraceListener()|L1794,InitializeTraceListener,InitializeTraceListener(),1794,1811,18,,,,,0,0,0,0
Method|UpdateLoggingMenuState()|L1813,UpdateLoggingMenuState,UpdateLoggingMenuState(),1813,1825,13,,,,,0,0,0,0
"Method|GenerateServerInstallMacroMenuItem_OnClick(object,RoutedEventArgs)|L1827",GenerateServerInstallMacroMenuItem_OnClick,"GenerateServerInstallMacroMenuItem_OnClick(object,RoutedEventArgs)",1827,1976,150,,,,,0,0,0,0
"Method|CacheAllVersionsMenuItem_OnClick(object,RoutedEventArgs)|L1978",CacheAllVersionsMenuItem_OnClick,"CacheAllVersionsMenuItem_OnClick(object,RoutedEventArgs)",1978,1984,7,,,,,0,0,0,0
"Method|RequireExactVsVersionMenuItem_OnClick(object,RoutedEventArgs)|L1986",RequireExactVsVersionMenuItem_OnClick,"RequireExactVsVersionMenuItem_OnClick(object,RoutedEventArgs)",1986,1992,7,,,,,0,0,0,0
"Method|ExperimentalModDebuggingMenuItem_OnClick(object,RoutedEventArgs)|L1994",ExperimentalModDebuggingMenuItem_OnClick,"ExperimentalModDebuggingMenuItem_OnClick(object,RoutedEventArgs)",1994,2060,67,CollectExperimentalModDebugLines,"Method|CollectExperimentalModDebugLines(string,string)|L2157",,,1,1,0,0
"Method|ExperimentalAllModsDebuggingMenuItem_OnClick(object,RoutedEventArgs)|L2062",ExperimentalAllModsDebuggingMenuItem_OnClick,"ExperimentalAllModsDebuggingMenuItem_OnClick(object,RoutedEventArgs)",2062,2155,94,CollectInstalledModDebugLines,"Method|CollectInstalledModDebugLines(string,IReadOnlyList<InstalledModLogIdentifier>)|L2167",,,1,1,0,0
"Method|CollectExperimentalModDebugLines(string,string)|L2157",CollectExperimentalModDebugLines,"CollectExperimentalModDebugLines(string,string)",2157,2165,9,AppendExperimentalModDebugLines;GetExperimentalModDebugFilePaths,"Method|AppendExperimentalModDebugLines(List<ExperimentalModDebugLogLine>,string,string)|L2213;Method|GetExperimentalModDebugFilePaths(string)|L2180",,,2,2,0,0
"Method|CollectInstalledModDebugLines(string,IReadOnlyList<InstalledModLogIdentifier>)|L2167",CollectInstalledModDebugLines,"CollectInstalledModDebugLines(string,IReadOnlyList<InstalledModLogIdentifier>)",2167,2178,12,AppendInstalledModDebugLines;GetExperimentalModDebugFilePaths,"Method|AppendInstalledModDebugLines(List<ExperimentalModDebugLogLine>,string,IReadOnlyList<InstalledModLogIdentifier>)|L2241;Method|GetExperimentalModDebugFilePaths(string)|L2180",,,2,2,0,0
Method|GetExperimentalModDebugFilePaths(string)|L2180,GetExperimentalModDebugFilePaths,GetExperimentalModDebugFilePaths(string),2180,2211,32,,,,,0,0,0,0
"Method|AppendExperimentalModDebugLines(List<ExperimentalModDebugLogLine>,string,string)|L2213",AppendExperimentalModDebugLines,"AppendExperimentalModDebugLines(List<ExperimentalModDebugLogLine>,string,string)",2213,2239,27,AppendExperimentalModDebugFileSectionWithModId;ShouldIgnoreExperimentalModDebugLine,"Method|AppendExperimentalModDebugFileSectionWithModId(List<ExperimentalModDebugLogLine>,string,string,List<(string Line, int LineNumber)>,string)|L2288;Method|ShouldIgnoreExperimentalModDebugLine(string)|L2323",,,2,2,0,0
"Method|AppendInstalledModDebugLines(List<ExperimentalModDebugLogLine>,string,IReadOnlyList<InstalledModLogIdentifier>)|L2241",AppendInstalledModDebugLines,"AppendInstalledModDebugLines(List<ExperimentalModDebugLogLine>,string,IReadOnlyList<InstalledModLogIdentifier>)",2241,2272,32,AppendExperimentalModDebugFileSectionWithMods;ShouldIgnoreExperimentalModDebugLine,"Method|AppendExperimentalModDebugFileSectionWithMods(List<ExperimentalModDebugLogLine>,string,string,List<(string Line, string ModName, int LineNumber)>)|L2306;Method|ShouldIgnoreExperimentalModDebugLine(string)|L2323",,,2,2,0,0
"Method|AppendExperimentalModDebugFileSection(List<ExperimentalModDebugLogLine>,string,List<string>)|L2274",AppendExperimentalModDebugFileSection,"AppendExperimentalModDebugFileSection(List<ExperimentalModDebugLogLine>,string,List<string>)",2274,2286,13,SummarizePatchMissingLines,Method|SummarizePatchMissingLines(List<string>)|L2332,,,1,1,0,0
"Method|AppendExperimentalModDebugFileSectionWithModId(List<ExperimentalModDebugLogLine>,string,string,List<(string Line, int LineNumber)>,string)|L2288",AppendExperimentalModDebugFileSectionWithModId,"AppendExperimentalModDebugFileSectionWithModId(List<ExperimentalModDebugLogLine>,string,string,List<(string Line, int LineNumber)>,string)",2288,2304,17,SummarizePatchMissingLinesWithLineNumbers,"Method|SummarizePatchMissingLinesWithLineNumbers(List<(string Line, int LineNumber)>)|L2388",,,1,1,0,0
"Method|AppendExperimentalModDebugFileSectionWithMods(List<ExperimentalModDebugLogLine>,string,string,List<(string Line, string ModName, int LineNumber)>)|L2306",AppendExperimentalModDebugFileSectionWithMods,"AppendExperimentalModDebugFileSectionWithMods(List<ExperimentalModDebugLogLine>,string,string,List<(string Line, string ModName, int LineNumber)>)",2306,2321,16,SummarizePatchMissingLinesWithModAndLineNumbers,"Method|SummarizePatchMissingLinesWithModAndLineNumbers(List<(string Line, string ModName, int LineNumber)>)|L2483",,,1,1,0,0
Method|ShouldIgnoreExperimentalModDebugLine(string)|L2323,ShouldIgnoreExperimentalModDebugLine,ShouldIgnoreExperimentalModDebugLine(string),2323,2330,8,,,,,0,0,0,0
Method|SummarizePatchMissingLines(List<string>)|L2332,SummarizePatchMissingLines,SummarizePatchMissingLines(List<string>),2332,2386,55,AddOrIncrementSummary,"Method|AddOrIncrementSummary(List<string>,Dictionary<string, (int Index, int HiddenCount)>,string,string)|L2448",,,1,1,0,0
"Method|SummarizePatchMissingLinesWithLineNumbers(List<(string Line, int LineNumber)>)|L2388",SummarizePatchMissingLinesWithLineNumbers,"SummarizePatchMissingLinesWithLineNumbers(List<(string Line, int LineNumber)>)",2388,2446,59,AddOrIncrementSummaryWithLineNumber,"Method|AddOrIncrementSummaryWithLineNumber(List<(string Line, int LineNumber)>,Dictionary<string, (int Index, int HiddenCount)>,string,int,string)|L2465",,,1,1,0,0
"Method|AddOrIncrementSummary(List<string>,Dictionary<string, (int Index, int HiddenCount)>,string,string)|L2448",AddOrIncrementSummary,"AddOrIncrementSummary(List<string>,Dictionary<string, (int Index, int HiddenCount)>,string,string)",2448,2463,16,,,,,0,0,0,0
"Method|AddOrIncrementSummaryWithLineNumber(List<(string Line, int LineNumber)>,Dictionary<string, (int Index, int HiddenCount)>,string,int,string)|L2465",AddOrIncrementSummaryWithLineNumber,"AddOrIncrementSummaryWithLineNumber(List<(string Line, int LineNumber)>,Dictionary<string, (int Index, int HiddenCount)>,string,int,string)",2465,2481,17,,,,,0,0,0,0
"Method|SummarizePatchMissingLinesWithModAndLineNumbers(List<(string Line, string ModName, int LineNumber)>)|L2483",SummarizePatchMissingLinesWithModAndLineNumbers,"SummarizePatchMissingLinesWithModAndLineNumbers(List<(string Line, string ModName, int LineNumber)>)",2483,2543,61,AddOrIncrementSummaryWithModAndLineNumber,"Method|AddOrIncrementSummaryWithModAndLineNumber(List<(string Line, string ModName, int LineNumber)>,Dictionary<string, (int Index, int HiddenCount)>,string,string,int,string)|L2545",,,1,1,0,0
"Method|AddOrIncrementSummaryWithModAndLineNumber(List<(string Line, string ModName, int LineNumber)>,Dictionary<string, (int Index, int HiddenCount)>,string,string,int,string)|L2545",AddOrIncrementSummaryWithModAndLineNumber,"AddOrIncrementSummaryWithModAndLineNumber(List<(string Line, string ModName, int LineNumber)>,Dictionary<string, (int Index, int HiddenCount)>,string,string,int,string)",2545,2562,18,,,,,0,0,0,0
Method|InitializeViewModel()|L2568,InitializeViewModel,InitializeViewModel(),2568,2593,26,ApplyColumnVisibilityPreferencesToViewModel;ApplyPlayerIdentityToUiAndCloudStore;AttachToModsView;RestoreSortPreference;SubscribeModBrowserToDirectoryWatcher;UpdateGameVersionMenuItem,"Method|ApplyColumnVisibilityPreferencesToViewModel()|L576;Method|ApplyPlayerIdentityToUiAndCloudStore()|L1701;Method|AttachToModsView(ICollectionView?,bool)|L13381;Method|RestoreSortPreference()|L3418;Method|SubscribeModBrowserToDirectoryWatcher()|L2659;Method|UpdateGameVersionMenuItem(string?)|L1602",,,6,6,0,0
Method|InitializeModBrowserView()|L2595,InitializeModBrowserView,InitializeModBrowserView(),2595,2620,26,InitializeVotesCacheWatcher;UpdateModBrowserTabVisibilityState,Method|InitializeVotesCacheWatcher()|L2622;Method|UpdateModBrowserTabVisibilityState(bool)|L3115,,,2,2,0,0
Method|InitializeVotesCacheWatcher()|L2622,InitializeVotesCacheWatcher,InitializeVotesCacheWatcher(),2622,2636,15,,,,,0,0,0,0
"Method|OnVotesCacheChanged(object?,EventArgs)|L2638",OnVotesCacheChanged,"OnVotesCacheChanged(object?,EventArgs)",2638,2657,20,,,,,0,0,0,0
Method|SubscribeModBrowserToDirectoryWatcher()|L2659,SubscribeModBrowserToDirectoryWatcher,SubscribeModBrowserToDirectoryWatcher(),2659,2665,7,,,,,0,0,0,0
Method|UnsubscribeModBrowserFromDirectoryWatcher()|L2667,UnsubscribeModBrowserFromDirectoryWatcher,UnsubscribeModBrowserFromDirectoryWatcher(),2667,2673,7,,,,,0,0,0,0
"Method|ModsWatcherOnChangesDetected(object?,EventArgs)|L2675",ModsWatcherOnChangesDetected,"ModsWatcherOnChangesDetected(object?,EventArgs)",2675,2691,17,,,,,0,0,0,0
Method|SyncInstalledModsToModBrowser()|L2693,SyncInstalledModsToModBrowser,SyncInstalledModsToModBrowser(),2693,2714,22,,,,,0,0,0,0
Method|AddModToInstalledAndRemoveFromSearch(int)|L2716,AddModToInstalledAndRemoveFromSearch,AddModToInstalledAndRemoveFromSearch(int),2716,2734,19,,,,,0,0,0,0
Method|InstallModFromBrowserAsync(DownloadableMod)|L2736,InstallModFromBrowserAsync,InstallModFromBrowserAsync(DownloadableMod),2736,2842,107,AddModToInstalledAndRemoveFromSearch;ConvertToModListItemViewModel;CreateAutomaticBackupAsync;RefreshModsAsync;ReportStatus;SelectReleaseForInstall;TryGetInstallTargetPath;UpdateSelectedModButtons,"Method|AddModToInstalledAndRemoveFromSearch(int)|L2716;Method|ConvertToModListItemViewModel(DownloadableMod)|L2848;Method|CreateAutomaticBackupAsync(string)|L9696;Method|RefreshModsAsync(bool)|L4175;Method|ReportStatus(string,bool)|L502;Method|SelectReleaseForInstall(ModListItemViewModel)|L5698;Method|TryGetInstallTargetPath(ModListItemViewModel,ModReleaseInfo,out string,out string?)|L8991;Method|UpdateSelectedModButtons()|L13703",,,8,8,0,0
Method|ConvertToModListItemViewModel(DownloadableMod)|L2848,ConvertToModListItemViewModel,ConvertToModListItemViewModel(DownloadableMod),2848,2914,67,,,,,0,0,0,0
Method|ConvertToModReleaseInfo(DownloadableModRelease)|L2920,ConvertToModReleaseInfo,ConvertToModReleaseInfo(DownloadableModRelease),2920,2944,25,,,,,0,0,0,0
"Method|OnUserReportVoteSubmitted(object?,ModUserReportChangedEventArgs)|L2946",OnUserReportVoteSubmitted,"OnUserReportVoteSubmitted(object?,ModUserReportChangedEventArgs)",2946,2961,16,,,,,0,0,0,0
"Method|ViewModelOnPropertyChanged(object?,PropertyChangedEventArgs)|L2963",ViewModelOnPropertyChanged,"ViewModelOnPropertyChanged(object?,PropertyChangedEventArgs)",2963,3044,82,AttachToModsView;HandleModlistsVisibilityChanged;RefreshHoverOverlayState;RefreshModsAfterDependencyResolutionAsync;ScheduleRefreshAfterModlistLoadIfReady;ShouldPreserveModsViewState;ShouldRefreshAfterDependencyResolution;SyncMiddleTabControlToViewModel;UpdateSortPreferenceFromSelectedOption,"Method|AttachToModsView(ICollectionView?,bool)|L13381;Method|HandleModlistsVisibilityChanged(bool)|L3051;Method|RefreshHoverOverlayState()|L4942;Method|RefreshModsAfterDependencyResolutionAsync()|L3359;Method|ScheduleRefreshAfterModlistLoadIfReady()|L3385;Method|ShouldPreserveModsViewState(ICollectionView?,ICollectionView?)|L13366;Method|ShouldRefreshAfterDependencyResolution(string?)|L3353;Method|SyncMiddleTabControlToViewModel()|L3131;Method|UpdateSortPreferenceFromSelectedOption(bool)|L3596",,,9,9,0,0
Method|UpdateSearchColumnVisibility(bool)|L3046,UpdateSearchColumnVisibility,UpdateSearchColumnVisibility(bool),3046,3049,4,UpdateSearchSortingBehavior,Method|UpdateSearchSortingBehavior(bool)|L3346,,,1,1,0,0
Method|HandleModlistsVisibilityChanged(bool)|L3051,HandleModlistsVisibilityChanged,HandleModlistsVisibilityChanged(bool),3051,3073,23,ApplyPreferredModlistsTabSelection;RefreshCloudModlistsAsync;RefreshLocalModlists;SetCloudModlistSelection;SetLocalModlistSelection,"Method|ApplyPreferredModlistsTabSelection()|L3201;Method|RefreshCloudModlistsAsync(bool)|L12066;Method|RefreshLocalModlists(bool,IReadOnlyCollection<string>?)|L11855;Method|SetCloudModlistSelection(CloudModlistListEntry?)|L12213;Method|SetLocalModlistSelection(IReadOnlyList<LocalModlistListEntry>)|L12185",,,5,5,0,0
"Method|MiddleTabControl_OnSelectionChanged(object,SelectionChangedEventArgs)|L3075",MiddleTabControl_OnSelectionChanged,"MiddleTabControl_OnSelectionChanged(object,SelectionChangedEventArgs)",3075,3113,39,UpdateModBrowserTabVisibilityState,Method|UpdateModBrowserTabVisibilityState(bool)|L3115,,,1,1,0,0
Method|UpdateModBrowserTabVisibilityState(bool)|L3115,UpdateModBrowserTabVisibilityState,UpdateModBrowserTabVisibilityState(bool),3115,3129,15,,,,,0,0,0,0
Method|SyncMiddleTabControlToViewModel()|L3131,SyncMiddleTabControlToViewModel,SyncMiddleTabControlToViewModel(),3131,3157,27,,,,,0,0,0,0
"Method|ModlistsTabControl_OnSelectionChanged(object,SelectionChangedEventArgs)|L3159",ModlistsTabControl_OnSelectionChanged,"ModlistsTabControl_OnSelectionChanged(object,SelectionChangedEventArgs)",3159,3194,36,EnsureCloudModlistsConsent;EnsureFirebaseAuthBackedUpIfAvailable;HasFirebaseAuthStateFile;RefreshCloudModlistsAsync,Method|EnsureCloudModlistsConsent()|L3227;Method|EnsureFirebaseAuthBackedUpIfAvailable()|L3284;Method|HasFirebaseAuthStateFile()|L3267;Method|RefreshCloudModlistsAsync(bool)|L12066,,,4,4,0,0
"Method|ModlistsTabControl_OnLoaded(object,RoutedEventArgs)|L3196",ModlistsTabControl_OnLoaded,"ModlistsTabControl_OnLoaded(object,RoutedEventArgs)",3196,3199,4,ApplyPreferredModlistsTabSelection,Method|ApplyPreferredModlistsTabSelection()|L3201,,,1,1,0,0
Method|ApplyPreferredModlistsTabSelection()|L3201,ApplyPreferredModlistsTabSelection,ApplyPreferredModlistsTabSelection(),3201,3211,11,,,,,0,0,0,0
"Method|InternetAccessManager_OnInternetAccessChanged(object?,EventArgs)|L3213",InternetAccessManager_OnInternetAccessChanged,"InternetAccessManager_OnInternetAccessChanged(object?,EventArgs)",3213,3225,13,RefreshManagerUpdateLinkAsync;UpdateCloudModlistControlsEnabledState,Method|RefreshManagerUpdateLinkAsync()|L12258;Method|UpdateCloudModlistControlsEnabledState()|L12225,,,2,2,0,0
Method|EnsureCloudModlistsConsent()|L3227,EnsureCloudModlistsConsent,EnsureCloudModlistsConsent(),3227,3238,12,EnsureFirebaseAuthConsent,Method|EnsureFirebaseAuthConsent(string)|L3240,,,1,1,0,0
Method|EnsureFirebaseAuthConsent(string)|L3240,EnsureFirebaseAuthConsent,EnsureFirebaseAuthConsent(string),3240,3265,26,EnsureFirebaseAuthBackedUpIfAvailable,Method|EnsureFirebaseAuthBackedUpIfAvailable()|L3284,,,1,1,0,0
Method|HasFirebaseAuthStateFile()|L3267,HasFirebaseAuthStateFile,HasFirebaseAuthStateFile(),3267,3271,5,,,,,0,0,0,0
Method|EnsureUserReportVotingConsent()|L3273,EnsureUserReportVotingConsent,EnsureUserReportVotingConsent(),3273,3282,10,EnsureFirebaseAuthConsent,Method|EnsureFirebaseAuthConsent(string)|L3240,,,1,1,0,0
Method|EnsureFirebaseAuthBackedUpIfAvailable()|L3284,EnsureFirebaseAuthBackedUpIfAvailable,EnsureFirebaseAuthBackedUpIfAvailable(),3284,3316,33,,,,,0,0,0,0
Method|DeleteFirebaseAuthFiles()|L3318,DeleteFirebaseAuthFiles,DeleteFirebaseAuthFiles(),3318,3329,12,TryDeleteFirebaseAuthFile,Method|TryDeleteFirebaseAuthFile(string)|L3331,,,1,1,0,0
Method|TryDeleteFirebaseAuthFile(string)|L3331,TryDeleteFirebaseAuthFile,TryDeleteFirebaseAuthFile(string),3331,3344,14,,,,,0,0,0,0
Method|UpdateSearchSortingBehavior(bool)|L3346,UpdateSearchSortingBehavior,UpdateSearchSortingBehavior(bool),3346,3351,6,,,,,0,0,0,0
Method|ShouldRefreshAfterDependencyResolution(string?)|L3353,ShouldRefreshAfterDependencyResolution,ShouldRefreshAfterDependencyResolution(string?),3353,3357,5,,,,,0,0,0,0
Method|RefreshModsAfterDependencyResolutionAsync()|L3359,RefreshModsAfterDependencyResolutionAsync,RefreshModsAfterDependencyResolutionAsync(),3359,3383,25,RefreshModsAsync,Method|RefreshModsAsync(bool)|L4175,,,1,1,0,0
Method|ScheduleRefreshAfterModlistLoadIfReady()|L3385,ScheduleRefreshAfterModlistLoadIfReady,ScheduleRefreshAfterModlistLoadIfReady(),3385,3416,32,RefreshModsAsync,Method|RefreshModsAsync(bool)|L4175,,,1,1,0,0
Method|RestoreSortPreference()|L3418,RestoreSortPreference,RestoreSortPreference(),3418,3429,12,ApplyModListSort;UpdateSortPreferenceFromSelectedOption,"Method|ApplyModListSort(string,ListSortDirection,bool)|L3431;Method|UpdateSortPreferenceFromSelectedOption(bool)|L3596",,,2,2,0,0
"Method|ApplyModListSort(string,ListSortDirection,bool)|L3431",ApplyModListSort,"ApplyModListSort(string,ListSortDirection,bool)",3431,3448,18,ApplySortOption;BuildSortDescriptions;BuildSortDisplayName;FindMatchingSortOption;NormalizeSortMemberPath,"Method|ApplySortOption(SortOption,bool)|L3450;Method|BuildSortDescriptions(string,ListSortDirection)|L3548;Method|BuildSortDisplayName(string,ListSortDirection)|L3575;Method|FindMatchingSortOption(string,ListSortDirection)|L3509;Method|NormalizeSortMemberPath(string)|L3485",,,5,5,0,0
"Method|ApplySortOption(SortOption,bool)|L3450",ApplySortOption,"ApplySortOption(SortOption,bool)",3450,3474,25,UpdateSortPreferenceFromSelectedOption,Method|UpdateSortPreferenceFromSelectedOption(bool)|L3596,,,1,1,0,0
Method|IsActiveSortMember(string?)|L3476,IsActiveSortMember,IsActiveSortMember(string?),3476,3483,8,,,,,0,0,0,0
Method|NormalizeSortMemberPath(string)|L3485,NormalizeSortMemberPath,NormalizeSortMemberPath(string),3485,3497,13,IsActiveSortMember,Method|IsActiveSortMember(string?)|L3476,,,1,1,0,0
"Method|SortMemberMatches(string?,string)|L3499",SortMemberMatches,"SortMemberMatches(string?,string)",3499,3507,9,NormalizeSortMemberPath,Method|NormalizeSortMemberPath(string)|L3485,,,1,1,0,0
"Method|FindMatchingSortOption(string,ListSortDirection)|L3509",FindMatchingSortOption,"FindMatchingSortOption(string,ListSortDirection)",3509,3524,16,NormalizeSortMemberPath;SortOptionMatches,"Method|NormalizeSortMemberPath(string)|L3485;Method|SortOptionMatches(SortOption,string,ListSortDirection)|L3526",,,2,2,0,0
"Method|SortOptionMatches(SortOption,string,ListSortDirection)|L3526",SortOptionMatches,"SortOptionMatches(SortOption,string,ListSortDirection)",3526,3546,21,IsActiveSortMember,Method|IsActiveSortMember(string?)|L3476,,,1,1,0,0
"Method|BuildSortDescriptions(string,ListSortDirection)|L3548",BuildSortDescriptions,"BuildSortDescriptions(string,ListSortDirection)",3548,3573,26,IsActiveSortMember,Method|IsActiveSortMember(string?)|L3476,,,1,1,0,0
"Method|BuildSortDisplayName(string,ListSortDirection)|L3575",BuildSortDisplayName,"BuildSortDisplayName(string,ListSortDirection)",3575,3594,20,IsActiveSortMember,Method|IsActiveSortMember(string?)|L3476,,,1,1,0,0
Method|UpdateSortPreferenceFromSelectedOption(bool)|L3596,UpdateSortPreferenceFromSelectedOption,UpdateSortPreferenceFromSelectedOption(bool),3596,3618,23,ClearColumnSortIndicators;UpdateColumnSortVisuals,"Method|ClearColumnSortIndicators()|L3631;Method|UpdateColumnSortVisuals(string,ListSortDirection)|L3620",,,2,2,0,0
"Method|UpdateColumnSortVisuals(string,ListSortDirection)|L3620",UpdateColumnSortVisuals,"UpdateColumnSortVisuals(string,ListSortDirection)",3620,3629,10,SortMemberMatches,"Method|SortMemberMatches(string?,string)|L3499",,,1,1,0,0
Method|ClearColumnSortIndicators()|L3631,ClearColumnSortIndicators,ClearColumnSortIndicators(),3631,3636,6,,,,,0,0,0,0
Method|InitializeViewModelAsync(MainViewModel)|L3638,InitializeViewModelAsync,InitializeViewModelAsync(MainViewModel),3638,3667,30,StartGameSessionMonitor;StartModsWatcher;TryShowModUsagePromptAsync,Method|StartGameSessionMonitor()|L3703;Method|StartModsWatcher()|L3689;Method|TryShowModUsagePromptAsync()|L818,,,3,3,0,0
Method|DisposeCurrentViewModel()|L3669,DisposeCurrentViewModel,DisposeCurrentViewModel(),3669,3678,10,DisposeViewModel;StopGameSessionMonitor,Method|DisposeViewModel(MainViewModel?)|L3680;Method|StopGameSessionMonitor()|L3734,,,2,2,0,0
Method|DisposeViewModel(MainViewModel?)|L3680,DisposeViewModel,DisposeViewModel(MainViewModel?),3680,3687,8,,,,,0,0,0,0
Method|StartModsWatcher()|L3689,StartModsWatcher,StartModsWatcher(),3689,3701,13,StopModsWatcher,Method|StopModsWatcher()|L4138,,,1,1,0,0
Method|StartGameSessionMonitor()|L3703,StartGameSessionMonitor,StartGameSessionMonitor(),3703,3732,30,StopGameSessionMonitor,Method|StopGameSessionMonitor()|L3734,,,1,1,0,0
Method|StopGameSessionMonitor()|L3734,StopGameSessionMonitor,StopGameSessionMonitor(),3734,3741,8,,,,,0,0,0,0
"Method|GameSessionMonitor_OnPromptRequired(object?,EventArgs)|L3743",GameSessionMonitor_OnPromptRequired,"GameSessionMonitor_OnPromptRequired(object?,EventArgs)",3743,3746,4,,,,,0,0,0,0
Method|ScanForModConfigFilesAsync(MainViewModel)|L3748,ScanForModConfigFilesAsync,ScanForModConfigFilesAsync(MainViewModel),3748,3752,5,ScanForModConfigFilesAsync,,ScanForModConfigFilesAsync,,1,0,1,0
"Method|ScanForModConfigFilesAsync(MainViewModel,IReadOnlyCollection<string>?)|L3754",ScanForModConfigFilesAsync,"ScanForModConfigFilesAsync(MainViewModel,IReadOnlyCollection<string>?)",3754,3788,35,ScanForModConfigFilesAsync,,ScanForModConfigFilesAsync,,1,0,1,0
"Method|ScanForModConfigFilesAsync(MainViewModel,IReadOnlyList<ModListItemViewModel>)|L3790",ScanForModConfigFilesAsync,"ScanForModConfigFilesAsync(MainViewModel,IReadOnlyList<ModListItemViewModel>)",3790,3866,77,FindConfigMatches;GetSupportedConfigFiles;UpdateSelectedModEditConfigButton,"Method|FindConfigMatches(IReadOnlyList<(string ModId, string DisplayName)>,IReadOnlyList<string>)|L3868;Method|GetSupportedConfigFiles(string)|L10317;Method|UpdateSelectedModEditConfigButton(ModListItemViewModel?)|L13816",,,3,3,0,0
"Method|FindConfigMatches(IReadOnlyList<(string ModId, string DisplayName)>,IReadOnlyList<string>)|L3868",FindConfigMatches,"FindConfigMatches(IReadOnlyList<(string ModId, string DisplayName)>,IReadOnlyList<string>)",3868,3943,76,BuildModSearchTokenSets;BuildSearchTokens;TryCalculateMatchScore,"Method|BuildModSearchTokenSets(string?,string?)|L4027;Method|BuildSearchTokens(string,bool)|L4075;Method|TryCalculateMatchScore(IReadOnlyList<string>,IReadOnlyList<string>,out int)|L3945",,,3,3,0,0
"Method|TryCalculateMatchScore(IReadOnlyList<string>,IReadOnlyList<string>,out int)|L3945",TryCalculateMatchScore,"TryCalculateMatchScore(IReadOnlyList<string>,IReadOnlyList<string>,out int)",3945,3976,32,CalculateBestDistance,"Method|CalculateBestDistance(string,string,int)|L3978",,,1,1,0,0
"Method|CalculateBestDistance(string,string,int)|L3978",CalculateBestDistance,"CalculateBestDistance(string,string,int)",3978,3986,9,CalculateLevenshteinDistance,"Method|CalculateLevenshteinDistance(ReadOnlySpan<char>,ReadOnlySpan<char>,int)|L3988",,,1,1,0,0
"Method|CalculateLevenshteinDistance(ReadOnlySpan<char>,ReadOnlySpan<char>,int)|L3988",CalculateLevenshteinDistance,"CalculateLevenshteinDistance(ReadOnlySpan<char>,ReadOnlySpan<char>,int)",3988,4025,38,,,,,0,0,0,0
"Method|BuildModSearchTokenSets(string?,string?)|L4027",BuildModSearchTokenSets,"BuildModSearchTokenSets(string?,string?)",4027,4062,36,AreTokenListsEqual;BuildSearchTokens,"Method|AreTokenListsEqual(IReadOnlyList<string>,IReadOnlyList<string>)|L4064;Method|BuildSearchTokens(string,bool)|L4075",,,2,2,0,0
"Method|AreTokenListsEqual(IReadOnlyList<string>,IReadOnlyList<string>)|L4064",AreTokenListsEqual,"AreTokenListsEqual(IReadOnlyList<string>,IReadOnlyList<string>)",4064,4073,10,,,,,0,0,0,0
"Method|BuildSearchTokens(string,bool)|L4075",BuildSearchTokens,"BuildSearchTokens(string,bool)",4075,4087,13,ExtractWords,Method|ExtractWords(string)|L4089,,,1,1,0,0
Method|ExtractWords(string)|L4089,ExtractWords,ExtractWords(string),4089,4136,48,,,,,0,0,0,0
Method|StopModsWatcher()|L4138,StopModsWatcher,StopModsWatcher(),4138,4146,9,,,,,0,0,0,0
"Method|ModsWatcherTimerOnTick(object?,EventArgs)|L4148",ModsWatcherTimerOnTick,"ModsWatcherTimerOnTick(object?,EventArgs)",4148,4173,26,RefreshModsAsync,Method|RefreshModsAsync(bool)|L4175,,,1,1,0,0
Method|RefreshModsAsync(bool)|L4175,RefreshModsAsync,RefreshModsAsync(bool),4175,4207,33,RestoreSelectionFromSourcePaths;SyncInstalledModsToModBrowser,"Method|RestoreSelectionFromSourcePaths(IReadOnlyList<string>,string?)|L13580;Method|SyncInstalledModsToModBrowser()|L2693",,,2,2,0,0
Method|RefreshModDetailsOnly()|L4209,RefreshModDetailsOnly,RefreshModDetailsOnly(),4209,4215,7,,,,,0,0,0,0
Method|TryInitializePaths()|L4217,TryInitializePaths,TryInitializePaths(),4217,4232,16,TryResolveCustomShortcut;TryResolveDataDirectory;TryResolveGameDirectory,Method|TryResolveCustomShortcut()|L4315;Method|TryResolveDataDirectory()|L4234;Method|TryResolveGameDirectory()|L4273,,,3,3,0,0
Method|TryResolveDataDirectory()|L4234,TryResolveDataDirectory,TryResolveDataDirectory(),4234,4271,38,PromptForDirectory;TryValidateDataDirectory,"Method|PromptForDirectory(string,string?,PathValidator,bool)|L4422;Method|TryValidateDataDirectory(string?,out string?,out string?)|L4519",,,2,2,0,0
Method|TryResolveGameDirectory()|L4273,TryResolveGameDirectory,TryResolveGameDirectory(),4273,4313,41,PromptForDirectory;TryValidateGameDirectory,"Method|PromptForDirectory(string,string?,PathValidator,bool)|L4422;Method|TryValidateGameDirectory(string?,out string?,out string?)|L4559",,,2,2,0,0
Method|TryResolveCustomShortcut()|L4315,TryResolveCustomShortcut,TryResolveCustomShortcut(),4315,4338,24,,,,,0,0,0,0
Method|HandleViewModelInitializationFailure(Exception)|L4340,HandleViewModelInitializationFailure,HandleViewModelInitializationFailure(Exception),4340,4356,17,DisposeCurrentViewModel,Method|DisposeCurrentViewModel()|L3669,,,1,1,0,0
Method|ReloadViewModelAsync()|L4358,ReloadViewModelAsync,ReloadViewModelAsync(),4358,4420,63,ApplyColumnVisibilityPreferencesToViewModel;ApplyPlayerIdentityToUiAndCloudStore;AttachToModsView;DisposeViewModel;InitializeViewModelAsync;RefreshDeleteCachedModsMenuHeaderAsync;StartModsWatcher;StopGameSessionMonitor;StopModsWatcher;UpdateGameVersionMenuItem,"Method|ApplyColumnVisibilityPreferencesToViewModel()|L576;Method|ApplyPlayerIdentityToUiAndCloudStore()|L1701;Method|AttachToModsView(ICollectionView?,bool)|L13381;Method|DisposeViewModel(MainViewModel?)|L3680;Method|InitializeViewModelAsync(MainViewModel)|L3638;Method|RefreshDeleteCachedModsMenuHeaderAsync()|L7274;Method|StartModsWatcher()|L3689;Method|StopGameSessionMonitor()|L3734;Method|StopModsWatcher()|L4138;Method|UpdateGameVersionMenuItem(string?)|L1602",,,10,10,0,0
"Method|PromptForDirectory(string,string?,PathValidator,bool)|L4422",PromptForDirectory,"PromptForDirectory(string,string?,PathValidator,bool)",4422,4462,41,,,,,0,0,0,0
"Method|PromptForConfigFile(ModListItemViewModel,string?)|L4464",PromptForConfigFile,"PromptForConfigFile(ModListItemViewModel,string?)",4464,4493,30,GetInitialConfigDirectory,Method|GetInitialConfigDirectory(string?)|L4495,,,1,1,0,0
Method|GetInitialConfigDirectory(string?)|L4495,GetInitialConfigDirectory,GetInitialConfigDirectory(string?),4495,4517,23,,,,,0,0,0,0
"Method|TryValidateDataDirectory(string?,out string?,out string?)|L4519",TryValidateDataDirectory,"TryValidateDataDirectory(string?,out string?,out string?)",4519,4557,39,,,,,0,0,0,0
"Method|TryValidateGameDirectory(string?,out string?,out string?)|L4559",TryValidateGameDirectory,"TryValidateGameDirectory(string?,out string?,out string?)",4559,4608,50,,,,,0,0,0,0
"Method|ModsDataGrid_OnSorting(object,DataGridSortingEventArgs)|L4614",ModsDataGrid_OnSorting,"ModsDataGrid_OnSorting(object,DataGridSortingEventArgs)",4614,4632,19,ApplyModListSort,"Method|ApplyModListSort(string,ListSortDirection,bool)|L3431",,,1,1,0,0
"Method|ModsDataGrid_OnSelectionChanged(object,SelectionChangedEventArgs)|L4634",ModsDataGrid_OnSelectionChanged,"ModsDataGrid_OnSelectionChanged(object,SelectionChangedEventArgs)",4634,4646,13,,,,,0,0,0,0
"Method|ModsDataGrid_OnPreviewKeyDown(object,KeyEventArgs)|L4648",ModsDataGrid_OnPreviewKeyDown,"ModsDataGrid_OnPreviewKeyDown(object,KeyEventArgs)",4648,4651,4,TryHandleModListKeyDownAsync,Method|TryHandleModListKeyDownAsync(KeyEventArgs)|L4724,,,1,1,0,0
"Method|MainWindow_OnPreviewKeyDown(object,KeyEventArgs)|L4653",MainWindow_OnPreviewKeyDown,"MainWindow_OnPreviewKeyDown(object,KeyEventArgs)",4653,4656,4,TryHandleModListKeyDownAsync,Method|TryHandleModListKeyDownAsync(KeyEventArgs)|L4724,,,1,1,0,0
"Method|UserReportsButton_OnClick(object,RoutedEventArgs)|L4658",UserReportsButton_OnClick,"UserReportsButton_OnClick(object,RoutedEventArgs)",4658,4722,65,EnsureUserReportVotingConsent,Method|EnsureUserReportVotingConsent()|L3273,,,1,1,0,0
Method|TryHandleModListKeyDownAsync(KeyEventArgs)|L4724,TryHandleModListKeyDownAsync,TryHandleModListKeyDownAsync(KeyEventArgs),4724,4755,32,DeleteSelectedModsAsync;SelectAllModsInCurrentView,Method|DeleteSelectedModsAsync()|L5167;Method|SelectAllModsInCurrentView()|L13473,,,2,2,0,0
"Method|ModsDataGrid_OnPreviewMouseLeftButtonDown(object,MouseButtonEventArgs)|L4757",ModsDataGrid_OnPreviewMouseLeftButtonDown,"ModsDataGrid_OnPreviewMouseLeftButtonDown(object,MouseButtonEventArgs)",4757,4779,23,ClearSelection;FindAncestor;ShouldIgnoreRowSelection,Method|ClearSelection(bool)|L13537;Method|FindAncestor<T>(DependencyObject?)|L13348;Method|ShouldIgnoreRowSelection(DependencyObject?)|L13839,,,3,3,0,0
"Method|ModsDataGridRow_OnPreviewMouseLeftButtonDown(object,MouseButtonEventArgs)|L4781",ModsDataGridRow_OnPreviewMouseLeftButtonDown,"ModsDataGridRow_OnPreviewMouseLeftButtonDown(object,MouseButtonEventArgs)",4781,4796,16,HandleModRowSelection;ShouldIgnoreRowSelection,Method|HandleModRowSelection(ModListItemViewModel)|L13428;Method|ShouldIgnoreRowSelection(DependencyObject?)|L13839,,,2,2,0,0
"Method|ModDatabaseCard_OnPreviewMouseLeftButtonDown(object,MouseButtonEventArgs)|L4798",ModDatabaseCard_OnPreviewMouseLeftButtonDown,"ModDatabaseCard_OnPreviewMouseLeftButtonDown(object,MouseButtonEventArgs)",4798,4813,16,HandleModRowSelection;ShouldIgnoreRowSelection,Method|HandleModRowSelection(ModListItemViewModel)|L13428;Method|ShouldIgnoreRowSelection(DependencyObject?)|L13839,,,2,2,0,0
"Method|ModsDataGridRow_OnLoaded(object,RoutedEventArgs)|L4815",ModsDataGridRow_OnLoaded,"ModsDataGridRow_OnLoaded(object,RoutedEventArgs)",4815,4828,14,AreHoverOverlaysSuppressed;ResetRowOverlays;SetRowIsHovered;UpdateRowModSubscription,"Method|AreHoverOverlaysSuppressed()|L4915;Method|ResetRowOverlays(DataGridRow)|L4877;Method|SetRowIsHovered(DataGridRow,bool)|L5010;Method|UpdateRowModSubscription(DataGridRow,ModListItemViewModel?)|L4958",,,4,4,0,0
"Method|ModsDataGridRow_OnDataContextChanged(object,DependencyPropertyChangedEventArgs)|L4830",ModsDataGridRow_OnDataContextChanged,"ModsDataGridRow_OnDataContextChanged(object,DependencyPropertyChangedEventArgs)",4830,4839,10,AreHoverOverlaysSuppressed;ResetRowOverlays;UpdateRowModSubscription,"Method|AreHoverOverlaysSuppressed()|L4915;Method|ResetRowOverlays(DataGridRow)|L4877;Method|UpdateRowModSubscription(DataGridRow,ModListItemViewModel?)|L4958",,,3,3,0,0
"Method|ModsDataGridRow_OnUnloaded(object,RoutedEventArgs)|L4841",ModsDataGridRow_OnUnloaded,"ModsDataGridRow_OnUnloaded(object,RoutedEventArgs)",4841,4851,11,AreHoverOverlaysSuppressed;ClearRowOverlayValues;SetRowIsHovered;UpdateRowModSubscription,"Method|AreHoverOverlaysSuppressed()|L4915;Method|ClearRowOverlayValues(DataGridRow)|L4930;Method|SetRowIsHovered(DataGridRow,bool)|L5010;Method|UpdateRowModSubscription(DataGridRow,ModListItemViewModel?)|L4958",,,4,4,0,0
"Method|ModsDataGridRow_OnMouseEnter(object,MouseEventArgs)|L4853",ModsDataGridRow_OnMouseEnter,"ModsDataGridRow_OnMouseEnter(object,MouseEventArgs)",4853,4863,11,AreHoverOverlaysSuppressed;ResetRowOverlays;SetRowIsHovered,"Method|AreHoverOverlaysSuppressed()|L4915;Method|ResetRowOverlays(DataGridRow)|L4877;Method|SetRowIsHovered(DataGridRow,bool)|L5010",,,3,3,0,0
"Method|ModsDataGridRow_OnMouseLeave(object,MouseEventArgs)|L4865",ModsDataGridRow_OnMouseLeave,"ModsDataGridRow_OnMouseLeave(object,MouseEventArgs)",4865,4875,11,AreHoverOverlaysSuppressed;ResetRowOverlays;SetRowIsHovered,"Method|AreHoverOverlaysSuppressed()|L4915;Method|ResetRowOverlays(DataGridRow)|L4877;Method|SetRowIsHovered(DataGridRow,bool)|L5010",,,3,3,0,0
Method|ResetRowOverlays(DataGridRow)|L4877,ResetRowOverlays,ResetRowOverlays(DataGridRow),4877,4913,37,AreHoverEffectsDisabled;AreHoverOverlaysSuppressed;GetRowIsHovered,Method|AreHoverEffectsDisabled(DependencyObject)|L4925;Method|AreHoverOverlaysSuppressed(DataGridRow)|L4920;Method|GetRowIsHovered(DataGridRow)|L5015,,,3,3,0,0
Method|AreHoverOverlaysSuppressed()|L4915,AreHoverOverlaysSuppressed,AreHoverOverlaysSuppressed(),4915,4918,4,,,,,0,0,0,0
Method|AreHoverOverlaysSuppressed(DataGridRow)|L4920,AreHoverOverlaysSuppressed,AreHoverOverlaysSuppressed(DataGridRow),4920,4923,4,,,,,0,0,0,0
Method|AreHoverEffectsDisabled(DependencyObject)|L4925,AreHoverEffectsDisabled,AreHoverEffectsDisabled(DependencyObject),4925,4928,4,,,,,0,0,0,0
Method|ClearRowOverlayValues(DataGridRow)|L4930,ClearRowOverlayValues,ClearRowOverlayValues(DataGridRow),4930,4940,11,,,,,0,0,0,0
Method|RefreshHoverOverlayState()|L4942,RefreshHoverOverlayState,RefreshHoverOverlayState(),4942,4946,5,RefreshRowHoverOverlays,Method|RefreshRowHoverOverlays(DataGrid?)|L4948,,,1,1,0,0
Method|RefreshRowHoverOverlays(DataGrid?)|L4948,RefreshRowHoverOverlays,RefreshRowHoverOverlays(DataGrid?),4948,4956,9,ResetRowOverlays,Method|ResetRowOverlays(DataGridRow)|L4877,,,1,1,0,0
"Method|UpdateRowModSubscription(DataGridRow,ModListItemViewModel?)|L4958",UpdateRowModSubscription,"UpdateRowModSubscription(DataGridRow,ModListItemViewModel?)",4958,4988,31,AreHoverOverlaysSuppressed;GetBoundMod;GetBoundModHandler;ResetRowOverlays;SetBoundMod;SetBoundModHandler,"Method|AreHoverOverlaysSuppressed(DataGridRow)|L4920;Method|GetBoundMod(DataGridRow)|L4995;Method|GetBoundModHandler(DataGridRow)|L5005;Method|ResetRowOverlays(DataGridRow)|L4877;Method|SetBoundMod(DataGridRow,ModListItemViewModel?)|L4990;Method|SetBoundModHandler(DataGridRow,PropertyChangedEventHandler?)|L5000",,,6,6,0,0
"Method|SetBoundMod(DataGridRow,ModListItemViewModel?)|L4990",SetBoundMod,"SetBoundMod(DataGridRow,ModListItemViewModel?)",4990,4993,4,,,,,0,0,0,0
Method|GetBoundMod(DataGridRow)|L4995,GetBoundMod,GetBoundMod(DataGridRow),4995,4998,4,,,,,0,0,0,0
"Method|SetBoundModHandler(DataGridRow,PropertyChangedEventHandler?)|L5000",SetBoundModHandler,"SetBoundModHandler(DataGridRow,PropertyChangedEventHandler?)",5000,5003,4,,,,,0,0,0,0
Method|GetBoundModHandler(DataGridRow)|L5005,GetBoundModHandler,GetBoundModHandler(DataGridRow),5005,5008,4,,,,,0,0,0,0
"Method|SetRowIsHovered(DataGridRow,bool)|L5010",SetRowIsHovered,"SetRowIsHovered(DataGridRow,bool)",5010,5013,4,,,,,0,0,0,0
Method|GetRowIsHovered(DataGridRow)|L5015,GetRowIsHovered,GetRowIsHovered(DataGridRow),5015,5018,4,,,,,0,0,0,0
"Method|ModDatabasePageButton_OnClick(object,RoutedEventArgs)|L5020",ModDatabasePageButton_OnClick,"ModDatabasePageButton_OnClick(object,RoutedEventArgs)",5020,5028,9,,,,,0,0,0,0
"Method|SelectedModCopyForServerButton_OnClick(object,RoutedEventArgs)|L5030",SelectedModCopyForServerButton_OnClick,"SelectedModCopyForServerButton_OnClick(object,RoutedEventArgs)",5030,5055,26,ReportStatus,"Method|ReportStatus(string,bool)|L502",,,1,1,0,0
"Method|EditConfigButton_OnClick(object,RoutedEventArgs)|L5057",EditConfigButton_OnClick,"EditConfigButton_OnClick(object,RoutedEventArgs)",5057,5142,86,PromptForConfigFile;ReportStatus;UpdateSelectedModEditConfigButton,"Method|PromptForConfigFile(ModListItemViewModel,string?)|L4464;Method|ReportStatus(string,bool)|L502;Method|UpdateSelectedModEditConfigButton(ModListItemViewModel?)|L13816",,,3,3,0,0
"Method|DeleteModButton_OnClick(object,RoutedEventArgs)|L5144",DeleteModButton_OnClick,"DeleteModButton_OnClick(object,RoutedEventArgs)",5144,5159,16,DeleteSelectedModsAsync;DeleteSingleModAsync,Method|DeleteSelectedModsAsync()|L5167;Method|DeleteSingleModAsync(ModListItemViewModel)|L5181,,,2,2,0,0
"Method|CloseModInfoButton_OnClick(object,RoutedEventArgs)|L5161",CloseModInfoButton_OnClick,"CloseModInfoButton_OnClick(object,RoutedEventArgs)",5161,5165,5,ClearSelection,Method|ClearSelection(bool)|L13537,,,1,1,0,0
Method|DeleteSelectedModsAsync()|L5167,DeleteSelectedModsAsync,DeleteSelectedModsAsync(),5167,5179,13,DeleteMultipleModsAsync;DeleteSingleModAsync,Method|DeleteMultipleModsAsync(IReadOnlyList<ModListItemViewModel>)|L5222;Method|DeleteSingleModAsync(ModListItemViewModel)|L5181,,,2,2,0,0
Method|DeleteSingleModAsync(ModListItemViewModel)|L5181,DeleteSingleModAsync,DeleteSingleModAsync(ModListItemViewModel),5181,5220,40,CreateAutomaticBackupAsync;RefreshModsAsync;ReportStatus;TryDeleteModAtPath;TryGetManagedModPath,"Method|CreateAutomaticBackupAsync(string)|L9696;Method|RefreshModsAsync(bool)|L4175;Method|ReportStatus(string,bool)|L502;Method|TryDeleteModAtPath(ModListItemViewModel,string)|L5295;Method|TryGetManagedModPath(ModListItemViewModel,out string,out string?)|L8910",,,5,5,0,0
Method|DeleteMultipleModsAsync(IReadOnlyList<ModListItemViewModel>)|L5222,DeleteMultipleModsAsync,DeleteMultipleModsAsync(IReadOnlyList<ModListItemViewModel>),5222,5293,72,CreateAutomaticBackupAsync;RefreshModsAsync;ReportStatus;TryDeleteModAtPath;TryGetManagedModPath,"Method|CreateAutomaticBackupAsync(string)|L9696;Method|RefreshModsAsync(bool)|L4175;Method|ReportStatus(string,bool)|L502;Method|TryDeleteModAtPath(ModListItemViewModel,string)|L5295;Method|TryGetManagedModPath(ModListItemViewModel,out string,out string?)|L8910",,,5,5,0,0
"Method|TryDeleteModAtPath(ModListItemViewModel,string)|L5295",TryDeleteModAtPath,"TryDeleteModAtPath(ModListItemViewModel,string)",5295,5333,39,,,,,0,0,0,0
"Method|FixModButton_OnClick(object,RoutedEventArgs)|L5335",FixModButton_OnClick,"FixModButton_OnClick(object,RoutedEventArgs)",5335,5453,119,InstallOrUpdateDependencyAsync;ReportStatus;UpdateSelectedModButtons,"Method|InstallOrUpdateDependencyAsync(ModDependencyInfo,ModListItemViewModel?)|L5559;Method|ReportStatus(string,bool)|L502;Method|UpdateSelectedModButtons()|L13703",,,3,3,0,0
"Method|InstallModButton_OnClick(object,RoutedEventArgs)|L5455",InstallModButton_OnClick,"InstallModButton_OnClick(object,RoutedEventArgs)",5455,5557,103,CreateAutomaticBackupAsync;RefreshModsAsync;RemoveFromSelection;ReportStatus;SelectReleaseForInstall;TryGetInstallTargetPath;UpdateSelectedModButtons,"Method|CreateAutomaticBackupAsync(string)|L9696;Method|RefreshModsAsync(bool)|L4175;Method|RemoveFromSelection(ModListItemViewModel)|L13528;Method|ReportStatus(string,bool)|L502;Method|SelectReleaseForInstall(ModListItemViewModel)|L5698;Method|TryGetInstallTargetPath(ModListItemViewModel,ModReleaseInfo,out string,out string?)|L8991;Method|UpdateSelectedModButtons()|L13703",,,7,7,0,0
"Method|InstallOrUpdateDependencyAsync(ModDependencyInfo,ModListItemViewModel?)|L5559",InstallOrUpdateDependencyAsync,"InstallOrUpdateDependencyAsync(ModDependencyInfo,ModListItemViewModel?)",5559,5655,97,ReportStatus;SelectReleaseForDependency;TryGetDependencyInstallTargetPath;TryGetManagedModPath;TryGetUpdateTargetPath,"Method|ReportStatus(string,bool)|L502;Method|SelectReleaseForDependency(ModDependencyInfo,ModDatabaseInfo)|L5657;Method|TryGetDependencyInstallTargetPath(string,ModReleaseInfo,out string,out string?)|L8950;Method|TryGetManagedModPath(ModListItemViewModel,out string,out string?)|L8910;Method|TryGetUpdateTargetPath(ModListItemViewModel,ModReleaseInfo,string,out string,out string?)|L9032",,,5,5,0,0
"Method|SelectReleaseForDependency(ModDependencyInfo,ModDatabaseInfo)|L5657",SelectReleaseForDependency,"SelectReleaseForDependency(ModDependencyInfo,ModDatabaseInfo)",5657,5696,40,,,,,0,0,0,0
Method|SelectReleaseForInstall(ModListItemViewModel)|L5698,SelectReleaseForInstall,SelectReleaseForInstall(ModListItemViewModel),5698,5705,8,,,,,0,0,0,0
"Method|UpdateModButton_OnClick(object,RoutedEventArgs)|L5707",UpdateModButton_OnClick,"UpdateModButton_OnClick(object,RoutedEventArgs)",5707,5723,17,UpdateModsAsync,"Method|UpdateModsAsync(IReadOnlyList<ModListItemViewModel>,bool,IReadOnlyDictionary<ModListItemViewModel, ModReleaseInfo>?,bool,Func<ModListItemViewModel, ModReleaseInfo, IProgress<ModUpdateProgress>?>?,Action<ModListItemViewModel, ModReleaseInfo, ModUpdateResult>?)|L13891",,,1,1,0,0
"Method|SelectedModVersionComboBox_OnSelectionChanged(object,SelectionChangedEventArgs)|L5725",SelectedModVersionComboBox_OnSelectionChanged,"SelectedModVersionComboBox_OnSelectionChanged(object,SelectionChangedEventArgs)",5725,5749,25,UpdateModsAsync,"Method|UpdateModsAsync(IReadOnlyList<ModListItemViewModel>,bool,IReadOnlyDictionary<ModListItemViewModel, ModReleaseInfo>?,bool,Func<ModListItemViewModel, ModReleaseInfo, IProgress<ModUpdateProgress>?>?,Action<ModListItemViewModel, ModReleaseInfo, ModUpdateResult>?)|L13891",,,1,1,0,0
"Method|SelectedModVersionComboBox_OnDropDownOpened(object,EventArgs)|L5751",SelectedModVersionComboBox_OnDropDownOpened,"SelectedModVersionComboBox_OnDropDownOpened(object,EventArgs)",5751,5771,21,FindDescendantScrollViewer,Method|FindDescendantScrollViewer(DependencyObject?)|L13875,,,1,1,0,0
"Method|UpdateAllModsMenuItem_OnClick(object,RoutedEventArgs)|L5773",UpdateAllModsMenuItem_OnClick,"UpdateAllModsMenuItem_OnClick(object,RoutedEventArgs)",5773,5822,50,CreateAutomaticBackupAsync;UpdateModsAsync,"Method|CreateAutomaticBackupAsync(string)|L9696;Method|UpdateModsAsync(IReadOnlyList<ModListItemViewModel>,bool,IReadOnlyDictionary<ModListItemViewModel, ModReleaseInfo>?,bool,Func<ModListItemViewModel, ModReleaseInfo, IProgress<ModUpdateProgress>?>?,Action<ModListItemViewModel, ModReleaseInfo, ModUpdateResult>?)|L13891",,,2,2,0,0
"Method|CheckModsCompatibilityMenuItem_OnClick(object,RoutedEventArgs)|L5824",CheckModsCompatibilityMenuItem_OnClick,"CheckModsCompatibilityMenuItem_OnClick(object,RoutedEventArgs)",5824,5928,105,EvaluateCompatibility,"Method|EvaluateCompatibility(ModListItemViewModel,string,string,bool)|L5930",,,1,1,0,0
"Method|EvaluateCompatibility(ModListItemViewModel,string,string,bool)|L5930",EvaluateCompatibility,"EvaluateCompatibility(ModListItemViewModel,string,string,bool)",5930,6005,76,ReleaseSupportsVersion,"Method|ReleaseSupportsVersion(ModReleaseInfo,string,bool)|L6007",,,1,1,0,0
"Method|ReleaseSupportsVersion(ModReleaseInfo,string,bool)|L6007",ReleaseSupportsVersion,"ReleaseSupportsVersion(ModReleaseInfo,string,bool)",6007,6019,13,,,,,0,0,0,0
"Method|ModsMenuItem_OnSubmenuOpened(object,RoutedEventArgs)|L6021",ModsMenuItem_OnSubmenuOpened,"ModsMenuItem_OnSubmenuOpened(object,RoutedEventArgs)",6021,6024,4,RefreshDeleteCachedModsMenuHeaderAsync,Method|RefreshDeleteCachedModsMenuHeaderAsync()|L7274,,,1,1,0,0
"Method|DeleteCachedModsMenuItem_OnClick(object,RoutedEventArgs)|L6026",DeleteCachedModsMenuItem_OnClick,"DeleteCachedModsMenuItem_OnClick(object,RoutedEventArgs)",6026,6079,54,GetCachedModsDirectory;RefreshDeleteCachedModsMenuHeaderAsync,Method|GetCachedModsDirectory()|L7355;Method|RefreshDeleteCachedModsMenuHeaderAsync()|L7274,,,2,2,0,0
"Method|SaveInstalledModsPdfMenuItem_OnClick(object,RoutedEventArgs)|L6081",SaveInstalledModsPdfMenuItem_OnClick,"SaveInstalledModsPdfMenuItem_OnClick(object,RoutedEventArgs)",6081,6139,59,BuildCloudModlistName;BuildModConfigOptions;GetUploaderNameForPdf;ResolveGameVersion;TryReadModConfigurations;TrySaveInstalledModsPdf,"Method|BuildCloudModlistName()|L9918;Method|BuildModConfigOptions(bool)|L10182;Method|GetUploaderNameForPdf()|L10053;Method|ResolveGameVersion(string?)|L9355;Method|TryReadModConfigurations(IReadOnlyList<ModConfigOption>)|L10211;Method|TrySaveInstalledModsPdf(string,string?,string?,string,IReadOnlyDictionary<string, IReadOnlyList<ModConfigurationSnapshot>>?,string?,IReadOnlyList<ModListItemViewModel>?)|L6141",,,6,6,0,0
"Method|TrySaveInstalledModsPdf(string,string?,string?,string,IReadOnlyDictionary<string, IReadOnlyList<ModConfigurationSnapshot>>?,string?,IReadOnlyList<ModListItemViewModel>?)|L6141",TrySaveInstalledModsPdf,"TrySaveInstalledModsPdf(string,string?,string?,string,IReadOnlyDictionary<string, IReadOnlyList<ModConfigurationSnapshot>>?,string?,IReadOnlyList<ModListItemViewModel>?)",6141,6266,126,BuildSerializableConfigList;BuildSerializablePreset;BuildSuggestedFileName;EnsureModListDirectory;GenerateInstalledModsPdf;GetUploaderNameForPdf;ResolveGameVersion,"Method|BuildSerializableConfigList(IReadOnlyDictionary<string, IReadOnlyList<ModConfigurationSnapshot>>?)|L9363;Method|BuildSerializablePreset(string,bool,bool,IReadOnlyDictionary<string, IReadOnlyList<ModConfigurationSnapshot>>?,string?)|L9290;Method|BuildSuggestedFileName(string?,string)|L12541;Method|EnsureModListDirectory()|L12502;Method|GenerateInstalledModsPdf(string,string,string?,string?,string,string?,IReadOnlyList<ModListItemViewModel>,SerializablePreset,SerializableConfigList?)|L9939;Method|GetUploaderNameForPdf()|L10053;Method|ResolveGameVersion(string?)|L9355",,,7,7,0,0
"Method|ManagerDataFolderMenuItem_OnClick(object,RoutedEventArgs)|L6268",ManagerDataFolderMenuItem_OnClick,"ManagerDataFolderMenuItem_OnClick(object,RoutedEventArgs)",6268,6296,29,GetManagerDataDirectory;OpenFolder,"Method|GetManagerDataDirectory()|L7360;Method|OpenFolder(string?,string)|L8854",,,2,2,0,0
"Method|ManagerModDbPageMenuItem_OnClick(object,RoutedEventArgs)|L6298",ManagerModDbPageMenuItem_OnClick,"ManagerModDbPageMenuItem_OnClick(object,RoutedEventArgs)",6298,6301,4,OpenManagerModDatabasePage,Method|OpenManagerModDatabasePage()|L6789,,,1,1,0,0
"Method|ChangeManagerFolderMenuItem_OnClick(object,RoutedEventArgs)|L6303",ChangeManagerFolderMenuItem_OnClick,"ChangeManagerFolderMenuItem_OnClick(object,RoutedEventArgs)",6303,6424,122,HandleResetManagerFolder;MoveDirectoryContents;RestartApplication,"Method|HandleResetManagerFolder(string)|L6490;Method|MoveDirectoryContents(string,string)|L6426;Method|RestartApplication()|L6586",,,3,3,0,0
"Method|MoveDirectoryContents(string,string)|L6426",MoveDirectoryContents,"MoveDirectoryContents(string,string)",6426,6488,63,MoveDirectoryContents,"Method|MoveDirectoryContents(string,string)|L6426",,,1,1,0,0
Method|HandleResetManagerFolder(string)|L6490,HandleResetManagerFolder,HandleResetManagerFolder(string),6490,6584,95,MoveDirectoryContents;RestartApplication,"Method|MoveDirectoryContents(string,string)|L6426;Method|RestartApplication()|L6586",,,2,2,0,0
Method|RestartApplication()|L6586,RestartApplication,RestartApplication(),6586,6615,30,,,,,0,0,0,0
"Method|HelpMenuItem_OnClick(object,RoutedEventArgs)|L6617",HelpMenuItem_OnClick,"HelpMenuItem_OnClick(object,RoutedEventArgs)",6617,6628,12,,,,,0,0,0,0
"Method|GuideMenuItem_OnClick(object,RoutedEventArgs)|L6630",GuideMenuItem_OnClick,"GuideMenuItem_OnClick(object,RoutedEventArgs)",6630,6642,13,,,,,0,0,0,0
"Method|ScanForModConfigsMenuItem_OnClick(object,RoutedEventArgs)|L6644",ScanForModConfigsMenuItem_OnClick,"ScanForModConfigsMenuItem_OnClick(object,RoutedEventArgs)",6644,6739,96,ScanForModConfigFilesAsync,Method|ScanForModConfigFilesAsync(MainViewModel)|L3748,,,1,1,0,0
"Method|ManagerUpdateLink_OnRequestNavigate(object,RequestNavigateEventArgs)|L6741",ManagerUpdateLink_OnRequestNavigate,"ManagerUpdateLink_OnRequestNavigate(object,RequestNavigateEventArgs)",6741,6745,5,OpenManagerModDatabasePage,Method|OpenManagerModDatabasePage()|L6789,,,1,1,0,0
"Method|DiscordButton_OnClick(object,RoutedEventArgs)|L6747",DiscordButton_OnClick,"DiscordButton_OnClick(object,RoutedEventArgs)",6747,6780,34,,,,,0,0,0,0
"Method|ModUsagePromptLink_OnClick(object,RoutedEventArgs)|L6782",ModUsagePromptLink_OnClick,"ModUsagePromptLink_OnClick(object,RoutedEventArgs)",6782,6787,6,ShowModUsagePromptDialogAsync,Method|ShowModUsagePromptDialogAsync()|L962,,,1,1,0,0
Method|OpenManagerModDatabasePage()|L6789,OpenManagerModDatabasePage,OpenManagerModDatabasePage(),6789,6817,29,,,,,0,0,0,0
"Method|ExperimentalCompReviewMenuItem_OnClick(object,RoutedEventArgs)|L6819",ExperimentalCompReviewMenuItem_OnClick,"ExperimentalCompReviewMenuItem_OnClick(object,RoutedEventArgs)",6819,6879,61,BuildExperimentalCompReviewMessage;ResolveExperimentalCompReviewIdentifier,Method|BuildExperimentalCompReviewMessage(ModCompatibilityCommentsService.ExperimentalCompReviewResult)|L6881;Method|ResolveExperimentalCompReviewIdentifier(ModListItemViewModel)|L6928,,,2,2,0,0
Method|BuildExperimentalCompReviewMessage(ModCompatibilityCommentsService.ExperimentalCompReviewResult)|L6881,BuildExperimentalCompReviewMessage,BuildExperimentalCompReviewMessage(ModCompatibilityCommentsService.ExperimentalCompReviewResult),6881,6901,21,FormatExperimentalCompReviewScore,Method|FormatExperimentalCompReviewScore(double)|L6903,,,1,1,0,0
Method|FormatExperimentalCompReviewScore(double)|L6903,FormatExperimentalCompReviewScore,FormatExperimentalCompReviewScore(double),6903,6907,5,,,,,0,0,0,0
"Method|DeleteCloudAuthMenuItem_OnClick(object,RoutedEventArgs)|L6909",DeleteCloudAuthMenuItem_OnClick,"DeleteCloudAuthMenuItem_OnClick(object,RoutedEventArgs)",6909,6926,18,DeleteAllCloudModlistsAndAuthorizationAsync;ExecuteCloudOperationAsync,"Method|DeleteAllCloudModlistsAndAuthorizationAsync(FirebaseModlistStore,bool)|L11751;Method|ExecuteCloudOperationAsync(Func<FirebaseModlistStore, Task>,string)|L11456",,,2,2,0,0
Method|ResolveExperimentalCompReviewIdentifier(ModListItemViewModel)|L6928,ResolveExperimentalCompReviewIdentifier,ResolveExperimentalCompReviewIdentifier(ModListItemViewModel),6928,6936,9,TryExtractModSlug,Method|TryExtractModSlug(string?)|L6938,,,1,1,0,0
Method|TryExtractModSlug(string?)|L6938,TryExtractModSlug,TryExtractModSlug(string?),6938,6971,34,,,,,0,0,0,0
"Method|ClearAllCachesMenuItem_OnClick(object,RoutedEventArgs)|L6973",ClearAllCachesMenuItem_OnClick,"ClearAllCachesMenuItem_OnClick(object,RoutedEventArgs)",6973,7088,116,,,,,0,0,0,0
"Method|RestoreFirebaseAuthBackupMenuItem_OnClick(object,RoutedEventArgs)|L7090",RestoreFirebaseAuthBackupMenuItem_OnClick,"RestoreFirebaseAuthBackupMenuItem_OnClick(object,RoutedEventArgs)",7090,7166,77,,,,,0,0,0,0
"Method|DeleteAllManagerFilesMenuItem_OnClick(object,RoutedEventArgs)|L7168",DeleteAllManagerFilesMenuItem_OnClick,"DeleteAllManagerFilesMenuItem_OnClick(object,RoutedEventArgs)",7168,7239,72,DeleteAllCloudModlistsAndAuthorizationAsync;DeleteAllManagerFiles;ExecuteCloudOperationAsync;SwitchToInstalledModsTab,"Method|DeleteAllCloudModlistsAndAuthorizationAsync(FirebaseModlistStore,bool)|L11751;Method|DeleteAllManagerFiles(string?)|L7365;Method|ExecuteCloudOperationAsync(Func<FirebaseModlistStore, Task>,string)|L11456;Method|SwitchToInstalledModsTab()|L7241",,,4,4,0,0
Method|SwitchToInstalledModsTab()|L7241,SwitchToInstalledModsTab,SwitchToInstalledModsTab(),7241,7245,5,,,,,0,0,0,0
Method|PrepareForModlistLoad()|L7247,PrepareForModlistLoad,PrepareForModlistLoad(),7247,7251,5,ClearSelection;SwitchToInstalledModsTab,Method|ClearSelection(bool)|L13537;Method|SwitchToInstalledModsTab()|L7241,,,2,2,0,0
Method|UpdateModlistLoadingUiState()|L7254,UpdateModlistLoadingUiState,UpdateModlistLoadingUiState(),7254,7272,19,,,,,0,0,0,0
Method|RefreshDeleteCachedModsMenuHeaderAsync()|L7274,RefreshDeleteCachedModsMenuHeaderAsync,RefreshDeleteCachedModsMenuHeaderAsync(),7274,7292,19,CalculateDirectorySize;GetCachedModsDirectory,Method|CalculateDirectorySize(string)|L7294;Method|GetCachedModsDirectory()|L7355,,,2,2,0,0
Method|CalculateDirectorySize(string)|L7294,CalculateDirectorySize,CalculateDirectorySize(string),7294,7353,60,,,,,0,0,0,0
Method|GetCachedModsDirectory()|L7355,GetCachedModsDirectory,GetCachedModsDirectory(),7355,7358,4,,,,,0,0,0,0
Method|GetManagerDataDirectory()|L7360,GetManagerDataDirectory,GetManagerDataDirectory(),7360,7363,4,,,,,0,0,0,0
Method|DeleteAllManagerFiles(string?)|L7365,DeleteAllManagerFiles,DeleteAllManagerFiles(string?),7365,7427,63,AddCandidateDirectory;AddCandidateFile;TryCombineSpecialFolder,"Method|AddCandidateDirectory(ISet<string>,string?)|L7429;Method|AddCandidateFile(ISet<string>,string?)|L7437;Method|TryCombineSpecialFolder(Environment.SpecialFolder,string)|L7445",,,3,3,0,0
"Method|AddCandidateDirectory(ISet<string>,string?)|L7429",AddCandidateDirectory,"AddCandidateDirectory(ISet<string>,string?)",7429,7435,7,TryNormalizePath,Method|TryNormalizePath(string?)|L7477,,,1,1,0,0
"Method|AddCandidateFile(ISet<string>,string?)|L7437",AddCandidateFile,"AddCandidateFile(ISet<string>,string?)",7437,7443,7,TryNormalizePath,Method|TryNormalizePath(string?)|L7477,,,1,1,0,0
"Method|TryCombineSpecialFolder(Environment.SpecialFolder,string)|L7445",TryCombineSpecialFolder,"TryCombineSpecialFolder(Environment.SpecialFolder,string)",7445,7459,15,TryGetSpecialFolderPath,Method|TryGetSpecialFolderPath(Environment.SpecialFolder)|L7461,,,1,1,0,0
Method|TryGetSpecialFolderPath(Environment.SpecialFolder)|L7461,TryGetSpecialFolderPath,TryGetSpecialFolderPath(Environment.SpecialFolder),7461,7475,15,,,,,0,0,0,0
Method|TryNormalizePath(string?)|L7477,TryNormalizePath,TryNormalizePath(string?),7477,7490,14,,,,,0,0,0,0
Method|RefreshModsWithErrorHandlingAsync()|L7492,RefreshModsWithErrorHandlingAsync,RefreshModsWithErrorHandlingAsync(),7492,7516,25,RefreshModDetailsOnly,Method|RefreshModDetailsOnly()|L4209,,,1,1,0,0
Method|ClearManagerCaches(bool)|L7518,ClearManagerCaches,ClearManagerCaches(bool),7518,7544,27,BuildCacheClearErrorMessage;ClearCachedModsDirectory,"Method|BuildCacheClearErrorMessage(string,Exception)|L7553;Method|ClearCachedModsDirectory(string)|L7546",,,2,2,0,0
Method|ClearCachedModsDirectory(string)|L7546,ClearCachedModsDirectory,ClearCachedModsDirectory(string),7546,7551,6,,,,,0,0,0,0
"Method|BuildCacheClearErrorMessage(string,Exception)|L7553",BuildCacheClearErrorMessage,"BuildCacheClearErrorMessage(string,Exception)",7553,7570,18,,,,,0,0,0,0
Method|OnActiveGameProfileChangedAsync()|L7572,OnActiveGameProfileChangedAsync,OnActiveGameProfileChangedAsync(),7572,7580,9,RefreshDeveloperProfilesMenuEntries;ReloadViewModelAsync;TryInitializePaths;UpdateActiveGameProfileDisplay;UpdateGameVersionMenuItem;UpdateSyncToServerMenuState,Method|RefreshDeveloperProfilesMenuEntries()|L7752;Method|ReloadViewModelAsync()|L4358;Method|TryInitializePaths()|L4217;Method|UpdateActiveGameProfileDisplay()|L7843;Method|UpdateGameVersionMenuItem(string?)|L1602;Method|UpdateSyncToServerMenuState()|L8034,,,6,6,0,0
"Method|GameProfilesMenuItem_OnSubmenuOpened(object,RoutedEventArgs)|L7582",GameProfilesMenuItem_OnSubmenuOpened,"GameProfilesMenuItem_OnSubmenuOpened(object,RoutedEventArgs)",7582,7586,5,RefreshGameProfileMenuItems;UpdateGameProfileMenuChecks,Method|RefreshGameProfileMenuItems()|L7792;Method|UpdateGameProfileMenuChecks()|L7834,,,2,2,0,0
"Method|CreateGameProfileMenuItem_OnClick(object,RoutedEventArgs)|L7588",CreateGameProfileMenuItem_OnClick,"CreateGameProfileMenuItem_OnClick(object,RoutedEventArgs)",7588,7638,51,OnActiveGameProfileChangedAsync;RefreshGameProfileMenuItems;UpdateGameProfileMenuChecks,Method|OnActiveGameProfileChangedAsync()|L7572;Method|RefreshGameProfileMenuItems()|L7792;Method|UpdateGameProfileMenuChecks()|L7834,,,3,3,0,0
"Method|EditGameProfileMenuItem_OnClick(object,RoutedEventArgs)|L7640",EditGameProfileMenuItem_OnClick,"EditGameProfileMenuItem_OnClick(object,RoutedEventArgs)",7640,7670,31,UpdateSyncToServerMenuState,Method|UpdateSyncToServerMenuState()|L8034,,,1,1,0,0
"Method|DeleteGameProfileMenuItem_OnClick(object,RoutedEventArgs)|L7672",DeleteGameProfileMenuItem_OnClick,"DeleteGameProfileMenuItem_OnClick(object,RoutedEventArgs)",7672,7698,27,OnActiveGameProfileChangedAsync;RefreshGameProfileMenuItems;UpdateGameProfileMenuChecks,Method|OnActiveGameProfileChangedAsync()|L7572;Method|RefreshGameProfileMenuItems()|L7792;Method|UpdateGameProfileMenuChecks()|L7834,,,3,3,0,0
"Method|GameProfileMenuItem_OnClick(object,RoutedEventArgs)|L7700",GameProfileMenuItem_OnClick,"GameProfileMenuItem_OnClick(object,RoutedEventArgs)",7700,7714,15,OnActiveGameProfileChangedAsync;UpdateGameProfileMenuChecks,Method|OnActiveGameProfileChangedAsync()|L7572;Method|UpdateGameProfileMenuChecks()|L7834,,,2,2,0,0
"Method|SelectDataFolderMenuItem_OnClick(object,RoutedEventArgs)|L7716",SelectDataFolderMenuItem_OnClick,"SelectDataFolderMenuItem_OnClick(object,RoutedEventArgs)",7716,7733,18,PromptForDirectory;RefreshDeveloperProfilesMenuEntries;ReloadViewModelAsync,"Method|PromptForDirectory(string,string?,PathValidator,bool)|L4422;Method|RefreshDeveloperProfilesMenuEntries()|L7752;Method|ReloadViewModelAsync()|L4358",,,3,3,0,0
"Method|SelectGameFolderMenuItem_OnClick(object,RoutedEventArgs)|L7735",SelectGameFolderMenuItem_OnClick,"SelectGameFolderMenuItem_OnClick(object,RoutedEventArgs)",7735,7750,16,PromptForDirectory;UpdateGameVersionMenuItem,"Method|PromptForDirectory(string,string?,PathValidator,bool)|L4422;Method|UpdateGameVersionMenuItem(string?)|L1602",,,2,2,0,0
Method|RefreshDeveloperProfilesMenuEntries()|L7752,RefreshDeveloperProfilesMenuEntries,RefreshDeveloperProfilesMenuEntries(),7752,7790,39,UpdateDeveloperProfileMenuChecks,Method|UpdateDeveloperProfileMenuChecks()|L7862,,,1,1,0,0
Method|RefreshGameProfileMenuItems()|L7792,RefreshGameProfileMenuItems,RefreshGameProfileMenuItems(),7792,7832,41,UpdateActiveGameProfileDisplay,Method|UpdateActiveGameProfileDisplay()|L7843,,,1,1,0,0
Method|UpdateGameProfileMenuChecks()|L7834,UpdateGameProfileMenuChecks,UpdateGameProfileMenuChecks(),7834,7841,8,,,,,0,0,0,0
Method|UpdateActiveGameProfileDisplay()|L7843,UpdateActiveGameProfileDisplay,UpdateActiveGameProfileDisplay(),7843,7860,18,,,,,0,0,0,0
Method|UpdateDeveloperProfileMenuChecks()|L7862,UpdateDeveloperProfileMenuChecks,UpdateDeveloperProfileMenuChecks(),7862,7880,19,,,,,0,0,0,0
"Method|DeveloperProfileMenuItem_OnClick(object,RoutedEventArgs)|L7882",DeveloperProfileMenuItem_OnClick,"DeveloperProfileMenuItem_OnClick(object,RoutedEventArgs)",7882,7912,31,ReloadViewModelAsync;UpdateDeveloperProfileMenuChecks,Method|ReloadViewModelAsync()|L4358;Method|UpdateDeveloperProfileMenuChecks()|L7862,,,2,2,0,0
"Method|DeveloperProfileManager_OnCurrentProfileChanged(object?,DeveloperProfileChangedEventArgs)|L7914",DeveloperProfileManager_OnCurrentProfileChanged,"DeveloperProfileManager_OnCurrentProfileChanged(object?,DeveloperProfileChangedEventArgs)",7914,7928,15,DeveloperProfileManager_OnCurrentProfileChanged;RefreshDeveloperProfilesMenuEntries;UpdateDeveloperProfileMenuChecks,"Method|DeveloperProfileManager_OnCurrentProfileChanged(object?,DeveloperProfileChangedEventArgs)|L7914;Method|RefreshDeveloperProfilesMenuEntries()|L7752;Method|UpdateDeveloperProfileMenuChecks()|L7862",,,3,3,0,0
"Method|ExitMenuItem_OnClick(object,RoutedEventArgs)|L7930",ExitMenuItem_OnClick,"ExitMenuItem_OnClick(object,RoutedEventArgs)",7930,7933,4,,,,,0,0,0,0
"Method|ManageServerTargetsMenuItem_OnClick(object,RoutedEventArgs)|L7935",ManageServerTargetsMenuItem_OnClick,"ManageServerTargetsMenuItem_OnClick(object,RoutedEventArgs)",7935,7946,12,UpdateSyncToServerMenuState,Method|UpdateSyncToServerMenuState()|L8034,,,1,1,0,0
"Method|SyncToServerMenuItem_OnClick(object,RoutedEventArgs)|L7948",SyncToServerMenuItem_OnClick,"SyncToServerMenuItem_OnClick(object,RoutedEventArgs)",7948,7997,50,CreateHostKeyVerifierWithStorage,Method|CreateHostKeyVerifierWithStorage()|L97,,,1,1,0,0
"Method|CreateSftpClientWrapper(ServerTarget,string?,Func<string, HostKeyVerificationResult, Task<bool>>)|L7999",CreateSftpClientWrapper,"CreateSftpClientWrapper(ServerTarget,string?,Func<string, HostKeyVerificationResult, Task<bool>>)",7999,8005,7,,,,,0,0,0,0
"Method|TestServerConnectionAsync(ServerTarget,string?,Func<string, HostKeyVerificationResult, Task<bool>>)|L8007",TestServerConnectionAsync,"TestServerConnectionAsync(ServerTarget,string?,Func<string, HostKeyVerificationResult, Task<bool>>)",8007,8017,11,CreateHostKeyVerifierWithStorage,Method|CreateHostKeyVerifierWithStorage()|L97,,,1,1,0,0
"Method|ShowHostKeyVerificationAsync(string,HostKeyVerificationResult)|L8019",ShowHostKeyVerificationAsync,"ShowHostKeyVerificationAsync(string,HostKeyVerificationResult)",8019,8032,14,ShowHostKeyVerificationAsync,"Method|ShowHostKeyVerificationAsync(string,HostKeyVerificationResult)|L8019",,,1,1,0,0
Method|UpdateSyncToServerMenuState()|L8034,UpdateSyncToServerMenuState,UpdateSyncToServerMenuState(),8034,8039,6,,,,,0,0,0,0
Method|TryEnsureDataBackupBeforeLaunchAsync()|L8041,TryEnsureDataBackupBeforeLaunchAsync,TryEnsureDataBackupBeforeLaunchAsync(),8041,8080,40,CreateDataBackupProgressReporter;HideDataBackupOverlay;ShowDataBackupOverlay,Method|CreateDataBackupProgressReporter(string)|L8713;Method|HideDataBackupOverlay()|L8732;Method|ShowDataBackupOverlay(string)|L8725,,,3,3,0,0
"Method|LaunchGameButton_OnClick(object,RoutedEventArgs)|L8082",LaunchGameButton_OnClick,"LaunchGameButton_OnClick(object,RoutedEventArgs)",8082,8162,81,TryEnsureDataBackupBeforeLaunchAsync,Method|TryEnsureDataBackupBeforeLaunchAsync()|L8041,,,1,1,0,0
"Method|SetCustomShortcutMenuItem_OnClick(object,RoutedEventArgs)|L8164",SetCustomShortcutMenuItem_OnClick,"SetCustomShortcutMenuItem_OnClick(object,RoutedEventArgs)",8164,8238,75,,,,,0,0,0,0
"Method|RestoreDataFolderMenuItem_OnSubmenuOpened(object,RoutedEventArgs)|L8240",RestoreDataFolderMenuItem_OnSubmenuOpened,"RestoreDataFolderMenuItem_OnSubmenuOpened(object,RoutedEventArgs)",8240,8347,108,IsSameDirectory,"Method|IsSameDirectory(string?,string?)|L9114",,,1,1,0,0
"Method|RestoreDataFolderMenuItem_OnBackupClick(object,RoutedEventArgs)|L8349",RestoreDataFolderMenuItem_OnBackupClick,"RestoreDataFolderMenuItem_OnBackupClick(object,RoutedEventArgs)",8349,8372,24,RestoreDataBackupAsync,Method|RestoreDataBackupAsync(DataFolderBackupSummary)|L8653,,,1,1,0,0
"Method|OpenDataBackupDirectoryMenuItem_OnClick(object?,RoutedEventArgs)|L8374",OpenDataBackupDirectoryMenuItem_OnClick,"OpenDataBackupDirectoryMenuItem_OnClick(object?,RoutedEventArgs)",8374,8412,39,,,,,0,0,0,0
"Method|ChangeBackupLocationMenuItem_OnClick(object?,RoutedEventArgs)|L8414",ChangeBackupLocationMenuItem_OnClick,"ChangeBackupLocationMenuItem_OnClick(object?,RoutedEventArgs)",8414,8456,43,ReportStatus,"Method|ReportStatus(string,bool)|L502",,,1,1,0,0
"Method|DeleteDataFolderBackupsMenuItem_OnClick(object?,RoutedEventArgs)|L8458",DeleteDataFolderBackupsMenuItem_OnClick,"DeleteDataFolderBackupsMenuItem_OnClick(object?,RoutedEventArgs)",8458,8526,69,ReportStatus,"Method|ReportStatus(string,bool)|L502",,,1,1,0,0
"Method|RestoreBackupMenuItem_OnSubmenuOpened(object,RoutedEventArgs)|L8528",RestoreBackupMenuItem_OnSubmenuOpened,"RestoreBackupMenuItem_OnSubmenuOpened(object,RoutedEventArgs)",8528,8600,73,EnsureBackupDirectory;IsAppStartedBackup,Method|EnsureBackupDirectory()|L12410;Method|IsAppStartedBackup(string?)|L9847,,,2,2,0,0
"Method|RestoreBackupMenuItem_OnBackupClick(object,RoutedEventArgs)|L8602",RestoreBackupMenuItem_OnBackupClick,"RestoreBackupMenuItem_OnBackupClick(object,RoutedEventArgs)",8602,8615,14,RestoreBackupAsync,"Method|RestoreBackupAsync(string,bool)|L8617",,,1,1,0,0
"Method|RestoreBackupAsync(string,bool)|L8617",RestoreBackupAsync,"RestoreBackupAsync(string,bool)",8617,8651,35,ApplyPresetAsync;TryLoadPresetFromFile,"Method|ApplyPresetAsync(ModPreset,bool)|L12576;Method|TryLoadPresetFromFile(string,string,PresetLoadOptions,out ModPreset?,out string?)|L11125",,,2,2,0,0
Method|RestoreDataBackupAsync(DataFolderBackupSummary)|L8653,RestoreDataBackupAsync,RestoreDataBackupAsync(DataFolderBackupSummary),8653,8711,59,CreateDataBackupProgressReporter;HideDataBackupOverlay;IsSameDirectory;RefreshModsAsync;ReportStatus;ShowDataBackupOverlay,"Method|CreateDataBackupProgressReporter(string)|L8713;Method|HideDataBackupOverlay()|L8732;Method|IsSameDirectory(string?,string?)|L9114;Method|RefreshModsAsync(bool)|L4175;Method|ReportStatus(string,bool)|L502;Method|ShowDataBackupOverlay(string)|L8725",,,6,6,0,0
Method|CreateDataBackupProgressReporter(string)|L8713,CreateDataBackupProgressReporter,CreateDataBackupProgressReporter(string),8713,8723,11,,,,,0,0,0,0
Method|ShowDataBackupOverlay(string)|L8725,ShowDataBackupOverlay,ShowDataBackupOverlay(string),8725,8730,6,,,,,0,0,0,0
Method|HideDataBackupOverlay()|L8732,HideDataBackupOverlay,HideDataBackupOverlay(),8732,8737,6,,,,,0,0,0,0
"Method|BeginModlistInstallUi(int,string)|L8739",BeginModlistInstallUi,"BeginModlistInstallUi(int,string)",8739,8747,9,UpdateModlistDownloadSpeed,Method|UpdateModlistDownloadSpeed(double?)|L8787,,,1,1,0,0
"Method|UpdateModlistInstallUi(string,double?,double?)|L8749",UpdateModlistInstallUi,"UpdateModlistInstallUi(string,double?,double?)",8749,8759,11,ClampPercent;UpdateModlistDownloadSpeed,Method|ClampPercent(double?)|L8781;Method|UpdateModlistDownloadSpeed(double?)|L8787,,,2,2,0,0
Method|CompleteModlistInstallStep(string)|L8761,CompleteModlistInstallStep,CompleteModlistInstallStep(string),8761,8769,9,UpdateModlistDownloadSpeed,Method|UpdateModlistDownloadSpeed(double?)|L8787,,,1,1,0,0
Method|EndModlistInstallUi()|L8771,EndModlistInstallUi,EndModlistInstallUi(),8771,8779,9,UpdateModlistDownloadSpeed,Method|UpdateModlistDownloadSpeed(double?)|L8787,,,1,1,0,0
Method|ClampPercent(double?)|L8781,ClampPercent,ClampPercent(double?),8781,8785,5,,,,,0,0,0,0
Method|UpdateModlistDownloadSpeed(double?)|L8787,UpdateModlistDownloadSpeed,UpdateModlistDownloadSpeed(double?),8787,8798,12,FormatDownloadSpeed,Method|FormatDownloadSpeed(double)|L8800,,,1,1,0,0
Method|FormatDownloadSpeed(double)|L8800,FormatDownloadSpeed,FormatDownloadSpeed(double),8800,8813,14,,,,,0,0,0,0
Method|CreateModlistInstallProgressReporter(string)|L8815,CreateModlistInstallProgressReporter,CreateModlistInstallProgressReporter(string),8815,8825,11,UpdateModlistInstallUi,"Method|UpdateModlistInstallUi(string,double?,double?)|L8749",,,1,1,0,0
"Method|CreateModUpdateProgressReporter(string,IProgress<ModUpdateProgress>?)|L8827",CreateModUpdateProgressReporter,"CreateModUpdateProgressReporter(string,IProgress<ModUpdateProgress>?)",8827,8837,11,ReportStatus,"Method|ReportStatus(string,bool)|L502",,,1,1,0,0
"Method|OpenModFolderButton_OnClick(object,RoutedEventArgs)|L8839",OpenModFolderButton_OnClick,"OpenModFolderButton_OnClick(object,RoutedEventArgs)",8839,8842,4,OpenFolder,"Method|OpenFolder(string?,string)|L8854",,,1,1,0,0
"Method|OpenConfigFolderButton_OnClick(object,RoutedEventArgs)|L8844",OpenConfigFolderButton_OnClick,"OpenConfigFolderButton_OnClick(object,RoutedEventArgs)",8844,8847,4,OpenFolder,"Method|OpenFolder(string?,string)|L8854",,,1,1,0,0
"Method|OpenLogsFolderButton_OnClick(object,RoutedEventArgs)|L8849",OpenLogsFolderButton_OnClick,"OpenLogsFolderButton_OnClick(object,RoutedEventArgs)",8849,8852,4,OpenFolder,"Method|OpenFolder(string?,string)|L8854",,,1,1,0,0
"Method|OpenFolder(string?,string)|L8854",OpenFolder,"OpenFolder(string?,string)",8854,8887,34,OpenFolderWithShell,Method|OpenFolderWithShell(string)|L8889,,,1,1,0,0
Method|OpenFolderWithShell(string)|L8889,OpenFolderWithShell,OpenFolderWithShell(string),8889,8908,20,,,,,0,0,0,0
"Method|TryGetManagedModPath(ModListItemViewModel,out string,out string?)|L8910",TryGetManagedModPath,"TryGetManagedModPath(ModListItemViewModel,out string,out string?)",8910,8948,39,IsPathWithinManagedMods;TryEnsureManagedModTargetIsSafe,"Method|IsPathWithinManagedMods(string)|L9079;Method|TryEnsureManagedModTargetIsSafe(string,out string?)|L9164",,,2,2,0,0
"Method|TryGetDependencyInstallTargetPath(string,ModReleaseInfo,out string,out string?)|L8950",TryGetDependencyInstallTargetPath,"TryGetDependencyInstallTargetPath(string,ModReleaseInfo,out string,out string?)",8950,8989,40,EnsureUniqueFilePath;SanitizeFileName,"Method|EnsureUniqueFilePath(string)|L9143;Method|SanitizeFileName(string?,string)|L9131",,,2,2,0,0
"Method|TryGetInstallTargetPath(ModListItemViewModel,ModReleaseInfo,out string,out string?)|L8991",TryGetInstallTargetPath,"TryGetInstallTargetPath(ModListItemViewModel,ModReleaseInfo,out string,out string?)",8991,9030,40,EnsureUniqueFilePath;SanitizeFileName,"Method|EnsureUniqueFilePath(string)|L9143;Method|SanitizeFileName(string?,string)|L9131",,,2,2,0,0
"Method|TryGetUpdateTargetPath(ModListItemViewModel,ModReleaseInfo,string,out string,out string?)|L9032",TryGetUpdateTargetPath,"TryGetUpdateTargetPath(ModListItemViewModel,ModReleaseInfo,string,out string,out string?)",9032,9077,46,SanitizeFileName,"Method|SanitizeFileName(string?,string)|L9131",,,1,1,0,0
Method|IsPathWithinManagedMods(string)|L9079,IsPathWithinManagedMods,IsPathWithinManagedMods(string),9079,9086,8,IsPathUnderDirectory,"Method|IsPathUnderDirectory(string,string?)|L9088",,,1,1,0,0
"Method|IsPathUnderDirectory(string,string?)|L9088",IsPathUnderDirectory,"IsPathUnderDirectory(string,string?)",9088,9112,25,,,,,0,0,0,0
"Method|IsSameDirectory(string?,string?)|L9114",IsSameDirectory,"IsSameDirectory(string?,string?)",9114,9129,16,,,,,0,0,0,0
"Method|SanitizeFileName(string?,string)|L9131",SanitizeFileName,"SanitizeFileName(string?,string)",9131,9141,11,,,,,0,0,0,0
Method|EnsureUniqueFilePath(string)|L9143,EnsureUniqueFilePath,EnsureUniqueFilePath(string),9143,9162,20,,,,,0,0,0,0
"Method|TryEnsureManagedModTargetIsSafe(string,out string?)|L9164",TryEnsureManagedModTargetIsSafe,"TryEnsureManagedModTargetIsSafe(string,out string?)",9164,9207,44,IsPathWithinManagedMods,Method|IsPathWithinManagedMods(string)|L9079,,,1,1,0,0
"Method|TrySaveSnapshot(string,string,string,string,string,Func<string?>?,Action<string>?,string,bool,bool,IReadOnlyDictionary<string, IReadOnlyList<ModConfigurationSnapshot>>?,Action<SerializablePreset>?)|L9209",TrySaveSnapshot,"TrySaveSnapshot(string,string,string,string,string,Func<string?>?,Action<string>?,string,bool,bool,IReadOnlyDictionary<string, IReadOnlyList<ModConfigurationSnapshot>>?,Action<SerializablePreset>?)",9209,9288,80,BuildSerializablePreset;BuildSuggestedFileName;IsPathWithinDirectory;ResolveGameVersion,"Method|BuildSerializablePreset(string,bool,bool,IReadOnlyDictionary<string, IReadOnlyList<ModConfigurationSnapshot>>?,string?)|L9290;Method|BuildSuggestedFileName(string?,string)|L12541;Method|IsPathWithinDirectory(string,string)|L12526;Method|ResolveGameVersion(string?)|L9355",,,4,4,0,0
"Method|BuildSerializablePreset(string,bool,bool,IReadOnlyDictionary<string, IReadOnlyList<ModConfigurationSnapshot>>?,string?)|L9290",BuildSerializablePreset,"BuildSerializablePreset(string,bool,bool,IReadOnlyDictionary<string, IReadOnlyList<ModConfigurationSnapshot>>?,string?)",9290,9353,64,BuildSerializableConfigList;GetSafeConfigFileName,"Method|BuildSerializableConfigList(IReadOnlyDictionary<string, IReadOnlyList<ModConfigurationSnapshot>>?)|L9363;Method|GetSafeConfigFileName(string?,string?)|L10336",,,2,2,0,0
Method|ResolveGameVersion(string?)|L9355,ResolveGameVersion,ResolveGameVersion(string?),9355,9361,7,,,,,0,0,0,0
"Method|BuildSerializableConfigList(IReadOnlyDictionary<string, IReadOnlyList<ModConfigurationSnapshot>>?)|L9363",BuildSerializableConfigList,"BuildSerializableConfigList(IReadOnlyDictionary<string, IReadOnlyList<ModConfigurationSnapshot>>?)",9363,9411,49,,,,,0,0,0,0
"Method|SavePresetMenuItem_OnClick(object,RoutedEventArgs)|L9417",SavePresetMenuItem_OnClick,"SavePresetMenuItem_OnClick(object,RoutedEventArgs)",9417,9435,19,EnsurePresetDirectory;ReportStatus;TrySaveSnapshot,"Method|EnsurePresetDirectory()|L12402;Method|ReportStatus(string,bool)|L502;Method|TrySaveSnapshot(string,string,string,string,string,Func<string?>?,Action<string>?,string,bool,bool,IReadOnlyDictionary<string, IReadOnlyList<ModConfigurationSnapshot>>?,Action<SerializablePreset>?)|L9209",,,3,3,0,0
Method|TrySaveModlist()|L9437,TrySaveModlist,TrySaveModlist(),9437,9440,4,TrySaveModlist,"Method|TrySaveModlist(Func<string?>?,out string?)|L9442",,,1,1,0,0
"Method|TrySaveModlist(Func<string?>?,out string?)|L9442",TrySaveModlist,"TrySaveModlist(Func<string?>?,out string?)",9442,9540,99,BuildModConfigOptions;BuildSerializablePreset;BuildSuggestedFileName;EnsureModListDirectory;GetUploaderNameForPdf;ReportStatus;ResolveGameVersion;TryReadModConfigurations;TrySaveInstalledModsPdf,"Method|BuildModConfigOptions(bool)|L10182;Method|BuildSerializablePreset(string,bool,bool,IReadOnlyDictionary<string, IReadOnlyList<ModConfigurationSnapshot>>?,string?)|L9290;Method|BuildSuggestedFileName(string?,string)|L12541;Method|EnsureModListDirectory()|L12502;Method|GetUploaderNameForPdf()|L10053;Method|ReportStatus(string,bool)|L502;Method|ResolveGameVersion(string?)|L9355;Method|TryReadModConfigurations(IReadOnlyList<ModConfigOption>)|L10211;Method|TrySaveInstalledModsPdf(string,string?,string?,string,IReadOnlyDictionary<string, IReadOnlyList<ModConfigurationSnapshot>>?,string?,IReadOnlyList<ModListItemViewModel>?)|L6141",,,9,9,0,0
"Method|TrySaveAutomaticModlist(string,out string,out string)|L9542",TrySaveAutomaticModlist,"TrySaveAutomaticModlist(string,out string,out string)",9542,9580,39,BuildSerializablePreset;BuildSuggestedFileName;EnsureRebuiltModListDirectory;ResolveGameVersion,"Method|BuildSerializablePreset(string,bool,bool,IReadOnlyDictionary<string, IReadOnlyList<ModConfigurationSnapshot>>?,string?)|L9290;Method|BuildSuggestedFileName(string?,string)|L12541;Method|EnsureRebuiltModListDirectory()|L12510;Method|ResolveGameVersion(string?)|L9355",,,4,4,0,0
Method|PromptModlistLoadMode()|L9582,PromptModlistLoadMode,PromptModlistLoadMode(),9582,9616,35,,,,,0,0,0,0
Method|GetModlistLoadOptions(ModlistLoadMode)|L9618,GetModlistLoadOptions,GetModlistLoadOptions(ModlistLoadMode),9618,9623,6,,,,,0,0,0,0
Method|EnsureModlistBackupBeforeLoad()|L9625,EnsureModlistBackupBeforeLoad,EnsureModlistBackupBeforeLoad(),9625,9664,40,RefreshLocalModlists;TrySaveModlist,"Method|RefreshLocalModlists(bool,IReadOnlyCollection<string>?)|L11855;Method|TrySaveModlist(Func<string?>?,out string?)|L9442",,,2,2,0,0
"Method|TryBuildCurrentModlistJson(string,string?,string?,string,IReadOnlyDictionary<string, IReadOnlyList<ModConfigurationSnapshot>>?,string?,out string)|L9666",TryBuildCurrentModlistJson,"TryBuildCurrentModlistJson(string,string?,string?,string,IReadOnlyDictionary<string, IReadOnlyList<ModConfigurationSnapshot>>?,string?,out string)",9666,9694,29,BuildSerializablePreset,"Method|BuildSerializablePreset(string,bool,bool,IReadOnlyDictionary<string, IReadOnlyList<ModConfigurationSnapshot>>?,string?)|L9290",,,1,1,0,0
Method|CreateAutomaticBackupAsync(string)|L9696,CreateAutomaticBackupAsync,CreateAutomaticBackupAsync(string),9696,9703,8,CreateBackupAsync,"Method|CreateBackupAsync(string,string,bool,bool)|L9714",,,1,1,0,0
Method|CreateAppStartedBackupAsync()|L9705,CreateAppStartedBackupAsync,CreateAppStartedBackupAsync(),9705,9712,8,CreateBackupAsync,"Method|CreateBackupAsync(string,string,bool,bool)|L9714",,,1,1,0,0
"Method|CreateBackupAsync(string,string,bool,bool)|L9714",CreateBackupAsync,"CreateBackupAsync(string,string,bool,bool)",9714,9789,76,BuildSerializablePreset;CaptureConfigurationsForBackup;EnsureBackupDirectory;PruneAppStartedBackups;PruneAutomaticBackups;ResolveGameVersion;SanitizeFileName,"Method|BuildSerializablePreset(string,bool,bool,IReadOnlyDictionary<string, IReadOnlyList<ModConfigurationSnapshot>>?,string?)|L9290;Method|CaptureConfigurationsForBackup(IReadOnlyList<ModListItemViewModel>)|L9791;Method|EnsureBackupDirectory()|L12410;Method|PruneAppStartedBackups(string)|L9887;Method|PruneAutomaticBackups(string)|L9856;Method|ResolveGameVersion(string?)|L9355;Method|SanitizeFileName(string?,string)|L9131",,,7,7,0,0
Method|CaptureConfigurationsForBackup(IReadOnlyList<ModListItemViewModel>)|L9791,CaptureConfigurationsForBackup,CaptureConfigurationsForBackup(IReadOnlyList<ModListItemViewModel>),9791,9845,55,GetSafeConfigFileName;TryGetRelativeConfigPath,"Method|GetSafeConfigFileName(string?,string?)|L10336;Method|TryGetRelativeConfigPath(string,string)|L10261",,,2,2,0,0
Method|IsAppStartedBackup(string?)|L9847,IsAppStartedBackup,IsAppStartedBackup(string?),9847,9854,8,,,,,0,0,0,0
Method|PruneAutomaticBackups(string)|L9856,PruneAutomaticBackups,PruneAutomaticBackups(string),9856,9885,30,IsAppStartedBackup,Method|IsAppStartedBackup(string?)|L9847,,,1,1,0,0
Method|PruneAppStartedBackups(string)|L9887,PruneAppStartedBackups,PruneAppStartedBackups(string),9887,9916,30,,,,,0,0,0,0
Method|BuildCloudModlistName()|L9918,BuildCloudModlistName,BuildCloudModlistName(),9918,9921,4,,,,,0,0,0,0
Method|EnsureQuestPdfLicense()|L9923,EnsureQuestPdfLicense,EnsureQuestPdfLicense(),9923,9929,7,,,,,0,0,0,0
Method|GetLines(string)|L9931,GetLines,GetLines(string),9931,9937,7,,,,,0,0,0,0
"Method|GenerateInstalledModsPdf(string,string,string?,string?,string,string?,IReadOnlyList<ModListItemViewModel>,SerializablePreset,SerializableConfigList?)|L9939",GenerateInstalledModsPdf,"GenerateInstalledModsPdf(string,string,string?,string?,string,string?,IReadOnlyList<ModListItemViewModel>,SerializablePreset,SerializableConfigList?)",9939,10051,113,EnsureQuestPdfLicense;GetLines,Method|EnsureQuestPdfLicense()|L9923;Method|GetLines(string)|L9931,,,2,2,0,0
Method|GetUploaderNameForPdf()|L10053,GetUploaderNameForPdf,GetUploaderNameForPdf(),10053,10065,13,ResolveUploaderName,Method|ResolveUploaderName(string?)|L1673,,,1,1,0,0
Method|DetermineUploaderName(FirebaseModlistStore)|L10067,DetermineUploaderName,DetermineUploaderName(FirebaseModlistStore),10067,10072,6,ResolveUploaderName;SetUsernameDisplay,Method|ResolveUploaderName(string?)|L1673;Method|SetUsernameDisplay(string?)|L1666,,,2,2,0,0
"Method|SaveModlistMenuItem_OnClick(object,RoutedEventArgs)|L10074",SaveModlistMenuItem_OnClick,"SaveModlistMenuItem_OnClick(object,RoutedEventArgs)",10074,10083,10,RefreshLocalModlists;TrySaveModlist,"Method|RefreshLocalModlists(bool,IReadOnlyCollection<string>?)|L11855;Method|TrySaveModlist(Func<string?>?,out string?)|L9442",,,2,2,0,0
Method|SaveModlistToCloudAsync()|L10085,SaveModlistToCloudAsync,SaveModlistToCloudAsync(),10085,10175,91,BuildCloudModlistName;BuildModConfigOptions;DetermineUploaderName;ExecuteCloudOperationAsync;FormatCloudSlotLabel;GetCloudModlistSlotsAsync;PromptForCloudSaveReplacement;ReportStatus;ResolveGameVersion;TryBuildCurrentModlistJson;TryReadModConfigurations,"Method|BuildCloudModlistName()|L9918;Method|BuildModConfigOptions(bool)|L10182;Method|DetermineUploaderName(FirebaseModlistStore)|L10067;Method|ExecuteCloudOperationAsync(Func<FirebaseModlistStore, Task>,string)|L11456;Method|FormatCloudSlotLabel(string)|L12333;Method|GetCloudModlistSlotsAsync(FirebaseModlistStore,bool,bool)|L11817;Method|PromptForCloudSaveReplacement(IReadOnlyList<CloudModlistSlot>)|L11589;Method|ReportStatus(string,bool)|L502;Method|ResolveGameVersion(string?)|L9355;Method|TryBuildCurrentModlistJson(string,string?,string?,string,IReadOnlyDictionary<string, IReadOnlyList<ModConfigurationSnapshot>>?,string?,out string)|L9666;Method|TryReadModConfigurations(IReadOnlyList<ModConfigOption>)|L10211",,,11,11,0,0
Method|NormalizeCloudVersion(string?)|L10177,NormalizeCloudVersion,NormalizeCloudVersion(string?),10177,10180,4,,,,,0,0,0,0
Method|BuildModConfigOptions(bool)|L10182,BuildModConfigOptions,BuildModConfigOptions(bool),10182,10209,28,,,,,0,0,0,0
Method|TryReadModConfigurations(IReadOnlyList<ModConfigOption>)|L10211,TryReadModConfigurations,TryReadModConfigurations(IReadOnlyList<ModConfigOption>),10211,10259,49,GetSafeConfigFileName;TryGetRelativeConfigPath,"Method|GetSafeConfigFileName(string?,string?)|L10336;Method|TryGetRelativeConfigPath(string,string)|L10261",,,2,2,0,0
"Method|TryGetRelativeConfigPath(string,string)|L10261",TryGetRelativeConfigPath,"TryGetRelativeConfigPath(string,string)",10261,10277,17,IsPathWithinDirectory;NormalizeRelativeConfigPath,"Method|IsPathWithinDirectory(string,string)|L12526;Method|NormalizeRelativeConfigPath(string?,string)|L10279",,,2,2,0,0
"Method|NormalizeRelativeConfigPath(string?,string)|L10279",NormalizeRelativeConfigPath,"NormalizeRelativeConfigPath(string?,string)",10279,10296,18,,,,,0,0,0,0
"Method|EnsureUniqueRelativePath(string,HashSet<string>)|L10298",EnsureUniqueRelativePath,"EnsureUniqueRelativePath(string,HashSet<string>)",10298,10315,18,,,,,0,0,0,0
Method|GetSupportedConfigFiles(string)|L10317,GetSupportedConfigFiles,GetSupportedConfigFiles(string),10317,10323,7,IsSupportedConfigExtension,Method|IsSupportedConfigExtension(string?)|L10325,,,1,1,0,0
Method|IsSupportedConfigExtension(string?)|L10325,IsSupportedConfigExtension,IsSupportedConfigExtension(string?),10325,10334,10,,,,,0,0,0,0
"Method|GetSafeConfigFileName(string?,string?)|L10336",GetSafeConfigFileName,"GetSafeConfigFileName(string?,string?)",10336,10362,27,ResolveConfigExtension;SanitizeForFileName,Method|ResolveConfigExtension(string?)|L10364;Method|SanitizeForFileName(string?)|L10375,,,2,2,0,0
Method|ResolveConfigExtension(string?)|L10364,ResolveConfigExtension,ResolveConfigExtension(string?),10364,10373,10,IsSupportedConfigExtension,Method|IsSupportedConfigExtension(string?)|L10325,,,1,1,0,0
Method|SanitizeForFileName(string?)|L10375,SanitizeForFileName,SanitizeForFileName(string?),10375,10385,11,,,,,0,0,0,0
"Method|SaveModlistToCloudMenuItem_OnClick(object,RoutedEventArgs)|L10387",SaveModlistToCloudMenuItem_OnClick,"SaveModlistToCloudMenuItem_OnClick(object,RoutedEventArgs)",10387,10394,8,RefreshCloudModlistsAsync;SaveModlistToCloudAsync,Method|RefreshCloudModlistsAsync(bool)|L12066;Method|SaveModlistToCloudAsync()|L10085,,,2,2,0,0
"Method|SaveCloudModlistButton_OnClick(object,RoutedEventArgs)|L10396",SaveCloudModlistButton_OnClick,"SaveCloudModlistButton_OnClick(object,RoutedEventArgs)",10396,10400,5,RefreshCloudModlistsAsync;SaveModlistToCloudAsync,Method|RefreshCloudModlistsAsync(bool)|L12066;Method|SaveModlistToCloudAsync()|L10085,,,2,2,0,0
"Method|ModifyCloudModlistsButton_OnClick(object,RoutedEventArgs)|L10402",ModifyCloudModlistsButton_OnClick,"ModifyCloudModlistsButton_OnClick(object,RoutedEventArgs)",10402,10406,5,ExecuteCloudOperationAsync;ShowCloudModlistManagementDialogAsync,"Method|ExecuteCloudOperationAsync(Func<FirebaseModlistStore, Task>,string)|L11456;Method|ShowCloudModlistManagementDialogAsync(FirebaseModlistStore)|L11604",,,2,2,0,0
"Method|IsCloudUploaderNameAvailableAsync(FirebaseModlistStore,string)|L10408",IsCloudUploaderNameAvailableAsync,"IsCloudUploaderNameAvailableAsync(FirebaseModlistStore,string)",10408,10429,22,ExtractModlistMetadata,Method|ExtractModlistMetadata(string?)|L12348,,,1,1,0,0
"Method|LocalModlistsDataGrid_OnSelectionChanged(object,SelectionChangedEventArgs)|L10431",LocalModlistsDataGrid_OnSelectionChanged,"LocalModlistsDataGrid_OnSelectionChanged(object,SelectionChangedEventArgs)",10431,10444,14,SetLocalModlistSelection,Method|SetLocalModlistSelection(IReadOnlyList<LocalModlistListEntry>)|L12185,,,1,1,0,0
"Method|SaveLocalModlistButton_OnClick(object,RoutedEventArgs)|L10446",SaveLocalModlistButton_OnClick,"SaveLocalModlistButton_OnClick(object,RoutedEventArgs)",10446,10458,13,RefreshLocalModlists;TrySaveModlist,"Method|RefreshLocalModlists(bool,IReadOnlyCollection<string>?)|L11855;Method|TrySaveModlist(Func<string?>?,out string?)|L9442",,,2,2,0,0
"Method|InstallLocalModlistButton_OnClick(object,RoutedEventArgs)|L10460",InstallLocalModlistButton_OnClick,"InstallLocalModlistButton_OnClick(object,RoutedEventArgs)",10460,10478,19,LoadModlistFromFileAsync;RefreshLocalModlists,"Method|LoadModlistFromFileAsync(string)|L11017;Method|RefreshLocalModlists(bool,IReadOnlyCollection<string>?)|L11855",,,2,2,0,0
"Method|OpenModlistsFolderButton_OnClick(object,RoutedEventArgs)|L10480",OpenModlistsFolderButton_OnClick,"OpenModlistsFolderButton_OnClick(object,RoutedEventArgs)",10480,10497,18,EnsureModListDirectory;OpenFolder,"Method|EnsureModListDirectory()|L12502;Method|OpenFolder(string?,string)|L8854",,,2,2,0,0
"Method|DeleteLocalModlistsButton_OnClick(object,RoutedEventArgs)|L10499",DeleteLocalModlistsButton_OnClick,"DeleteLocalModlistsButton_OnClick(object,RoutedEventArgs)",10499,10565,67,RefreshLocalModlists;ReportStatus,"Method|RefreshLocalModlists(bool,IReadOnlyCollection<string>?)|L11855;Method|ReportStatus(string,bool)|L502",,,2,2,0,0
"Method|ModifyLocalModlistButton_OnClick(object,RoutedEventArgs)|L10567",ModifyLocalModlistButton_OnClick,"ModifyLocalModlistButton_OnClick(object,RoutedEventArgs)",10567,10651,85,RefreshLocalModlists;ReportStatus,"Method|RefreshLocalModlists(bool,IReadOnlyCollection<string>?)|L11855;Method|ReportStatus(string,bool)|L502",,,2,2,0,0
"Method|RefreshCloudModlistsButton_OnClick(object,RoutedEventArgs)|L10653",RefreshCloudModlistsButton_OnClick,"RefreshCloudModlistsButton_OnClick(object,RoutedEventArgs)",10653,10656,4,RefreshCloudModlistsAsync,Method|RefreshCloudModlistsAsync(bool)|L12066,,,1,1,0,0
"Method|CloudModlistsDataGrid_OnSelectionChanged(object,SelectionChangedEventArgs)|L10658",CloudModlistsDataGrid_OnSelectionChanged,"CloudModlistsDataGrid_OnSelectionChanged(object,SelectionChangedEventArgs)",10658,10664,7,SetCloudModlistSelection,Method|SetCloudModlistSelection(CloudModlistListEntry?)|L12213,,,1,1,0,0
"Method|InstallCloudModlistButton_OnClick(object,RoutedEventArgs)|L10666",InstallCloudModlistButton_OnClick,"InstallCloudModlistButton_OnClick(object,RoutedEventArgs)",10666,10738,73,ApplyPresetAsync;BuildSuggestedFileName;CreateAutomaticBackupAsync;EnsureCloudModListCacheDirectory;EnsureCloudModlistContentAsync;EnsureModlistBackupBeforeLoad;GetModlistLoadOptions;GetUniqueFilePath;PrepareForModlistLoad;PromptModlistLoadMode;TryLoadPresetFromFile,"Method|ApplyPresetAsync(ModPreset,bool)|L12576;Method|BuildSuggestedFileName(string?,string)|L12541;Method|CreateAutomaticBackupAsync(string)|L9696;Method|EnsureCloudModListCacheDirectory()|L12518;Method|EnsureCloudModlistContentAsync(CloudModlistListEntry)|L12142;Method|EnsureModlistBackupBeforeLoad()|L9625;Method|GetModlistLoadOptions(ModlistLoadMode)|L9618;Method|GetUniqueFilePath(string,string,string)|L12553;Method|PrepareForModlistLoad()|L7247;Method|PromptModlistLoadMode()|L9582;Method|TryLoadPresetFromFile(string,string,PresetLoadOptions,out ModPreset?,out string?)|L11125",,,11,11,0,0
"Method|LoadModlistFromCloudMenuItem_OnClick(object,RoutedEventArgs)|L10740",LoadModlistFromCloudMenuItem_OnClick,"LoadModlistFromCloudMenuItem_OnClick(object,RoutedEventArgs)",10740,10810,71,ApplyPresetAsync;CreateAutomaticBackupAsync;EnsureModlistBackupBeforeLoad;ExecuteCloudOperationAsync;FormatCloudSlotLabel;GetCloudModlistSlotsAsync;GetModlistLoadOptions;PrepareForModlistLoad;PromptModlistLoadMode;ReportStatus;TryLoadPresetFromJson,"Method|ApplyPresetAsync(ModPreset,bool)|L12576;Method|CreateAutomaticBackupAsync(string)|L9696;Method|EnsureModlistBackupBeforeLoad()|L9625;Method|ExecuteCloudOperationAsync(Func<FirebaseModlistStore, Task>,string)|L11456;Method|FormatCloudSlotLabel(string)|L12333;Method|GetCloudModlistSlotsAsync(FirebaseModlistStore,bool,bool)|L11817;Method|GetModlistLoadOptions(ModlistLoadMode)|L9618;Method|PrepareForModlistLoad()|L7247;Method|PromptModlistLoadMode()|L9582;Method|ReportStatus(string,bool)|L502;Method|TryLoadPresetFromJson(string,string,PresetLoadOptions,out ModPreset?,out string?,string?,string?)|L11261",,,11,11,0,0
"Method|DeleteCloudModlistMenuItem_OnClick(object,RoutedEventArgs)|L10812",DeleteCloudModlistMenuItem_OnClick,"DeleteCloudModlistMenuItem_OnClick(object,RoutedEventArgs)",10812,10854,43,ExecuteCloudOperationAsync;FormatCloudSlotLabel;GetCloudModlistSlotsAsync;RefreshCloudModlistsAsync;ReportStatus,"Method|ExecuteCloudOperationAsync(Func<FirebaseModlistStore, Task>,string)|L11456;Method|FormatCloudSlotLabel(string)|L12333;Method|GetCloudModlistSlotsAsync(FirebaseModlistStore,bool,bool)|L11817;Method|RefreshCloudModlistsAsync(bool)|L12066;Method|ReportStatus(string,bool)|L502",,,5,5,0,0
"Method|LoadPresetMenuItem_OnSubmenuOpened(object,RoutedEventArgs)|L10856",LoadPresetMenuItem_OnSubmenuOpened,"LoadPresetMenuItem_OnSubmenuOpened(object,RoutedEventArgs)",10856,10924,69,EnsurePresetDirectory,Method|EnsurePresetDirectory()|L12402,,,1,1,0,0
"Method|LoadPresetMenuItem_OnClick(object,RoutedEventArgs)|L10926",LoadPresetMenuItem_OnClick,"LoadPresetMenuItem_OnClick(object,RoutedEventArgs)",10926,10955,30,EnsurePresetDirectory;IsPathWithinDirectory;LoadPresetFromFileAsync,"Method|EnsurePresetDirectory()|L12402;Method|IsPathWithinDirectory(string,string)|L12526;Method|LoadPresetFromFileAsync(string)|L10964",,,3,3,0,0
"Method|LoadPresetMenuItem_OnPresetClick(object,RoutedEventArgs)|L10957",LoadPresetMenuItem_OnPresetClick,"LoadPresetMenuItem_OnPresetClick(object,RoutedEventArgs)",10957,10962,6,LoadPresetFromFileAsync,Method|LoadPresetFromFileAsync(string)|L10964,,,1,1,0,0
Method|LoadPresetFromFileAsync(string)|L10964,LoadPresetFromFileAsync,LoadPresetFromFileAsync(string),10964,10994,31,ApplyPresetAsync;ReportStatus;TryLoadPresetFromFile,"Method|ApplyPresetAsync(ModPreset,bool)|L12576;Method|ReportStatus(string,bool)|L502;Method|TryLoadPresetFromFile(string,string,PresetLoadOptions,out ModPreset?,out string?)|L11125",,,3,3,0,0
"Method|LoadModlistMenuItem_OnClick(object,RoutedEventArgs)|L10996",LoadModlistMenuItem_OnClick,"LoadModlistMenuItem_OnClick(object,RoutedEventArgs)",10996,11015,20,EnsureModListDirectory;LoadModlistFromFileAsync,Method|EnsureModListDirectory()|L12502;Method|LoadModlistFromFileAsync(string)|L11017,,,2,2,0,0
Method|LoadModlistFromFileAsync(string)|L11017,LoadModlistFromFileAsync,LoadModlistFromFileAsync(string),11017,11060,44,ApplyPresetAsync;CreateAutomaticBackupAsync;EnsureModlistBackupBeforeLoad;GetModlistLoadOptions;PrepareForModlistLoad;PromptModlistLoadMode;ReportStatus;TryLoadPresetFromFile,"Method|ApplyPresetAsync(ModPreset,bool)|L12576;Method|CreateAutomaticBackupAsync(string)|L9696;Method|EnsureModlistBackupBeforeLoad()|L9625;Method|GetModlistLoadOptions(ModlistLoadMode)|L9618;Method|PrepareForModlistLoad()|L7247;Method|PromptModlistLoadMode()|L9582;Method|ReportStatus(string,bool)|L502;Method|TryLoadPresetFromFile(string,string,PresetLoadOptions,out ModPreset?,out string?)|L11125",,,8,8,0,0
"Method|MainWindow_OnPreviewDragEnter(object,DragEventArgs)|L11062",MainWindow_OnPreviewDragEnter,"MainWindow_OnPreviewDragEnter(object,DragEventArgs)",11062,11065,4,HandleModlistDragEvent,Method|HandleModlistDragEvent(DragEventArgs)|L11087,,,1,1,0,0
"Method|MainWindow_OnPreviewDragOver(object,DragEventArgs)|L11067",MainWindow_OnPreviewDragOver,"MainWindow_OnPreviewDragOver(object,DragEventArgs)",11067,11070,4,HandleModlistDragEvent,Method|HandleModlistDragEvent(DragEventArgs)|L11087,,,1,1,0,0
"Method|MainWindow_OnPreviewDrop(object,DragEventArgs)|L11072",MainWindow_OnPreviewDrop,"MainWindow_OnPreviewDrop(object,DragEventArgs)",11072,11085,14,LoadModlistFromFileAsync;TryGetDroppedModlistFile,"Method|LoadModlistFromFileAsync(string)|L11017;Method|TryGetDroppedModlistFile(DragEventArgs,out string?)|L11100",,,2,2,0,0
Method|HandleModlistDragEvent(DragEventArgs)|L11087,HandleModlistDragEvent,HandleModlistDragEvent(DragEventArgs),11087,11098,12,TryGetDroppedModlistFile,"Method|TryGetDroppedModlistFile(DragEventArgs,out string?)|L11100",,,1,1,0,0
"Method|TryGetDroppedModlistFile(DragEventArgs,out string?)|L11100",TryGetDroppedModlistFile,"TryGetDroppedModlistFile(DragEventArgs,out string?)",11100,11116,17,HasSupportedModlistExtension,Method|HasSupportedModlistExtension(string)|L11118,,,1,1,0,0
Method|HasSupportedModlistExtension(string)|L11118,HasSupportedModlistExtension,HasSupportedModlistExtension(string),11118,11123,6,,,,,0,0,0,0
"Method|TryLoadPresetFromFile(string,string,PresetLoadOptions,out ModPreset?,out string?)|L11125",TryLoadPresetFromFile,"TryLoadPresetFromFile(string,string,PresetLoadOptions,out ModPreset?,out string?)",11125,11160,36,GetSnapshotNameFromFilePath;TryBuildPresetFromSerializable;TryLoadPresetFromPdf,"Method|GetSnapshotNameFromFilePath(string,string)|L12570;Method|TryBuildPresetFromSerializable(SerializablePreset,string,PresetLoadOptions,out ModPreset?,out string?,string?)|L11301;Method|TryLoadPresetFromPdf(string,string,PresetLoadOptions,out ModPreset?,out string?)|L11162",,,3,3,0,0
"Method|TryLoadPresetFromPdf(string,string,PresetLoadOptions,out ModPreset?,out string?)|L11162",TryLoadPresetFromPdf,"TryLoadPresetFromPdf(string,string,PresetLoadOptions,out ModPreset?,out string?)",11162,11259,98,GetSnapshotNameFromFilePath;TryLoadPresetFromJson,"Method|GetSnapshotNameFromFilePath(string,string)|L12570;Method|TryLoadPresetFromJson(string,string,PresetLoadOptions,out ModPreset?,out string?,string?,string?)|L11261",,,2,2,0,0
"Method|TryLoadPresetFromJson(string,string,PresetLoadOptions,out ModPreset?,out string?,string?,string?)|L11261",TryLoadPresetFromJson,"TryLoadPresetFromJson(string,string,PresetLoadOptions,out ModPreset?,out string?,string?,string?)",11261,11299,39,ApplyConfigListToPreset;TryBuildPresetFromSerializable,"Method|ApplyConfigListToPreset(SerializablePreset,SerializableConfigList?)|L11417;Method|TryBuildPresetFromSerializable(SerializablePreset,string,PresetLoadOptions,out ModPreset?,out string?,string?)|L11301",,,2,2,0,0
"Method|TryBuildPresetFromSerializable(SerializablePreset,string,PresetLoadOptions,out ModPreset?,out string?,string?)|L11301",TryBuildPresetFromSerializable,"TryBuildPresetFromSerializable(SerializablePreset,string,PresetLoadOptions,out ModPreset?,out string?,string?)",11301,11415,115,GetSafeConfigFileName;NormalizeRelativeConfigPath,"Method|GetSafeConfigFileName(string?,string?)|L10336;Method|NormalizeRelativeConfigPath(string?,string)|L10279",,,2,2,0,0
"Method|ApplyConfigListToPreset(SerializablePreset,SerializableConfigList?)|L11417",ApplyConfigListToPreset,"ApplyConfigListToPreset(SerializablePreset,SerializableConfigList?)",11417,11436,20,BuildConfigKey,Method|BuildConfigKey(SerializableModConfiguration)|L11438,,,1,1,0,0
Method|BuildConfigKey(SerializableModConfiguration)|L11438,BuildConfigKey,BuildConfigKey(SerializableModConfiguration),11438,11450,13,,,,,0,0,0,0
"Method|ExecuteCloudOperationAsync(Func<FirebaseModlistStore, Task>,string)|L11456",ExecuteCloudOperationAsync,"ExecuteCloudOperationAsync(Func<FirebaseModlistStore, Task>,string)",11456,11523,68,EnsureCloudStoreInitializedAsync;EnsureFirebaseAuthBackedUpIfAvailable,Method|EnsureCloudStoreInitializedAsync()|L11557;Method|EnsureFirebaseAuthBackedUpIfAvailable()|L3284,,,2,2,0,0
Method|MigrateLegacyFirebaseDataIfNeededAsync()|L11525,MigrateLegacyFirebaseDataIfNeededAsync,MigrateLegacyFirebaseDataIfNeededAsync(),11525,11555,31,,,,,0,0,0,0
Method|EnsureCloudStoreInitializedAsync()|L11557,EnsureCloudStoreInitializedAsync,EnsureCloudStoreInitializedAsync(),11557,11587,31,ApplyPlayerIdentityToCloudStore;MigrateLegacyFirebaseDataIfNeededAsync,Method|ApplyPlayerIdentityToCloudStore(FirebaseModlistStore?)|L1708;Method|MigrateLegacyFirebaseDataIfNeededAsync()|L11525,,,2,2,0,0
Method|PromptForCloudSaveReplacement(IReadOnlyList<CloudModlistSlot>)|L11589,PromptForCloudSaveReplacement,PromptForCloudSaveReplacement(IReadOnlyList<CloudModlistSlot>),11589,11602,14,,,,,0,0,0,0
Method|ShowCloudModlistManagementDialogAsync(FirebaseModlistStore)|L11604,ShowCloudModlistManagementDialogAsync,ShowCloudModlistManagementDialogAsync(FirebaseModlistStore),11604,11625,22,BuildCloudModlistManagementEntriesAsync;DeleteCloudModlistAsync;RenameCloudModlistAsync,"Method|BuildCloudModlistManagementEntriesAsync(FirebaseModlistStore)|L11627;Method|DeleteCloudModlistAsync(FirebaseModlistStore,CloudModlistManagementEntry)|L11719;Method|RenameCloudModlistAsync(FirebaseModlistStore,CloudModlistManagementEntry,string)|L11648",,,3,3,0,0
Method|BuildCloudModlistManagementEntriesAsync(FirebaseModlistStore)|L11627,BuildCloudModlistManagementEntriesAsync,BuildCloudModlistManagementEntriesAsync(FirebaseModlistStore),11627,11646,20,FormatCloudSlotLabel;GetCloudModlistSlotsAsync,"Method|FormatCloudSlotLabel(string)|L12333;Method|GetCloudModlistSlotsAsync(FirebaseModlistStore,bool,bool)|L11817",,,2,2,0,0
"Method|RenameCloudModlistAsync(FirebaseModlistStore,CloudModlistManagementEntry,string)|L11648",RenameCloudModlistAsync,"RenameCloudModlistAsync(FirebaseModlistStore,CloudModlistManagementEntry,string)",11648,11717,70,FormatCloudSlotLabel;ReplaceCloudModlistName;ReportStatus;UpdateCloudModlistsAfterChangeAsync,"Method|FormatCloudSlotLabel(string)|L12333;Method|ReplaceCloudModlistName(string,string)|L11786;Method|ReportStatus(string,bool)|L502;Method|UpdateCloudModlistsAfterChangeAsync()|L11778",,,4,4,0,0
"Method|DeleteCloudModlistAsync(FirebaseModlistStore,CloudModlistManagementEntry)|L11719",DeleteCloudModlistAsync,"DeleteCloudModlistAsync(FirebaseModlistStore,CloudModlistManagementEntry)",11719,11749,31,FormatCloudSlotLabel;ReportStatus;UpdateCloudModlistsAfterChangeAsync,"Method|FormatCloudSlotLabel(string)|L12333;Method|ReportStatus(string,bool)|L502;Method|UpdateCloudModlistsAfterChangeAsync()|L11778",,,3,3,0,0
"Method|DeleteAllCloudModlistsAndAuthorizationAsync(FirebaseModlistStore,bool)|L11751",DeleteAllCloudModlistsAndAuthorizationAsync,"DeleteAllCloudModlistsAndAuthorizationAsync(FirebaseModlistStore,bool)",11751,11776,26,DeleteFirebaseAuthFiles;ReportStatus;SetCloudModlistSelection,"Method|DeleteFirebaseAuthFiles()|L3318;Method|ReportStatus(string,bool)|L502;Method|SetCloudModlistSelection(CloudModlistListEntry?)|L12213",,,3,3,0,0
Method|UpdateCloudModlistsAfterChangeAsync()|L11778,UpdateCloudModlistsAfterChangeAsync,UpdateCloudModlistsAfterChangeAsync(),11778,11784,7,RefreshCloudModlistsAsync,Method|RefreshCloudModlistsAsync(bool)|L12066,,,1,1,0,0
"Method|ReplaceCloudModlistName(string,string)|L11786",ReplaceCloudModlistName,"ReplaceCloudModlistName(string,string)",11786,11815,30,,,,,0,0,0,0
"Method|GetCloudModlistSlotsAsync(FirebaseModlistStore,bool,bool)|L11817",GetCloudModlistSlotsAsync,"GetCloudModlistSlotsAsync(FirebaseModlistStore,bool,bool)",11817,11853,37,BuildCloudSlotDisplay;ExtractModlistMetadata,"Method|BuildCloudSlotDisplay(string,ModlistMetadata,bool)|L12323;Method|ExtractModlistMetadata(string?)|L12348",,,2,2,0,0
"Method|RefreshLocalModlists(bool,IReadOnlyCollection<string>?)|L11855",RefreshLocalModlists,"RefreshLocalModlists(bool,IReadOnlyCollection<string>?)",11855,11918,64,BuildLocalModlistEntries;SetLocalModlistSelection,Method|BuildLocalModlistEntries(out List<string>)|L11920;Method|SetLocalModlistSelection(IReadOnlyList<LocalModlistListEntry>)|L12185,,,2,2,0,0
Method|BuildLocalModlistEntries(out List<string>)|L11920,BuildLocalModlistEntries,BuildLocalModlistEntries(out List<string>),11920,11952,33,EnsureModListDirectory;HasSupportedModlistExtension;TryCreateLocalModlistEntry,"Method|EnsureModListDirectory()|L12502;Method|HasSupportedModlistExtension(string)|L11118;Method|TryCreateLocalModlistEntry(string,out LocalModlistListEntry?,out string?)|L11954",,,3,3,0,0
"Method|TryCreateLocalModlistEntry(string,out LocalModlistListEntry?,out string?)|L11954",TryCreateLocalModlistEntry,"TryCreateLocalModlistEntry(string,out LocalModlistListEntry?,out string?)",11954,12028,75,TryCreateLocalModlistEntryFromJson,"Method|TryCreateLocalModlistEntryFromJson(string,string,out LocalModlistListEntry?,out string?)|L12030",,,1,1,0,0
"Method|TryCreateLocalModlistEntryFromJson(string,string,out LocalModlistListEntry?,out string?)|L12030",TryCreateLocalModlistEntryFromJson,"TryCreateLocalModlistEntryFromJson(string,string,out LocalModlistListEntry?,out string?)",12030,12064,35,ExtractModlistMetadata,Method|ExtractModlistMetadata(string?)|L12348,,,1,1,0,0
Method|RefreshCloudModlistsAsync(bool)|L12066,RefreshCloudModlistsAsync,RefreshCloudModlistsAsync(bool),12066,12096,31,BuildCloudModlistEntries;ExecuteCloudOperationAsync;SetCloudModlistSelection;UpdateCloudModlistControlsEnabledState,"Method|BuildCloudModlistEntries(IEnumerable<CloudModlistRegistryEntry>)|L12098;Method|ExecuteCloudOperationAsync(Func<FirebaseModlistStore, Task>,string)|L11456;Method|SetCloudModlistSelection(CloudModlistListEntry?)|L12213;Method|UpdateCloudModlistControlsEnabledState()|L12225",,,4,4,0,0
Method|BuildCloudModlistEntries(IEnumerable<CloudModlistRegistryEntry>)|L12098,BuildCloudModlistEntries,BuildCloudModlistEntries(IEnumerable<CloudModlistRegistryEntry>),12098,12140,43,ExtractModlistMetadata;FormatCloudSlotLabel,Method|ExtractModlistMetadata(string?)|L12348;Method|FormatCloudSlotLabel(string)|L12333,,,2,2,0,0
Method|EnsureCloudModlistContentAsync(CloudModlistListEntry)|L12142,EnsureCloudModlistContentAsync,EnsureCloudModlistContentAsync(CloudModlistListEntry),12142,12183,42,ExecuteCloudOperationAsync;ExtractModlistMetadata;FormatCloudSlotLabel;SetCloudModlistSelection,"Method|ExecuteCloudOperationAsync(Func<FirebaseModlistStore, Task>,string)|L11456;Method|ExtractModlistMetadata(string?)|L12348;Method|FormatCloudSlotLabel(string)|L12333;Method|SetCloudModlistSelection(CloudModlistListEntry?)|L12213",,,4,4,0,0
Method|SetLocalModlistSelection(IReadOnlyList<LocalModlistListEntry>)|L12185,SetLocalModlistSelection,SetLocalModlistSelection(IReadOnlyList<LocalModlistListEntry>),12185,12211,27,UpdateLocalModlistControlsEnabledState,Method|UpdateLocalModlistControlsEnabledState()|L12243,,,1,1,0,0
Method|SetCloudModlistSelection(CloudModlistListEntry?)|L12213,SetCloudModlistSelection,SetCloudModlistSelection(CloudModlistListEntry?),12213,12223,11,UpdateCloudModlistControlsEnabledState,Method|UpdateCloudModlistControlsEnabledState()|L12225,,,1,1,0,0
Method|UpdateCloudModlistControlsEnabledState()|L12225,UpdateCloudModlistControlsEnabledState,UpdateCloudModlistControlsEnabledState(),12225,12241,17,,,,,0,0,0,0
Method|UpdateLocalModlistControlsEnabledState()|L12243,UpdateLocalModlistControlsEnabledState,UpdateLocalModlistControlsEnabledState(),12243,12256,14,,,,,0,0,0,0
Method|RefreshManagerUpdateLinkAsync()|L12258,RefreshManagerUpdateLinkAsync,RefreshManagerUpdateLinkAsync(),12258,12295,38,GetManagerInformationalVersion,Method|GetManagerInformationalVersion()|L12297,,,1,1,0,0
Method|GetManagerInformationalVersion()|L12297,GetManagerInformationalVersion,GetManagerInformationalVersion(),12297,12321,25,,,,,0,0,0,0
"Method|BuildCloudSlotDisplay(string,ModlistMetadata,bool)|L12323",BuildCloudSlotDisplay,"BuildCloudSlotDisplay(string,ModlistMetadata,bool)",12323,12331,9,FormatCloudSlotLabel,Method|FormatCloudSlotLabel(string)|L12333,,,1,1,0,0
Method|FormatCloudSlotLabel(string)|L12333,FormatCloudSlotLabel,FormatCloudSlotLabel(string),12333,12341,9,,,,,0,0,0,0
Method|ExtractModlistName(string?)|L12343,ExtractModlistName,ExtractModlistName(string?),12343,12346,4,ExtractModlistMetadata,Method|ExtractModlistMetadata(string?)|L12348,,,1,1,0,0
Method|ExtractModlistMetadata(string?)|L12348,ExtractModlistMetadata,ExtractModlistMetadata(string?),12348,12388,41,TryGetTrimmedProperty,"Method|TryGetTrimmedProperty(JsonElement,string)|L12390",,,1,1,0,0
"Method|TryGetTrimmedProperty(JsonElement,string)|L12390",TryGetTrimmedProperty,"TryGetTrimmedProperty(JsonElement,string)",12390,12400,11,,,,,0,0,0,0
Method|EnsurePresetDirectory()|L12402,EnsurePresetDirectory,EnsurePresetDirectory(),12402,12408,7,,,,,0,0,0,0
Method|EnsureBackupDirectory()|L12410,EnsureBackupDirectory,EnsureBackupDirectory(),12410,12417,8,,,,,0,0,0,0
Method|EnsureLocalModBackupRootDirectory()|L12419,EnsureLocalModBackupRootDirectory,EnsureLocalModBackupRootDirectory(),12419,12425,7,EnsureBackupDirectory,Method|EnsureBackupDirectory()|L12410,,,1,1,0,0
Method|CreateLocalModBackupSessionDirectory()|L12427,CreateLocalModBackupSessionDirectory,CreateLocalModBackupSessionDirectory(),12427,12436,10,EnsureLocalModBackupRootDirectory;EnsureUniqueDirectoryPath,Method|EnsureLocalModBackupRootDirectory()|L12419;Method|EnsureUniqueDirectoryPath(string)|L12438,,,2,2,0,0
Method|EnsureUniqueDirectoryPath(string)|L12438,EnsureUniqueDirectoryPath,EnsureUniqueDirectoryPath(string),12438,12451,14,,,,,0,0,0,0
"Method|CopyDirectoryContents(string,string)|L12453",CopyDirectoryContents,"CopyDirectoryContents(string,string)",12453,12473,21,,,,,0,0,0,0
"Method|GetLocalModBackupEntryDirectory(string,ModListItemViewModel)|L12475",GetLocalModBackupEntryDirectory,"GetLocalModBackupEntryDirectory(string,ModListItemViewModel)",12475,12482,8,EnsureUniqueDirectoryPath;SanitizeFileName,"Method|EnsureUniqueDirectoryPath(string)|L12438;Method|SanitizeFileName(string?,string)|L9131",,,2,2,0,0
"Method|BackupLocalModAtPath(string,string)|L12484",BackupLocalModAtPath,"BackupLocalModAtPath(string,string)",12484,12500,17,CopyDirectoryContents;EnsureUniqueFilePath,"Method|CopyDirectoryContents(string,string)|L12453;Method|EnsureUniqueFilePath(string)|L9143",,,2,2,0,0
Method|EnsureModListDirectory()|L12502,EnsureModListDirectory,EnsureModListDirectory(),12502,12508,7,,,,,0,0,0,0
Method|EnsureRebuiltModListDirectory()|L12510,EnsureRebuiltModListDirectory,EnsureRebuiltModListDirectory(),12510,12516,7,EnsureModListDirectory,Method|EnsureModListDirectory()|L12502,,,1,1,0,0
Method|EnsureCloudModListCacheDirectory()|L12518,EnsureCloudModListCacheDirectory,EnsureCloudModListCacheDirectory(),12518,12524,7,,,,,0,0,0,0
"Method|IsPathWithinDirectory(string,string)|L12526",IsPathWithinDirectory,"IsPathWithinDirectory(string,string)",12526,12539,14,,,,,0,0,0,0
"Method|BuildSuggestedFileName(string?,string)|L12541",BuildSuggestedFileName,"BuildSuggestedFileName(string?,string)",12541,12551,11,,,,,0,0,0,0
"Method|GetUniqueFilePath(string,string,string)|L12553",GetUniqueFilePath,"GetUniqueFilePath(string,string,string)",12553,12568,16,,,,,0,0,0,0
"Method|GetSnapshotNameFromFilePath(string,string)|L12570",GetSnapshotNameFromFilePath,"GetSnapshotNameFromFilePath(string,string)",12570,12574,5,,,,,0,0,0,0
"Method|ApplyPresetAsync(ModPreset,bool)|L12576",ApplyPresetAsync,"ApplyPresetAsync(ModPreset,bool)",12576,12616,41,ApplyExclusivePresetAsync;ApplyPresetModVersionsAsync;ImportPresetConfigsAsync;ScheduleRefreshAfterModlistLoadIfReady;UpdateModlistLoadingUiState,Method|ApplyExclusivePresetAsync(ModPreset)|L13110;Method|ApplyPresetModVersionsAsync(ModPreset)|L12806;Method|ImportPresetConfigsAsync(ModPreset)|L12618;Method|ScheduleRefreshAfterModlistLoadIfReady()|L3385;Method|UpdateModlistLoadingUiState()|L7254,,,5,5,0,0
Method|ImportPresetConfigsAsync(ModPreset)|L12618,ImportPresetConfigsAsync,ImportPresetConfigsAsync(ModPreset),12618,12804,187,EnsureUniqueRelativePath;GetSafeConfigFileName;IsPathWithinDirectory;NormalizeRelativeConfigPath;ReportStatus;UpdateSelectedModButtons,"Method|EnsureUniqueRelativePath(string,HashSet<string>)|L10298;Method|GetSafeConfigFileName(string?,string?)|L10336;Method|IsPathWithinDirectory(string,string)|L12526;Method|NormalizeRelativeConfigPath(string?,string)|L10279;Method|ReportStatus(string,bool)|L502;Method|UpdateSelectedModButtons()|L13703",,,6,6,0,0
Method|ApplyPresetModVersionsAsync(ModPreset)|L12806,ApplyPresetModVersionsAsync,ApplyPresetModVersionsAsync(ModPreset),12806,13039,234,BeginModlistInstallUi;CompleteModlistInstallStep;CreateModlistInstallProgressReporter;EndModlistInstallUi;TryInstallPresetModAsync;UpdateModsAsync;VersionsMatch,"Method|BeginModlistInstallUi(int,string)|L8739;Method|CompleteModlistInstallStep(string)|L8761;Method|CreateModlistInstallProgressReporter(string)|L8815;Method|EndModlistInstallUi()|L8771;Method|TryInstallPresetModAsync(ModPresetModState,IProgress<ModUpdateProgress>?)|L13041;Method|UpdateModsAsync(IReadOnlyList<ModListItemViewModel>,bool,IReadOnlyDictionary<ModListItemViewModel, ModReleaseInfo>?,bool,Func<ModListItemViewModel, ModReleaseInfo, IProgress<ModUpdateProgress>?>?,Action<ModListItemViewModel, ModReleaseInfo, ModUpdateResult>?)|L13891;Method|VersionsMatch(string?,string?)|L13239",,,7,7,0,0
"Method|TryInstallPresetModAsync(ModPresetModState,IProgress<ModUpdateProgress>?)|L13041",TryInstallPresetModAsync,"TryInstallPresetModAsync(ModPresetModState,IProgress<ModUpdateProgress>?)",13041,13107,67,CreateModUpdateProgressReporter;TryGetDependencyInstallTargetPath,"Method|CreateModUpdateProgressReporter(string,IProgress<ModUpdateProgress>?)|L8827;Method|TryGetDependencyInstallTargetPath(string,ModReleaseInfo,out string,out string?)|L8950",,,2,2,0,0
Method|ApplyExclusivePresetAsync(ModPreset)|L13110,ApplyExclusivePresetAsync,ApplyExclusivePresetAsync(ModPreset),13110,13237,128,BackupLocalModAtPath;CreateLocalModBackupSessionDirectory;GetLocalModBackupEntryDirectory;RefreshModsAsync;ReportStatus;TryGetManagedModPath,"Method|BackupLocalModAtPath(string,string)|L12484;Method|CreateLocalModBackupSessionDirectory()|L12427;Method|GetLocalModBackupEntryDirectory(string,ModListItemViewModel)|L12475;Method|RefreshModsAsync(bool)|L4175;Method|ReportStatus(string,bool)|L502;Method|TryGetManagedModPath(ModListItemViewModel,out string,out string?)|L8910",,,6,6,0,0
"Method|VersionsMatch(string?,string?)|L13239",VersionsMatch,"VersionsMatch(string?,string?)",13239,13257,19,,,,,0,0,0,0
"Method|LatestVersionTextBlock_OnToolTipOpening(object,ToolTipEventArgs)|L13259",LatestVersionTextBlock_OnToolTipOpening,"LatestVersionTextBlock_OnToolTipOpening(object,ToolTipEventArgs)",13259,13267,9,,,,,0,0,0,0
"Method|LatestVersionTextBlock_OnToolTipClosing(object,ToolTipEventArgs)|L13269",LatestVersionTextBlock_OnToolTipClosing,"LatestVersionTextBlock_OnToolTipClosing(object,ToolTipEventArgs)",13269,13276,8,,,,,0,0,0,0
"Method|ChangelogToolTip_OnPreviewMouseWheel(object,MouseWheelEventArgs)|L13278",ChangelogToolTip_OnPreviewMouseWheel,"ChangelogToolTip_OnPreviewMouseWheel(object,MouseWheelEventArgs)",13278,13293,16,GetCurrentScrollMultiplier,Method|GetCurrentScrollMultiplier()|L13361,,,1,1,0,0
"Method|ModsDataGrid_OnPreviewMouseWheel(object,MouseWheelEventArgs)|L13295",ModsDataGrid_OnPreviewMouseWheel,"ModsDataGrid_OnPreviewMouseWheel(object,MouseWheelEventArgs)",13295,13318,24,GetCurrentScrollMultiplier;GetModsScrollViewer;IsDescendantOfToolTip,Method|GetCurrentScrollMultiplier()|L13361;Method|GetModsScrollViewer()|L13855;Method|IsDescendantOfToolTip(DependencyObject?)|L13320,,,3,3,0,0
Method|IsDescendantOfToolTip(DependencyObject?)|L13320,IsDescendantOfToolTip,IsDescendantOfToolTip(DependencyObject?),13320,13330,11,GetParent,Method|GetParent(DependencyObject)|L13332,,,1,1,0,0
Method|GetParent(DependencyObject)|L13332,GetParent,GetParent(DependencyObject),13332,13346,15,,,,,0,0,0,0
Method|FindAncestor<T>(DependencyObject?)|L13348,FindAncestor,FindAncestor<T>(DependencyObject?),13348,13359,12,GetParent,Method|GetParent(DependencyObject)|L13332,,,1,1,0,0
Method|GetCurrentScrollMultiplier()|L13361,GetCurrentScrollMultiplier,GetCurrentScrollMultiplier(),13361,13364,4,,,,,0,0,0,0
"Method|ShouldPreserveModsViewState(ICollectionView?,ICollectionView?)|L13366",ShouldPreserveModsViewState,"ShouldPreserveModsViewState(ICollectionView?,ICollectionView?)",13366,13379,14,,,,,0,0,0,0
"Method|AttachToModsView(ICollectionView?,bool)|L13381",AttachToModsView,"AttachToModsView(ICollectionView?,bool)",13381,13412,32,ClearSelection,Method|ClearSelection(bool)|L13537,,,1,1,0,0
"Method|ModsView_OnCollectionChanged(object?,NotifyCollectionChangedEventArgs)|L13414",ModsView_OnCollectionChanged,"ModsView_OnCollectionChanged(object?,NotifyCollectionChangedEventArgs)",13414,13422,9,ClearSelection,Method|ClearSelection(bool)|L13537,,,1,1,0,0
Method|HandleModRowSelection(ModListItemViewModel)|L13428,HandleModRowSelection,HandleModRowSelection(ModListItemViewModel),13428,13471,44,AddToSelection;ApplyRangeSelection;ClearSelection;RemoveFromSelection,"Method|AddToSelection(ModListItemViewModel)|L13518;Method|ApplyRangeSelection(ModListItemViewModel,ModListItemViewModel,bool)|L13487;Method|ClearSelection(bool)|L13537;Method|RemoveFromSelection(ModListItemViewModel)|L13528",,,4,4,0,0
Method|SelectAllModsInCurrentView()|L13473,SelectAllModsInCurrentView,SelectAllModsInCurrentView(),13473,13485,13,AddToSelection;ClearSelection;GetModsInViewOrder,Method|AddToSelection(ModListItemViewModel)|L13518;Method|ClearSelection(bool)|L13537;Method|GetModsInViewOrder()|L13510,,,3,3,0,0
"Method|ApplyRangeSelection(ModListItemViewModel,ModListItemViewModel,bool)|L13487",ApplyRangeSelection,"ApplyRangeSelection(ModListItemViewModel,ModListItemViewModel,bool)",13487,13508,22,AddToSelection;ClearSelection;GetModsInViewOrder,Method|AddToSelection(ModListItemViewModel)|L13518;Method|ClearSelection(bool)|L13537;Method|GetModsInViewOrder()|L13510,,,3,3,0,0
Method|GetModsInViewOrder()|L13510,GetModsInViewOrder,GetModsInViewOrder(),13510,13516,7,,,,,0,0,0,0
Method|AddToSelection(ModListItemViewModel)|L13518,AddToSelection,AddToSelection(ModListItemViewModel),13518,13526,9,SubscribeToSelectedMod;UpdateSelectedModButtons,Method|SubscribeToSelectedMod(ModListItemViewModel)|L13647;Method|UpdateSelectedModButtons()|L13703,,,2,2,0,0
Method|RemoveFromSelection(ModListItemViewModel)|L13528,RemoveFromSelection,RemoveFromSelection(ModListItemViewModel),13528,13535,8,UnsubscribeFromSelectedMod;UpdateSelectedModButtons,Method|UnsubscribeFromSelectedMod(ModListItemViewModel)|L13681;Method|UpdateSelectedModButtons()|L13703,,,2,2,0,0
Method|ClearSelection(bool)|L13537,ClearSelection,ClearSelection(bool),13537,13553,17,UnsubscribeFromSelectedMod;UpdateSelectedModButtons,Method|UnsubscribeFromSelectedMod(ModListItemViewModel)|L13681;Method|UpdateSelectedModButtons()|L13703,,,2,2,0,0
Method|ClearModDatabaseSelections()|L13555,ClearModDatabaseSelections,ClearModDatabaseSelections(),13555,13578,24,UnsubscribeFromSelectedMod;UpdateSelectedModButtons,Method|UnsubscribeFromSelectedMod(ModListItemViewModel)|L13681;Method|UpdateSelectedModButtons()|L13703,,,2,2,0,0
"Method|RestoreSelectionFromSourcePaths(IReadOnlyList<string>,string?)|L13580",RestoreSelectionFromSourcePaths,"RestoreSelectionFromSourcePaths(IReadOnlyList<string>,string?)",13580,13625,46,SubscribeToSelectedMod;UnsubscribeFromSelectedMod;UpdateSelectedModButtons;UpdateSelectionAnchorAfterRestore,"Method|SubscribeToSelectedMod(ModListItemViewModel)|L13647;Method|UnsubscribeFromSelectedMod(ModListItemViewModel)|L13681;Method|UpdateSelectedModButtons()|L13703;Method|UpdateSelectionAnchorAfterRestore(IReadOnlyList<ModListItemViewModel>,string?)|L13627",,,4,4,0,0
"Method|UpdateSelectionAnchorAfterRestore(IReadOnlyList<ModListItemViewModel>,string?)|L13627",UpdateSelectionAnchorAfterRestore,"UpdateSelectionAnchorAfterRestore(IReadOnlyList<ModListItemViewModel>,string?)",13627,13645,19,,,,,0,0,0,0
Method|SubscribeToSelectedMod(ModListItemViewModel)|L13647,SubscribeToSelectedMod,SubscribeToSelectedMod(ModListItemViewModel),13647,13679,33,RefreshSelectedModCopyForServerButton;RefreshSelectedModFixButton,Method|RefreshSelectedModCopyForServerButton(ModListItemViewModel)|L13696;Method|RefreshSelectedModFixButton(ModListItemViewModel)|L13690,,,2,2,0,0
Method|UnsubscribeFromSelectedMod(ModListItemViewModel)|L13681,UnsubscribeFromSelectedMod,UnsubscribeFromSelectedMod(ModListItemViewModel),13681,13688,8,,,,,0,0,0,0
Method|RefreshSelectedModFixButton(ModListItemViewModel)|L13690,RefreshSelectedModFixButton,RefreshSelectedModFixButton(ModListItemViewModel),13690,13694,5,UpdateSelectedModFixButton,Method|UpdateSelectedModFixButton(ModListItemViewModel?)|L13753,,,1,1,0,0
Method|RefreshSelectedModCopyForServerButton(ModListItemViewModel)|L13696,RefreshSelectedModCopyForServerButton,RefreshSelectedModCopyForServerButton(ModListItemViewModel),13696,13701,6,UpdateSelectedModCopyForServerButton,Method|UpdateSelectedModCopyForServerButton(ModListItemViewModel?)|L13770,,,1,1,0,0
Method|UpdateSelectedModButtons()|L13703,UpdateSelectedModButtons,UpdateSelectedModButtons(),13703,13736,34,UpdateSelectedModButton;UpdateSelectedModCopyForServerButton;UpdateSelectedModEditConfigButton;UpdateSelectedModFixButton,"Method|UpdateSelectedModButton(WpfButton?,ModListItemViewModel?,bool,bool)|L13796;Method|UpdateSelectedModCopyForServerButton(ModListItemViewModel?)|L13770;Method|UpdateSelectedModEditConfigButton(ModListItemViewModel?)|L13816;Method|UpdateSelectedModFixButton(ModListItemViewModel?)|L13753",,,4,4,0,0
Method|UpdateServerOptionsState(bool)|L13738,UpdateServerOptionsState,UpdateServerOptionsState(bool),13738,13751,14,UpdateSelectedModCopyForServerButton,Method|UpdateSelectedModCopyForServerButton(ModListItemViewModel?)|L13770,,,1,1,0,0
Method|UpdateSelectedModFixButton(ModListItemViewModel?)|L13753,UpdateSelectedModFixButton,UpdateSelectedModFixButton(ModListItemViewModel?),13753,13768,16,,,,,0,0,0,0
Method|UpdateSelectedModCopyForServerButton(ModListItemViewModel?)|L13770,UpdateSelectedModCopyForServerButton,UpdateSelectedModCopyForServerButton(ModListItemViewModel?),13770,13794,25,,,,,0,0,0,0
"Method|UpdateSelectedModButton(WpfButton?,ModListItemViewModel?,bool,bool)|L13796",UpdateSelectedModButton,"UpdateSelectedModButton(WpfButton?,ModListItemViewModel?,bool,bool)",13796,13814,19,,,,,0,0,0,0
Method|UpdateSelectedModEditConfigButton(ModListItemViewModel?)|L13816,UpdateSelectedModEditConfigButton,UpdateSelectedModEditConfigButton(ModListItemViewModel?),13816,13837,22,UpdateSelectedModButton,"Method|UpdateSelectedModButton(WpfButton?,ModListItemViewModel?,bool,bool)|L13796",,,1,1,0,0
Method|ShouldIgnoreRowSelection(DependencyObject?)|L13839,ShouldIgnoreRowSelection,ShouldIgnoreRowSelection(DependencyObject?),13839,13853,15,,,,,0,0,0,0
Method|GetModsScrollViewer()|L13855,GetModsScrollViewer,GetModsScrollViewer(),13855,13867,13,FindDescendantScrollViewer,Method|FindDescendantScrollViewer(DependencyObject?)|L13875,,,1,1,0,0
Method|ClearScrollViewerCache()|L13869,ClearScrollViewerCache,ClearScrollViewerCache(),13869,13873,5,,,,,0,0,0,0
Method|FindDescendantScrollViewer(DependencyObject?)|L13875,FindDescendantScrollViewer,FindDescendantScrollViewer(DependencyObject?),13875,13889,15,FindDescendantScrollViewer,Method|FindDescendantScrollViewer(DependencyObject?)|L13875,,,1,1,0,0
"Method|UpdateModsAsync(IReadOnlyList<ModListItemViewModel>,bool,IReadOnlyDictionary<ModListItemViewModel, ModReleaseInfo>?,bool,Func<ModListItemViewModel, ModReleaseInfo, IProgress<ModUpdateProgress>?>?,Action<ModListItemViewModel, ModReleaseInfo, ModUpdateResult>?)|L13891",UpdateModsAsync,"UpdateModsAsync(IReadOnlyList<ModListItemViewModel>,bool,IReadOnlyDictionary<ModListItemViewModel, ModReleaseInfo>?,bool,Func<ModListItemViewModel, ModReleaseInfo, IProgress<ModUpdateProgress>?>?,Action<ModListItemViewModel, ModReleaseInfo, ModUpdateResult>?)",13891,14090,200,BeginModlistInstallUi;BuildChangelogSummary;CompleteModlistInstallStep;CreateModUpdateProgressReporter;CreateModlistInstallProgressReporter;EndModlistInstallUi;RefreshDeleteCachedModsMenuHeaderAsync;RefreshModsAsync;SelectReleaseForMod;ShowBulkUpdateChangelogDialog;ShowUpdateSummary;TryGetManagedModPath;TryGetUpdateTargetPath;UpdateSelectedModButtons,"Method|BeginModlistInstallUi(int,string)|L8739;Method|BuildChangelogSummary(IReadOnlyList<ModListItemViewModel.ReleaseChangelog>)|L14147;Method|CompleteModlistInstallStep(string)|L8761;Method|CreateModUpdateProgressReporter(string,IProgress<ModUpdateProgress>?)|L8827;Method|CreateModlistInstallProgressReporter(string)|L8815;Method|EndModlistInstallUi()|L8771;Method|RefreshDeleteCachedModsMenuHeaderAsync()|L7274;Method|RefreshModsAsync(bool)|L4175;Method|SelectReleaseForMod(ModListItemViewModel,bool,ref ModUpdateReleasePreference?,List<ModUpdateOperationResult>,ref bool)|L14092;Method|ShowBulkUpdateChangelogDialog(IReadOnlyList<ModUpdateOperationResult>)|L14114;Method|ShowUpdateSummary(IReadOnlyList<ModUpdateOperationResult>,bool,bool)|L14165;Method|TryGetManagedModPath(ModListItemViewModel,out string,out string?)|L8910;Method|TryGetUpdateTargetPath(ModListItemViewModel,ModReleaseInfo,string,out string,out string?)|L9032;Method|UpdateSelectedModButtons()|L13703",,,14,14,0,0
"Method|SelectReleaseForMod(ModListItemViewModel,bool,ref ModUpdateReleasePreference?,List<ModUpdateOperationResult>,ref bool)|L14092",SelectReleaseForMod,"SelectReleaseForMod(ModListItemViewModel,bool,ref ModUpdateReleasePreference?,List<ModUpdateOperationResult>,ref bool)",14092,14112,21,,,,,0,0,0,0
Method|ShowBulkUpdateChangelogDialog(IReadOnlyList<ModUpdateOperationResult>)|L14114,ShowBulkUpdateChangelogDialog,ShowBulkUpdateChangelogDialog(IReadOnlyList<ModUpdateOperationResult>),14114,14145,32,,,,,0,0,0,0
Method|BuildChangelogSummary(IReadOnlyList<ModListItemViewModel.ReleaseChangelog>)|L14147,BuildChangelogSummary,BuildChangelogSummary(IReadOnlyList<ModListItemViewModel.ReleaseChangelog>),14147,14163,17,,,,,0,0,0,0
"Method|ShowUpdateSummary(IReadOnlyList<ModUpdateOperationResult>,bool,bool)|L14165",ShowUpdateSummary,"ShowUpdateSummary(IReadOnlyList<ModUpdateOperationResult>,bool,bool)",14165,14209,45,,,,,0,0,0,0
"Method|ActiveToggle_OnPreviewMouseLeftButtonDown(object,MouseButtonEventArgs)|L14211",ActiveToggle_OnPreviewMouseLeftButtonDown,"ActiveToggle_OnPreviewMouseLeftButtonDown(object,MouseButtonEventArgs)",14211,14221,11,,,,,0,0,0,0
"Method|ActiveToggle_OnPreviewMouseLeftButtonUp(object,MouseButtonEventArgs)|L14223",ActiveToggle_OnPreviewMouseLeftButtonUp,"ActiveToggle_OnPreviewMouseLeftButtonUp(object,MouseButtonEventArgs)",14223,14226,4,,,,,0,0,0,0
"Method|ActiveToggle_OnPreviewMouseMove(object,MouseEventArgs)|L14228",ActiveToggle_OnPreviewMouseMove,"ActiveToggle_OnPreviewMouseMove(object,MouseEventArgs)",14228,14233,6,,,,,0,0,0,0
"Method|ActiveToggle_OnToggled(object,RoutedEventArgs)|L14235",ActiveToggle_OnToggled,"ActiveToggle_OnToggled(object,RoutedEventArgs)",14235,14262,28,,,,,0,0,0,0
Method|OnActivated(EventArgs)|L14264,OnActivated,OnActivated(EventArgs),14264,14271,8,OnActivated,Method|OnActivated(EventArgs)|L14264,,,1,1,0,0
Method|OnDeactivated(EventArgs)|L14273,OnDeactivated,OnDeactivated(EventArgs),14273,14277,5,OnDeactivated,Method|OnDeactivated(EventArgs)|L14273,,,1,1,0,0
Method|OnClosed(EventArgs)|L14279,OnClosed,OnClosed(EventArgs),14279,14288,10,OnClosed;StopModsWatcher;UnsubscribeModBrowserFromDirectoryWatcher,Method|OnClosed(EventArgs)|L14279;Method|StopModsWatcher()|L4138;Method|UnsubscribeModBrowserFromDirectoryWatcher()|L2667,,,3,3,0,0
